timestamp,well_id,md_m,tvd_m,formation,activity_phase,rop_m_hr,wob_klbf,rpm,torque_kNm,spp_kPa,hookload_kN,flow_in_lpm,flow_out_pct,mud_weight_sg,pit_volume_bbl,ecd_sg,gamma_api,total_gas_pct,event_code
2023-01-10 06:00:00,OIL-SYN-001,1000.0,965.0,Barail,ROTARY_DRILLING,15.63,15.4,97.7,13.54,13922.5,234.0,2723.3,98.9,1.235,126.17,1.269,52.8,1.4,
2023-01-10 06:30:00,OIL-SYN-001,1017.0,981.4,Barail,ROTARY_DRILLING,19.32,22.8,99.3,12.07,13655.6,227.6,2785.3,98.4,1.203,127.28,1.246,46.3,2.45,
2023-01-10 07:00:00,OIL-SYN-001,1034.0,997.8,Barail,ROTARY_DRILLING,20.62,21.16,92.6,12.65,14093.2,226.2,2967.0,99.1,1.23,129.5,1.249,38.8,1.17,
2023-01-10 07:30:00,OIL-SYN-001,1050.9,1014.2,Barail,ROTARY_DRILLING,18.07,20.44,90.5,12.57,14210.6,223.6,2842.8,99.2,1.233,127.28,1.268,37.8,1.88,
2023-01-10 08:00:00,OIL-SYN-001,1067.9,1030.5,Barail,ROTARY_DRILLING,15.39,17.63,89.1,11.99,14197.6,230.1,2902.1,99.3,1.238,128.16,1.266,48.1,2.44,
2023-01-10 08:30:00,OIL-SYN-001,1084.9,1046.9,Barail,ROTARY_DRILLING,19.1,18.44,87.9,14.91,13693.1,236.2,2878.4,100,1.244,128.65,1.256,46.2,2.17,
2023-01-10 09:00:00,OIL-SYN-001,1101.9,1063.3,Barail,ROTARY_DRILLING,16.28,19.68,92.6,11.3,13900.8,237.2,2755.7,97.6,1.224,127.24,1.255,49.1,0.95,
2023-01-10 09:30:00,OIL-SYN-001,1118.9,1079.7,Barail,ROTARY_DRILLING,11.06,19.32,92.5,12.0,13606.6,232.3,2893.8,98.7,1.264,128.34,1.307,46.3,0.54,
2023-01-10 10:00:00,OIL-SYN-001,1135.8,1096.1,Barail,ROTARY_DRILLING,20.45,22.14,82.8,13.58,14209.6,227.6,2712.3,98.9,1.252,127.7,1.297,49.7,1.58,
2023-01-10 10:30:00,OIL-SYN-001,1152.8,1112.5,Barail,ROTARY_DRILLING,17.08,17.37,99.6,14.71,14296.1,238.8,2798.0,99.8,1.218,127.42,1.237,42.5,2.9,
2023-01-10 11:00:00,OIL-SYN-001,1169.8,1128.9,Barail,ROTARY_DRILLING,17.46,21.66,95.4,14.68,14289.7,241.9,2897.6,98.6,1.257,129.51,1.278,44.6,2.08,
2023-01-10 11:30:00,OIL-SYN-001,1186.8,1145.3,Barail,ROTARY_DRILLING,17.1,23.69,87.8,14.84,13815.4,228.3,3016.2,98.4,1.261,128.73,1.289,37.5,1.27,
2023-01-10 12:00:00,OIL-SYN-001,1203.8,1161.6,Barail,ROTARY_DRILLING,22.67,22.55,90.6,13.74,14109.0,224.1,2923.2,100.0,1.241,126.53,1.256,42.5,1.18,
2023-01-10 12:30:00,OIL-SYN-001,1220.8,1178.0,Barail,ROTARY_DRILLING,20.96,20.61,96.1,14.91,14991.8,234.8,2897.5,98.5,1.238,128.42,1.283,47.7,1.57,
2023-01-10 13:00:00,OIL-SYN-001,1237.7,1194.4,Barail,ROTARY_DRILLING,16.25,22.08,109.4,12.08,15078.8,221.6,2949.8,98.7,1.26,127.36,1.286,53.2,1.48,
2023-01-10 13:30:00,OIL-SYN-001,1254.7,1210.8,Barail,ROTARY_DRILLING,15.69,23.24,85.2,15.02,13937.1,241.7,2895.8,99.1,1.275,128.66,1.305,46.9,2.06,
2023-01-10 14:00:00,OIL-SYN-001,1271.7,1227.2,Barail,ROTARY_DRILLING,14.21,23.64,79.5,14.71,14328.5,222.0,2947.1,98.1,1.231,128.35,1.257,43.8,0.42,
2023-01-10 14:30:00,OIL-SYN-001,1288.7,1243.6,Barail,ROTARY_DRILLING,15.95,20.38,88.6,13.63,13799.1,235.0,2877.3,98.5,1.288,128.03,1.307,39.2,2.15,
2023-01-10 15:00:00,OIL-SYN-001,1305.7,1260.0,Barail,ROTARY_DRILLING,12.77,26.06,83.7,15.28,14682.9,236.1,2748.2,98.1,1.258,127.59,1.281,48.0,0.95,
2023-01-10 15:30:00,OIL-SYN-001,1322.6,1276.3,Barail,ROTARY_DRILLING,14.87,25.25,74.6,14.86,14348.8,231.6,2911.2,97.6,1.26,127.94,1.273,37.0,1.63,
2023-01-10 16:00:00,OIL-SYN-001,1339.6,1292.7,Barail,ROTARY_DRILLING,14.04,21.72,99.2,12.77,14510.2,244.7,3030.2,98.0,1.296,129.64,1.32,49.6,1.4,
2023-01-10 16:30:00,OIL-SYN-001,1356.6,1309.1,Barail,ROTARY_DRILLING,16.65,21.12,84.6,14.48,13976.1,238.3,2997.0,100,1.266,127.71,1.291,49.2,2.54,
2023-01-10 17:00:00,OIL-SYN-001,1373.6,1325.5,Barail,ROTARY_DRILLING,13.98,23.26,90.2,13.08,14941.7,231.6,2818.6,99.6,1.26,128.02,1.281,43.8,1.74,
2023-01-10 17:30:00,OIL-SYN-001,1390.6,1341.9,Barail,ROTARY_DRILLING,14.08,23.71,93.7,14.33,14466.0,256.1,2983.6,97.6,1.285,128.87,1.316,52.3,2.76,
2023-01-10 18:00:00,OIL-SYN-001,1407.5,1358.3,Tipam,ROTARY_DRILLING,17.24,21.32,91.5,14.64,14353.9,236.3,2928.2,98.6,1.282,126.74,1.3,42.8,2.43,
2023-01-10 18:30:00,OIL-SYN-001,1424.5,1374.7,Tipam,ROTARY_DRILLING,18.46,22.07,84.2,15.09,15039.5,225.6,2987.1,97.9,1.26,127.1,1.288,40.8,0.57,
2023-01-10 19:00:00,OIL-SYN-001,1441.5,1391.1,Tipam,ROTARY_DRILLING,13.73,24.75,92.6,15.36,14721.6,249.5,3025.0,98.9,1.256,128.43,1.297,46.5,0.41,
2023-01-10 19:30:00,OIL-SYN-001,1458.5,1407.4,Tipam,ROTARY_DRILLING,17.96,25.51,84.5,15.64,14747.5,237.8,3038.4,98.5,1.296,128.56,1.333,42.1,1.72,
2023-01-10 20:00:00,OIL-SYN-001,1475.5,1423.8,Tipam,ROTARY_DRILLING,19.62,25.38,93.8,16.34,14446.6,244.8,3025.6,100,1.295,128.47,1.314,46.1,2.08,
2023-01-10 20:30:00,OIL-SYN-001,1492.5,1440.2,Tipam,ROTARY_DRILLING,18.83,23.74,90.8,15.24,15061.0,253.2,2985.7,99.8,1.264,128.47,1.303,50.0,2.08,
2023-01-10 21:00:00,OIL-SYN-001,1509.4,1456.6,Tipam,ROTARY_DRILLING,15.7,21.95,99.6,14.84,14345.2,219.3,2871.8,99.2,1.281,127.34,1.322,46.7,2.42,
2023-01-10 21:30:00,OIL-SYN-001,1526.4,1473.0,Tipam,ROTARY_DRILLING,14.99,19.15,87.9,13.91,14649.2,249.4,2827.5,98.4,1.274,128.69,1.304,46.6,3.93,
2023-01-10 22:00:00,OIL-SYN-001,1543.4,1489.4,Tipam,ROTARY_DRILLING,18.0,21.91,80.5,17.71,14858.6,261.8,3109.2,99.8,1.301,127.97,1.329,45.2,1.45,
2023-01-10 22:30:00,OIL-SYN-001,1560.4,1505.8,Tipam,ROTARY_DRILLING,11.69,18.95,77.2,15.06,14798.0,243.4,3002.2,99.7,1.295,128.69,1.338,46.0,2.71,
2023-01-10 23:00:00,OIL-SYN-001,1577.4,1522.2,Tipam,ROTARY_DRILLING,16.17,21.84,85.1,14.99,15239.3,238.8,2961.9,81.7,1.285,121.94,1.328,53.9,0.54,MUD_LOSS
2023-01-10 23:30:00,OIL-SYN-001,1594.3,1538.5,Tipam,ROTARY_DRILLING,18.69,27.08,76.2,13.79,15719.2,227.4,3045.8,91.3,1.318,124.73,1.349,34.7,0.77,MUD_LOSS
2023-01-11 00:00:00,OIL-SYN-001,1611.3,1554.9,Tipam,ROTARY_DRILLING,18.55,27.98,78.8,13.5,14856.9,241.5,3045.0,81.5,1.305,123.3,1.345,36.7,2.17,MUD_LOSS
2023-01-11 00:30:00,OIL-SYN-001,1628.3,1571.3,Tipam,ROTARY_DRILLING,18.23,25.31,82.9,12.63,15916.7,254.0,3032.7,76.1,1.311,119.24,1.326,43.8,2.3,MUD_LOSS
2023-01-11 01:00:00,OIL-SYN-001,1645.3,1587.7,Tipam,ROTARY_DRILLING,16.85,24.4,85.1,15.17,15717.2,249.4,2988.5,80.1,1.313,123.47,1.358,36.5,2.43,MUD_LOSS
2023-01-11 01:30:00,OIL-SYN-001,1662.3,1604.1,Tipam,ROTARY_DRILLING,14.44,22.53,86.3,17.18,14757.4,240.6,2951.2,88.4,1.293,124.06,1.337,46.4,1.66,MUD_LOSS
2023-01-11 02:00:00,OIL-SYN-001,1679.2,1620.5,Tipam,ROTARY_DRILLING,13.09,18.97,85.3,14.31,15703.1,241.7,3030.7,80.1,1.298,124.93,1.325,39.8,1.5,MUD_LOSS
2023-01-11 02:30:00,OIL-SYN-001,1696.2,1636.9,Tipam,ROTARY_DRILLING,18.86,26.85,73.4,14.8,15514.6,245.4,3076.3,90.7,1.327,118.62,1.338,57.7,0,MUD_LOSS
2023-01-11 03:00:00,OIL-SYN-001,1713.2,1653.2,Tipam,ROTARY_DRILLING,11.46,20.62,82.4,15.4,15158.7,253.6,2927.3,99.2,1.3,129.36,1.337,47.1,3.01,
2023-01-11 03:30:00,OIL-SYN-001,1730.2,1669.6,Tipam,ROTARY_DRILLING,14.82,22.0,77.3,14.86,15352.9,255.2,3100.6,98.9,1.325,128.2,1.368,42.9,0.4,
2023-01-11 04:00:00,OIL-SYN-001,1747.2,1686.0,Tipam,ROTARY_DRILLING,14.23,21.01,78.4,16.85,14605.3,249.8,3065.1,99.2,1.305,128.07,1.339,40.0,1.78,
2023-01-11 04:30:00,OIL-SYN-001,1764.2,1702.4,Tipam,ROTARY_DRILLING,17.88,23.61,86.0,14.89,15419.4,266.1,3016.0,100,1.325,129.62,1.348,50.7,2.61,
2023-01-11 05:00:00,OIL-SYN-001,1781.1,1718.8,Tipam,ROTARY_DRILLING,22.12,20.73,74.7,14.44,16083.6,255.0,3002.7,99.1,1.308,127.57,1.349,50.9,1.01,
2023-01-11 05:30:00,OIL-SYN-001,1798.1,1735.2,Tipam,ROTARY_DRILLING,16.15,23.64,95.8,16.76,15183.2,255.1,2988.8,100,1.316,128.68,1.349,44.8,1.43,
2023-01-11 06:00:00,OIL-SYN-001,1815.1,1751.6,Tipam,ROTARY_DRILLING,18.18,21.31,88.4,14.74,15450.5,252.8,3073.2,98.7,1.304,129.09,1.333,49.6,2.38,
2023-01-11 06:30:00,OIL-SYN-001,1832.1,1768.0,Tipam,ROTARY_DRILLING,12.19,19.82,76.0,18.1,15214.1,248.0,3083.0,100,1.354,127.95,1.384,45.8,1.4,
2023-01-11 07:00:00,OIL-SYN-001,1849.1,1784.3,Tipam,ROTARY_DRILLING,19.27,19.44,83.0,14.62,14929.5,248.6,3143.5,99.1,1.337,129.62,1.377,39.8,0,
2023-01-11 07:30:00,OIL-SYN-001,1866.0,1800.7,Tipam,ROTARY_DRILLING,20.2,24.42,82.6,15.73,15357.4,249.4,3134.2,98.8,1.337,127.4,1.349,35.7,0.7,
2023-01-11 08:00:00,OIL-SYN-001,1883.0,1817.1,Tipam,ROTARY_DRILLING,16.43,19.94,70.3,17.72,15512.1,258.5,3125.6,99.1,1.319,128.79,1.338,41.2,2.82,
2023-01-11 08:30:00,OIL-SYN-001,1900.0,1833.5,Tipam,ROTARY_DRILLING,16.17,18.98,68.6,15.52,15205.5,262.0,3026.3,99.0,1.341,126.47,1.373,38.8,1.26,
2023-01-11 09:00:00,OIL-SYN-001,1917.0,1849.9,Tipam,ROTARY_DRILLING,14.78,22.61,91.5,19.59,15195.3,247.3,2900.7,99.4,1.329,126.7,1.371,49.8,2.56,
2023-01-11 09:30:00,OIL-SYN-001,1934.0,1866.3,Tipam,ROTARY_DRILLING,8.7,21.21,84.2,16.16,14837.9,258.9,3009.3,99.8,1.357,128.75,1.378,46.7,1.35,
2023-01-11 10:00:00,OIL-SYN-001,1950.9,1882.7,Tipam,ROTARY_DRILLING,16.54,23.93,86.0,18.17,15550.0,262.0,3048.9,98.3,1.35,127.01,1.388,55.6,2.06,
2023-01-11 10:30:00,OIL-SYN-001,1967.9,1899.0,Tipam,ROTARY_DRILLING,11.96,21.97,64.7,15.68,15869.8,262.6,3105.6,98.0,1.337,129.62,1.375,43.1,1.82,
2023-01-11 11:00:00,OIL-SYN-001,1984.9,1915.4,Tipam,ROTARY_DRILLING,15.02,16.66,92.9,17.82,15516.9,255.6,3001.4,98.9,1.361,130.05,1.371,48.1,0.86,
2023-01-11 11:30:00,OIL-SYN-001,2001.9,1931.8,Tipam,ROTARY_DRILLING,3.67,22.01,73.2,41.4,15588.8,318.5,3006.4,97.3,1.38,128.17,1.413,46.1,2.14,STUCK_PIPE
2023-01-11 12:00:00,OIL-SYN-001,2018.9,1948.2,Tipam,ROTARY_DRILLING,3.35,25.99,81.5,35.36,16529.4,297.3,2985.0,97.9,1.335,129.31,1.378,40.4,2.31,STUCK_PIPE
2023-01-11 12:30:00,OIL-SYN-001,2035.8,1964.6,Tipam,ROTARY_DRILLING,3.17,24.3,70.9,37.23,16143.1,299.6,3130.9,99.5,1.334,127.16,1.361,39.2,0.55,STUCK_PIPE
2023-01-11 13:00:00,OIL-SYN-001,2052.8,1981.0,Girujan,ROTARY_DRILLING,3.78,17.07,86.7,40.39,16597.2,296.6,3165.2,100,1.384,126.17,1.396,62.8,2.51,STUCK_PIPE
2023-01-11 13:30:00,OIL-SYN-001,2069.8,1997.4,Girujan,ROTARY_DRILLING,4.1,24.63,73.0,33.64,16192.5,292.9,2962.4,100,1.34,127.96,1.357,77.2,1.84,STUCK_PIPE
2023-01-11 14:00:00,OIL-SYN-001,2086.8,2013.8,Girujan,ROTARY_DRILLING,2.83,24.37,75.4,36.37,15395.4,312.5,3217.9,97.2,1.36,127.24,1.405,67.1,2.18,STUCK_PIPE
2023-01-11 14:30:00,OIL-SYN-001,2103.8,2030.1,Girujan,ROTARY_DRILLING,4.46,23.01,83.4,33.46,15718.8,295.7,3122.2,98.8,1.346,127.95,1.385,74.0,1.51,STUCK_PIPE
2023-01-11 15:00:00,OIL-SYN-001,2120.8,2046.5,Girujan,ROTARY_DRILLING,2.85,26.07,71.7,30.81,15796.5,303.3,3151.3,98.9,1.353,126.94,1.394,65.4,2.38,STUCK_PIPE
2023-01-11 15:30:00,OIL-SYN-001,2137.7,2062.9,Girujan,ROTARY_DRILLING,2.52,22.28,72.5,37.76,15860.2,297.4,3077.5,99.2,1.372,127.25,1.399,67.9,1.18,STUCK_PIPE
2023-01-11 16:00:00,OIL-SYN-001,2154.7,2079.3,Girujan,ROTARY_DRILLING,10.85,23.21,78.7,18.14,16423.5,257.5,3216.4,98.0,1.349,127.89,1.383,71.8,0.93,
2023-01-11 16:30:00,OIL-SYN-001,2171.7,2095.7,Girujan,ROTARY_DRILLING,16.74,23.06,86.5,17.47,16155.4,262.1,3083.5,99.3,1.362,127.09,1.384,78.3,1.38,
2023-01-11 17:00:00,OIL-SYN-001,2188.7,2112.1,Girujan,ROTARY_DRILLING,16.26,23.24,84.6,16.15,16294.4,265.7,3328.1,99.6,1.361,128.51,1.377,74.4,1.66,
2023-01-11 17:30:00,OIL-SYN-001,2205.7,2128.5,Girujan,ROTARY_DRILLING,12.26,23.74,66.1,16.47,15548.5,267.7,3138.3,97.9,1.353,127.17,1.369,65.6,3.16,
2023-01-11 18:00:00,OIL-SYN-001,2222.6,2144.8,Girujan,ROTARY_DRILLING,16.52,21.84,94.7,18.65,15922.3,267.8,3150.6,98.9,1.382,129.23,1.4,73.4,2.62,
2023-01-11 18:30:00,OIL-SYN-001,2239.6,2161.2,Girujan,ROTARY_DRILLING,18.17,25.97,70.7,17.11,15933.9,267.5,3161.7,99.2,1.367,129.6,1.403,76.5,2.2,
2023-01-11 19:00:00,OIL-SYN-001,2256.6,2177.6,Girujan,ROTARY_DRILLING,11.41,25.96,72.7,15.29,15925.1,275.3,3096.5,99.8,1.348,128.69,1.36,76.4,1.31,
2023-01-11 19:30:00,OIL-SYN-001,2273.6,2194.0,Girujan,ROTARY_DRILLING,11.33,23.34,74.3,17.79,16594.3,262.8,3074.0,97.7,1.346,127.75,1.378,76.0,2.3,
2023-01-11 20:00:00,OIL-SYN-001,2290.6,2210.4,Girujan,ROTARY_DRILLING,15.42,22.7,83.1,17.49,15754.2,275.8,3145.5,98.5,1.375,129.04,1.403,60.9,1.96,
2023-01-11 20:30:00,OIL-SYN-001,2307.5,2226.8,Girujan,ROTARY_DRILLING,16.88,24.83,62.8,18.21,15389.8,256.7,3180.2,99.3,1.379,128.42,1.397,75.0,2.12,
2023-01-11 21:00:00,OIL-SYN-001,2324.5,2243.2,Girujan,ROTARY_DRILLING,14.15,26.25,71.5,18.38,15851.5,270.9,3233.7,97.8,1.375,129.11,1.409,77.2,1.55,
2023-01-11 21:30:00,OIL-SYN-001,2341.5,2259.6,Girujan,ROTARY_DRILLING,13.73,27.7,90.0,19.61,16122.9,278.9,3292.4,99.6,1.394,129.04,1.421,76.2,1.95,
2023-01-11 22:00:00,OIL-SYN-001,2358.5,2275.9,Girujan,ROTARY_DRILLING,11.74,23.7,68.4,19.19,15631.7,263.0,3080.1,99.3,1.364,127.95,1.399,68.1,1.6,
2023-01-11 22:30:00,OIL-SYN-001,2375.5,2292.3,Girujan,ROTARY_DRILLING,11.38,23.0,78.5,18.43,17466.5,276.6,3259.9,98.7,1.41,127.25,1.436,72.2,1.41,
2023-01-11 23:00:00,OIL-SYN-001,2392.5,2308.7,Girujan,ROTARY_DRILLING,12.08,25.19,81.2,19.1,16331.7,271.9,3208.2,98.2,1.371,127.83,1.384,63.3,1.48,
2023-01-11 23:30:00,OIL-SYN-001,2409.4,2325.1,Girujan,ROTARY_DRILLING,7.29,22.16,75.6,15.94,17253.4,267.4,3102.6,99.5,1.409,127.66,1.44,72.4,2.53,
2023-01-12 00:00:00,OIL-SYN-001,2426.4,2341.5,Girujan,ROTARY_DRILLING,16.74,24.74,77.4,20.39,15888.5,262.5,3193.5,99.4,1.395,126.09,1.41,75.8,1.06,
2023-01-12 00:30:00,OIL-SYN-001,2443.4,2357.9,Girujan,ROTARY_DRILLING,17.43,23.41,75.3,15.7,16565.0,270.4,3286.4,99.1,1.394,127.35,1.411,72.2,1.85,
2023-01-12 01:00:00,OIL-SYN-001,2460.4,2374.3,Girujan,ROTARY_DRILLING,15.11,20.78,67.9,19.07,15807.6,262.1,3086.8,98.4,1.38,129.01,1.394,67.7,1.05,
2023-01-12 01:30:00,OIL-SYN-001,2477.4,2390.7,Girujan,ROTARY_DRILLING,9.91,25.56,74.4,23.74,16837.0,265.2,3302.0,99.1,1.373,128.0,1.418,77.6,1.77,
2023-01-12 02:00:00,OIL-SYN-001,2494.3,2407.0,Girujan,ROTARY_DRILLING,14.26,22.27,70.4,17.9,16466.3,274.7,3222.8,99.3,1.396,128.71,1.433,70.4,1.55,
2023-01-12 02:30:00,OIL-SYN-001,2511.3,2423.4,Girujan,ROTARY_DRILLING,16.28,27.47,77.4,17.7,16115.8,284.6,3258.2,98.0,1.401,128.79,1.423,70.5,1.62,
2023-01-12 03:00:00,OIL-SYN-001,2528.3,2439.8,Girujan,ROTARY_DRILLING,12.85,23.05,74.5,18.93,16548.8,289.5,3281.1,99.5,1.413,125.49,1.441,78.5,1.98,
2023-01-12 03:30:00,OIL-SYN-001,2545.3,2456.2,Girujan,ROTARY_DRILLING,17.92,22.84,79.8,19.34,16506.3,289.7,3221.7,99.9,1.405,129.71,1.431,68.9,2.4,
2023-01-12 04:00:00,OIL-SYN-001,2562.3,2472.6,Lakwa,ROTARY_DRILLING,16.15,25.2,89.5,18.23,17005.1,289.5,3166.1,99.1,1.411,126.56,1.454,42.5,5.73,
2023-01-12 04:30:00,OIL-SYN-001,2579.2,2489.0,Lakwa,ROTARY_DRILLING,15.44,27.37,72.8,22.19,16108.4,262.5,3303.9,98.5,1.4,126.89,1.412,42.2,4.46,
2023-01-12 05:00:00,OIL-SYN-001,2596.2,2505.4,Lakwa,ROTARY_DRILLING,11.24,23.16,77.0,17.63,16660.2,294.4,3394.2,99.6,1.421,128.39,1.433,42.8,4.13,
2023-01-12 05:30:00,OIL-SYN-001,2613.2,2521.7,Lakwa,ROTARY_DRILLING,16.71,25.16,81.7,19.5,16486.0,283.1,3123.0,97.7,1.406,128.95,1.434,40.0,3.6,
2023-01-12 06:00:00,OIL-SYN-001,2630.2,2538.1,Lakwa,ROTARY_DRILLING,12.34,26.77,75.1,19.24,16915.6,296.7,3210.0,99.0,1.421,126.36,1.458,48.8,4.67,
2023-01-12 06:30:00,OIL-SYN-001,2647.2,2554.5,Lakwa,ROTARY_DRILLING,14.74,22.43,76.2,19.27,17102.1,273.2,3252.9,99.7,1.437,128.95,1.471,40.9,3.37,
2023-01-12 07:00:00,OIL-SYN-001,2664.2,2570.9,Lakwa,ROTARY_DRILLING,13.13,25.4,60.7,21.12,16495.5,309.2,3277.9,99.6,1.425,128.71,1.438,42.5,4.87,
2023-01-12 07:30:00,OIL-SYN-001,2681.1,2587.3,Lakwa,ROTARY_DRILLING,12.62,22.0,66.6,19.2,16193.2,279.7,3362.3,99.6,1.435,128.05,1.472,37.3,2.73,
2023-01-12 08:00:00,OIL-SYN-001,2698.1,2603.7,Lakwa,ROTARY_DRILLING,12.4,24.92,61.7,20.65,16798.5,292.1,3288.8,97.7,1.426,128.08,1.466,49.0,3.46,
2023-01-12 08:30:00,OIL-SYN-001,2715.1,2620.1,Lakwa,ROTARY_DRILLING,16.19,24.17,66.5,20.36,16983.7,286.5,3366.3,97.6,1.385,126.31,1.424,49.8,3.39,
2023-01-12 09:00:00,OIL-SYN-001,2732.1,2636.5,Lakwa,ROTARY_DRILLING,12.74,26.96,78.8,18.85,16406.9,289.8,3234.6,100,1.428,126.61,1.447,32.4,6.32,
2023-01-12 09:30:00,OIL-SYN-001,2749.1,2652.8,Lakwa,ROTARY_DRILLING,13.4,22.34,73.3,18.82,16823.6,286.8,3299.4,97.5,1.432,127.68,1.469,46.3,3.35,
2023-01-12 10:00:00,OIL-SYN-001,2766.0,2669.2,Lakwa,ROTARY_DRILLING,17.92,27.1,78.1,19.6,16421.5,278.8,3355.6,99.0,1.441,128.11,1.484,46.1,4.32,
2023-01-12 10:30:00,OIL-SYN-001,2783.0,2685.6,Lakwa,ROTARY_DRILLING,14.0,26.66,68.1,19.44,17208.3,289.2,3264.1,99.7,1.433,129.77,1.46,46.0,5.6,
2023-01-12 11:00:00,OIL-SYN-001,2800.0,2702.0,Lakwa,ROTARY_DRILLING,15.59,26.11,65.6,18.45,16147.7,285.4,3238.3,97.9,1.426,126.52,1.443,45.6,7.75,
2023-01-12 11:30:00,OIL-SYN-001,2817.0,2718.4,Lakwa,ROTARY_DRILLING,14.61,27.65,78.9,19.62,17203.1,276.4,3269.6,99.8,1.433,128.68,1.464,44.0,4.9,
2023-01-12 12:00:00,OIL-SYN-001,2834.0,2734.8,Lakwa,ROTARY_DRILLING,17.64,25.69,76.8,21.63,17619.8,274.6,3357.2,98.7,1.45,127.81,1.485,36.7,4.45,
2023-01-12 12:30:00,OIL-SYN-001,2850.9,2751.2,Lakwa,ROTARY_DRILLING,17.93,23.15,82.9,20.56,16713.9,286.2,3313.3,99.1,1.44,126.63,1.46,44.5,5.08,
2023-01-12 13:00:00,OIL-SYN-001,2867.9,2767.5,Lakwa,ROTARY_DRILLING,10.42,29.96,56.7,17.95,17307.4,292.9,3399.0,99.6,1.462,128.36,1.493,54.2,3.44,
2023-01-12 13:30:00,OIL-SYN-001,2884.9,2783.9,Lakwa,ROTARY_DRILLING,13.37,26.81,71.0,20.66,17164.3,283.3,3371.4,99.9,1.432,129.3,1.449,46.4,6.41,
2023-01-12 14:00:00,OIL-SYN-001,2901.9,2800.3,Lakwa,ROTARY_DRILLING,13.97,25.56,57.8,23.4,16736.4,281.7,3256.7,98.1,1.42,128.1,1.459,46.3,2.99,
2023-01-12 14:30:00,OIL-SYN-001,2918.9,2816.7,Lakwa,ROTARY_DRILLING,13.5,29.14,62.6,19.83,17655.6,305.2,3374.8,99.7,1.461,127.48,1.473,45.7,3.74,
2023-01-12 15:00:00,OIL-SYN-001,2935.8,2833.1,Lakwa,ROTARY_DRILLING,14.83,30.21,66.3,23.79,17104.2,288.2,3270.0,97.3,1.451,128.2,1.493,41.2,2.72,
2023-01-12 15:30:00,OIL-SYN-001,2952.8,2849.5,Lakwa,ROTARY_DRILLING,12.95,23.31,62.8,19.76,17198.0,298.4,3276.1,99.3,1.468,128.7,1.496,55.2,2.55,
2023-01-12 16:00:00,OIL-SYN-001,2969.8,2865.9,Lakwa,ROTARY_DRILLING,13.75,24.9,65.9,20.39,16576.5,293.8,3219.1,98.3,1.432,125.68,1.464,35.5,3.43,
2023-01-12 16:30:00,OIL-SYN-001,2986.8,2882.3,Lakwa,ROTARY_DRILLING,11.11,26.44,69.1,20.44,17415.9,296.3,3286.9,97.5,1.45,128.2,1.473,33.2,3.79,
2023-01-12 17:00:00,OIL-SYN-001,3003.8,2898.6,Lakwa,ROTARY_DRILLING,13.78,25.43,66.0,20.94,17150.0,299.4,3642.0,98.7,1.45,127.78,1.468,40.6,3.47,
2023-01-12 17:30:00,OIL-SYN-001,3020.8,2915.0,Lakwa,ROTARY_DRILLING,13.62,28.41,69.6,21.3,17384.1,289.7,3340.7,99.4,1.454,127.56,1.477,48.7,4.49,
2023-01-12 18:00:00,OIL-SYN-001,3037.7,2931.4,Lakwa,ROTARY_DRILLING,16.8,26.63,60.8,19.18,17645.9,295.4,3492.7,99.2,1.459,127.61,1.482,44.4,3.95,
2023-01-12 18:30:00,OIL-SYN-001,3054.7,2947.8,Lakwa,ROTARY_DRILLING,10.56,30.97,65.1,20.39,16783.4,290.4,3472.8,98.8,1.471,126.63,1.502,33.9,5.1,
2023-01-12 19:00:00,OIL-SYN-001,3071.7,2964.2,Lakwa,ROTARY_DRILLING,8.83,26.12,50,21.11,17763.8,289.0,3278.9,98.3,1.473,129.29,1.506,37.2,4.09,
2023-01-12 19:30:00,OIL-SYN-001,3088.7,2980.6,Lakwa,ROTARY_DRILLING,11.21,27.29,60.3,19.96,17156.3,290.3,3411.0,97.1,1.477,128.25,1.489,47.7,2.52,
2023-01-12 20:00:00,OIL-SYN-001,3105.7,2997.0,Lakwa,ROTARY_DRILLING,8.43,27.39,68.4,22.87,17241.9,305.9,3314.6,99.4,1.47,127.01,1.489,45.8,3.7,
2023-01-12 20:30:00,OIL-SYN-001,3122.6,3013.3,Lakwa,ROTARY_DRILLING,12.38,22.02,71.5,21.57,17331.6,288.6,3354.6,99.2,1.456,126.37,1.485,46.5,4.38,
2023-01-12 21:00:00,OIL-SYN-001,3139.6,3029.7,Lakwa,ROTARY_DRILLING,16.96,22.97,70.3,20.55,17839.8,290.8,3403.0,99.7,1.465,126.92,1.5,47.3,3.45,
2023-01-12 21:30:00,OIL-SYN-001,3156.6,3046.1,Lakwa,ROTARY_DRILLING,10.59,25.11,69.0,20.56,17829.6,303.5,3473.2,99.2,1.472,129.36,1.49,57.1,3.57,
2023-01-12 22:00:00,OIL-SYN-001,3173.6,3062.5,Lakwa,ROTARY_DRILLING,15.83,24.81,68.2,21.58,17304.7,301.9,3442.7,99.0,1.469,128.09,1.494,48.0,2.79,
2023-01-12 22:30:00,OIL-SYN-001,3190.6,3078.9,Lakwa,ROTARY_DRILLING,8.89,28.78,64.6,20.53,18579.2,303.4,3413.3,98.1,1.482,128.04,1.522,51.7,6.15,
2023-01-12 23:00:00,OIL-SYN-001,3207.5,3095.3,Nahorkatiya Sand,ROTARY_DRILLING,12.74,27.31,62.8,21.55,17423.0,296.5,3375.9,99.5,1.491,128.28,1.509,41.7,1.11,
2023-01-12 23:30:00,OIL-SYN-001,3224.5,3111.7,Nahorkatiya Sand,ROTARY_DRILLING,12.64,29.2,65.2,17.93,17820.8,303.6,3542.5,98.5,1.483,127.78,1.523,37.5,1.54,
2023-01-13 00:00:00,OIL-SYN-001,3241.5,3128.1,Nahorkatiya Sand,ROTARY_DRILLING,13.39,31.02,59.2,22.77,18242.7,304.5,3505.9,99.0,1.478,127.2,1.489,42.6,2.16,
2023-01-13 00:30:00,OIL-SYN-001,3258.5,3144.4,Nahorkatiya Sand,ROTARY_DRILLING,15.21,27.89,66.8,20.59,17782.6,293.9,3321.7,98.4,1.493,128.99,1.523,51.3,2.59,
2023-01-13 01:00:00,OIL-SYN-001,3275.5,3160.8,Nahorkatiya Sand,ROTARY_DRILLING,12.81,28.27,50,19.01,17708.8,307.7,3347.6,99.2,1.466,128.34,1.479,50.8,2.15,
2023-01-13 01:30:00,OIL-SYN-001,3292.5,3177.2,Nahorkatiya Sand,ROTARY_DRILLING,10.21,24.63,63.9,21.91,17895.9,304.7,3473.4,100.0,1.477,128.8,1.507,52.1,1.89,
2023-01-13 02:00:00,OIL-SYN-001,3309.4,3193.6,Nahorkatiya Sand,ROTARY_DRILLING,15.1,27.44,73.1,20.92,17615.3,295.0,3502.4,99.1,1.495,128.38,1.536,43.7,1.4,
2023-01-13 02:30:00,OIL-SYN-001,3326.4,3210.0,Nahorkatiya Sand,ROTARY_DRILLING,7.3,30.84,63.7,22.72,17613.8,300.7,3362.7,99.7,1.49,127.3,1.52,45.2,1.76,
2023-01-13 03:00:00,OIL-SYN-001,3343.4,3226.4,Nahorkatiya Sand,ROTARY_DRILLING,15.64,25.16,62.8,20.63,18373.7,289.9,3363.4,98.0,1.486,127.59,1.504,45.2,2.12,
2023-01-13 03:30:00,OIL-SYN-001,3360.4,3242.8,Nahorkatiya Sand,ROTARY_DRILLING,10.72,26.36,67.2,22.83,17619.6,297.3,3529.9,98.5,1.466,129.34,1.498,38.0,2.61,
2023-01-13 04:00:00,OIL-SYN-001,3377.4,3259.2,Nahorkatiya Sand,ROTARY_DRILLING,14.37,27.5,56.5,23.44,17028.3,290.3,3410.2,98.8,1.51,127.56,1.529,42.8,1.54,
2023-01-13 04:30:00,OIL-SYN-001,3394.3,3275.5,Nahorkatiya Sand,ROTARY_DRILLING,9.96,25.94,65.0,21.3,17547.2,303.2,3332.3,99.7,1.498,127.59,1.529,37.1,0,
2023-01-13 05:00:00,OIL-SYN-001,3411.3,3291.9,Nahorkatiya Sand,ROTARY_DRILLING,15.04,25.9,58.0,20.15,17963.8,308.4,3549.8,99.8,1.486,128.34,1.508,43.1,0,
2023-01-13 05:30:00,OIL-SYN-001,3428.3,3308.3,Nahorkatiya Sand,ROTARY_DRILLING,12.73,26.05,72.6,21.84,17994.6,313.7,3364.2,99.4,1.476,127.9,1.494,43.6,1.57,
2023-01-13 06:00:00,OIL-SYN-001,3445.3,3324.7,Nahorkatiya Sand,ROTARY_DRILLING,11.56,26.59,79.3,21.12,17445.2,304.8,3490.1,99.3,1.47,127.25,1.484,44.9,2.73,
2023-01-13 06:30:00,OIL-SYN-001,3462.3,3341.1,Nahorkatiya Sand,ROTARY_DRILLING,11.91,23.62,56.8,20.52,18566.2,308.5,3493.7,98.1,1.51,127.79,1.548,49.2,1.69,
2023-01-13 07:00:00,OIL-SYN-001,3479.2,3357.5,Nahorkatiya Sand,ROTARY_DRILLING,12.21,25.47,62.8,23.11,17982.8,320.0,3410.2,99.1,1.531,127.67,1.556,43.9,1.4,
2023-01-13 07:30:00,OIL-SYN-001,3496.2,3373.9,Nahorkatiya Sand,ROTARY_DRILLING,8.16,22.52,56.6,23.3,18590.9,306.6,3366.7,99.1,1.514,128.38,1.529,45.9,0.86,
2023-01-13 08:00:00,OIL-SYN-001,3513.2,3390.2,Nahorkatiya Sand,ROTARY_DRILLING,12.8,29.01,50,23.75,17770.8,311.7,3429.2,99.8,1.514,126.48,1.54,38.4,3.36,
2023-01-13 08:30:00,OIL-SYN-001,3530.2,3406.6,Nahorkatiya Sand,ROTARY_DRILLING,15.52,26.51,68.7,20.64,18209.2,296.9,3550.0,100,1.501,127.95,1.542,42.2,1.77,
2023-01-13 09:00:00,OIL-SYN-001,3547.2,3423.0,Nahorkatiya Sand,ROTARY_DRILLING,11.96,27.84,55.7,22.78,17738.0,315.1,3528.1,99.8,1.488,128.72,1.501,41.4,1.15,
2023-01-13 09:30:00,OIL-SYN-001,3564.2,3439.4,Nahorkatiya Sand,ROTARY_DRILLING,7.08,27.54,79.4,25.01,17915.7,308.0,3511.0,100,1.54,128.59,1.581,56.0,1.4,
2023-01-13 10:00:00,OIL-SYN-001,3581.1,3455.8,Nahorkatiya Sand,ROTARY_DRILLING,9.25,26.58,65.5,20.75,17206.8,315.4,3490.9,100,1.519,127.26,1.53,51.9,2.56,
2023-01-13 10:30:00,OIL-SYN-001,3598.1,3472.2,Nahorkatiya Sand,ROTARY_DRILLING,16.9,29.35,71.0,24.12,17626.8,320.1,3585.2,99.6,1.521,128.61,1.562,54.3,3.24,
2023-01-13 11:00:00,OIL-SYN-001,3615.1,3488.6,Nahorkatiya Sand,ROTARY_DRILLING,10.15,29.9,67.2,23.9,18249.4,316.2,3549.4,98.8,1.518,127.83,1.529,44.3,0.64,
2023-01-13 11:30:00,OIL-SYN-001,3632.1,3505.0,Nahorkatiya Sand,ROTARY_DRILLING,11.5,28.6,67.7,23.93,18145.0,310.2,3497.4,99.5,1.531,128.05,1.574,42.1,1.54,
2023-01-13 12:00:00,OIL-SYN-001,3649.1,3521.3,Nahorkatiya Sand,ROTARY_DRILLING,10.28,30.57,59.1,20.82,18134.6,310.8,3599.0,99.4,1.528,127.7,1.573,39.2,2.97,
2023-01-13 12:30:00,OIL-SYN-001,3666.0,3537.7,Nahorkatiya Sand,ROTARY_DRILLING,9.51,28.44,64.3,22.24,18422.1,332.9,3568.4,98.8,1.503,128.5,1.526,45.2,1.74,
2023-01-13 13:00:00,OIL-SYN-001,3683.0,3554.1,Nahorkatiya Sand,ROTARY_DRILLING,11.97,23.93,75.5,23.18,17803.2,292.5,3550.4,99.8,1.532,129.27,1.544,41.3,0.81,
2023-01-13 13:30:00,OIL-SYN-001,3700,3570.5,Barail,ROTARY_DRILLING,8.55,26.13,63.9,24.98,18561.8,328.1,3570.6,99.4,1.513,128.81,1.541,44.1,2.91,
2023-01-27 06:00:00,OIL-SYN-002,1000.0,965.0,Barail,ROTARY_DRILLING,14.56,20.37,103.2,12.1,13501.3,231.2,2795.0,97.9,1.196,128.27,1.228,48.5,1.98,
2023-01-27 06:30:00,OIL-SYN-002,1014.1,978.6,Barail,ROTARY_DRILLING,16.95,20.12,99.5,14.03,13631.0,233.4,2860.0,98.5,1.226,128.66,1.261,31.3,1.57,
2023-01-27 07:00:00,OIL-SYN-002,1028.2,992.3,Barail,ROTARY_DRILLING,18.83,23.48,100.5,12.54,14790.4,227.2,2802.9,99.9,1.257,127.68,1.301,35.0,2.74,
2023-01-27 07:30:00,OIL-SYN-002,1042.4,1005.9,Barail,ROTARY_DRILLING,15.91,21.39,103.5,12.58,13573.3,223.9,2824.7,99.6,1.247,126.82,1.265,45.7,2.26,
2023-01-27 08:00:00,OIL-SYN-002,1056.5,1019.5,Barail,ROTARY_DRILLING,20.68,18.1,99.2,12.34,13609.2,239.5,2814.8,99.3,1.247,128.78,1.276,45.4,1.26,
2023-01-27 08:30:00,OIL-SYN-002,1070.6,1033.1,Barail,ROTARY_DRILLING,18.95,22.22,100.0,12.14,13845.8,235.8,2780.6,99.1,1.244,127.53,1.276,46.6,1.4,
2023-01-27 09:00:00,OIL-SYN-002,1084.7,1046.8,Barail,ROTARY_DRILLING,14.73,24.46,83.8,12.1,14870.6,238.9,2826.8,98.9,1.236,128.0,1.271,50.9,3.12,
2023-01-27 09:30:00,OIL-SYN-002,1098.8,1060.4,Barail,ROTARY_DRILLING,17.61,19.91,96.6,14.62,14650.5,242.1,2828.5,99.8,1.274,128.02,1.316,48.3,1.75,
2023-01-27 10:00:00,OIL-SYN-002,1113.0,1074.0,Barail,ROTARY_DRILLING,16.43,20.39,100.7,14.37,14348.8,237.8,2918.3,99.6,1.253,127.47,1.289,44.1,2.34,
2023-01-27 10:30:00,OIL-SYN-002,1127.1,1087.6,Barail,ROTARY_DRILLING,13.74,25.74,89.8,12.95,14292.0,224.2,2994.7,98.9,1.289,128.98,1.328,28.4,3.09,
2023-01-27 11:00:00,OIL-SYN-002,1141.2,1101.3,Barail,ROTARY_DRILLING,19.43,22.9,85.0,12.45,15046.6,230.5,2919.5,100,1.258,127.5,1.283,42.8,1.68,
2023-01-27 11:30:00,OIL-SYN-002,1155.3,1114.9,Barail,ROTARY_DRILLING,19.94,21.9,80.0,13.31,14615.9,228.3,2874.3,99.2,1.224,126.41,1.268,47.7,3.08,
2023-01-27 12:00:00,OIL-SYN-002,1169.4,1128.5,Barail,ROTARY_DRILLING,19.26,23.28,89.8,13.5,13971.7,243.9,2803.0,99.6,1.258,128.42,1.287,43.0,1.77,
2023-01-27 12:30:00,OIL-SYN-002,1183.6,1142.1,Barail,ROTARY_DRILLING,17.55,15.6,97.1,15.75,14760.9,239.2,2911.7,98.9,1.268,127.65,1.295,43.4,0.88,
2023-01-27 13:00:00,OIL-SYN-002,1197.7,1155.8,Barail,ROTARY_DRILLING,18.06,20.02,89.5,13.76,14250.5,246.4,3006.7,98.8,1.257,128.5,1.289,43.1,3.03,
2023-01-27 13:30:00,OIL-SYN-002,1211.8,1169.4,Barail,ROTARY_DRILLING,17.22,20.39,80.8,14.57,14872.5,230.2,3080.6,100,1.256,128.38,1.269,42.7,2.4,
2023-01-27 14:00:00,OIL-SYN-002,1225.9,1183.0,Barail,ROTARY_DRILLING,17.49,25.83,95.5,13.05,14041.6,225.8,3042.2,99.0,1.246,128.49,1.281,48.8,1.73,
2023-01-27 14:30:00,OIL-SYN-002,1240.0,1196.6,Barail,ROTARY_DRILLING,18.6,18.11,89.1,15.4,14579.4,236.8,3006.6,98.3,1.266,128.76,1.287,40.0,1.38,
2023-01-27 15:00:00,OIL-SYN-002,1254.2,1210.3,Barail,ROTARY_DRILLING,16.68,17.67,91.8,14.71,14347.4,240.6,2937.2,99.9,1.239,129.84,1.278,44.0,1.43,
2023-01-27 15:30:00,OIL-SYN-002,1268.3,1223.9,Barail,ROTARY_DRILLING,18.51,17.17,82.9,12.82,14414.8,236.1,2878.1,99.8,1.251,128.26,1.292,49.7,1.03,
2023-01-27 16:00:00,OIL-SYN-002,1282.4,1237.5,Barail,ROTARY_DRILLING,15.6,20.48,87.0,14.42,14335.5,240.2,2823.4,98.2,1.276,127.76,1.318,41.7,2.73,
2023-01-27 16:30:00,OIL-SYN-002,1296.5,1251.1,Barail,ROTARY_DRILLING,14.46,19.17,88.6,12.89,14358.2,237.0,2790.6,99.3,1.278,126.99,1.312,43.7,3.55,
2023-01-27 17:00:00,OIL-SYN-002,1310.6,1264.8,Barail,ROTARY_DRILLING,15.84,19.09,86.8,13.43,14034.0,242.2,2943.6,99.6,1.248,127.08,1.291,44.8,0.54,
2023-01-27 17:30:00,OIL-SYN-002,1324.7,1278.4,Barail,ROTARY_DRILLING,18.58,24.47,109.4,13.21,14850.1,243.0,2891.3,100,1.251,128.66,1.274,43.0,2.28,
2023-01-27 18:00:00,OIL-SYN-002,1338.9,1292.0,Barail,ROTARY_DRILLING,19.55,22.3,86.0,16.52,14355.0,233.9,2975.6,100,1.259,127.88,1.3,40.7,1.29,
2023-01-27 18:30:00,OIL-SYN-002,1353.0,1305.6,Barail,ROTARY_DRILLING,17.03,19.54,89.3,14.69,14699.0,226.1,3069.3,99.3,1.264,128.04,1.286,57.3,1.86,
2023-01-27 19:00:00,OIL-SYN-002,1367.1,1319.3,Barail,ROTARY_DRILLING,18.72,23.32,89.9,13.08,14962.4,247.1,2955.5,99.0,1.257,127.98,1.277,37.7,2.82,
2023-01-27 19:30:00,OIL-SYN-002,1381.2,1332.9,Barail,ROTARY_DRILLING,14.78,21.55,92.1,12.18,14460.5,232.9,3031.4,97.9,1.273,126.37,1.298,48.6,1.66,
2023-01-27 20:00:00,OIL-SYN-002,1395.3,1346.5,Barail,ROTARY_DRILLING,20.35,20.2,83.6,15.89,15035.3,230.5,3027.0,98.5,1.276,128.32,1.306,45.5,1.14,
2023-01-27 20:30:00,OIL-SYN-002,1409.5,1360.1,Tipam,ROTARY_DRILLING,17.75,18.06,95.9,12.64,15767.6,243.7,3025.1,99.2,1.288,127.5,1.299,40.1,2.5,
2023-01-27 21:00:00,OIL-SYN-002,1423.6,1373.8,Tipam,ROTARY_DRILLING,13.36,22.57,84.3,14.97,14430.5,241.0,2900.7,98.4,1.264,127.89,1.303,53.7,2.72,
2023-01-27 21:30:00,OIL-SYN-002,1437.7,1387.4,Tipam,ROTARY_DRILLING,15.89,26.58,100.9,12.63,14378.6,244.9,3006.2,99.6,1.265,127.67,1.294,44.7,2.12,
2023-01-27 22:00:00,OIL-SYN-002,1451.8,1401.0,Tipam,ROTARY_DRILLING,19.3,22.27,79.8,17.83,15295.2,259.8,3088.4,97.9,1.313,127.1,1.352,45.8,1.56,
2023-01-27 22:30:00,OIL-SYN-002,1465.9,1414.6,Tipam,ROTARY_DRILLING,17.85,23.03,93.3,16.21,15203.1,242.5,3033.5,99.1,1.292,129.31,1.311,52.1,2.13,
2023-01-27 23:00:00,OIL-SYN-002,1480.1,1428.3,Tipam,ROTARY_DRILLING,15.72,20.5,89.1,14.51,14657.8,243.5,2873.9,99.2,1.261,127.81,1.291,43.9,1.29,
2023-01-27 23:30:00,OIL-SYN-002,1494.2,1441.9,Tipam,ROTARY_DRILLING,16.57,22.44,99.6,12.0,15334.7,256.3,3000.5,99.0,1.291,126.78,1.332,49.9,1.07,
2023-01-28 00:00:00,OIL-SYN-002,1508.3,1455.5,Tipam,ROTARY_DRILLING,14.22,23.34,82.3,12.25,14510.9,243.8,3058.7,98.8,1.325,128.65,1.355,41.2,1.86,
2023-01-28 00:30:00,OIL-SYN-002,1522.4,1469.1,Tipam,ROTARY_DRILLING,20.37,20.47,93.6,16.48,15128.9,251.7,2862.3,98.6,1.3,128.91,1.335,41.4,2.09,
2023-01-28 01:00:00,OIL-SYN-002,1536.5,1482.8,Tipam,ROTARY_DRILLING,18.31,16.73,94.2,13.73,15091.0,247.3,2965.0,98.8,1.306,126.09,1.339,49.6,2.72,
2023-01-28 01:30:00,OIL-SYN-002,1550.7,1496.4,Tipam,ROTARY_DRILLING,19.69,22.14,86.1,14.16,14672.8,243.3,3018.6,98.7,1.276,126.49,1.288,32.4,0,
2023-01-28 02:00:00,OIL-SYN-002,1564.8,1510.0,Tipam,ROTARY_DRILLING,16.65,25.38,101.5,12.38,15154.2,240.4,2983.7,98.5,1.275,128.29,1.287,43.7,0.49,
2023-01-28 02:30:00,OIL-SYN-002,1578.9,1523.6,Tipam,ROTARY_DRILLING,18.66,21.6,87.1,14.6,14997.4,250.9,2958.6,99.5,1.29,126.32,1.31,50.9,2.25,
2023-01-28 03:00:00,OIL-SYN-002,1593.0,1537.3,Tipam,ROTARY_DRILLING,19.53,21.66,78.4,14.92,14794.7,237.9,2863.5,100,1.299,128.21,1.323,41.1,1.14,
2023-01-28 03:30:00,OIL-SYN-002,1607.1,1550.9,Tipam,ROTARY_DRILLING,13.65,21.94,83.0,15.91,14519.0,248.7,3127.7,99.5,1.299,127.26,1.338,39.6,0.39,
2023-01-28 04:00:00,OIL-SYN-002,1621.3,1564.5,Tipam,ROTARY_DRILLING,15.88,23.39,84.3,13.68,15244.4,232.8,3126.7,99.2,1.3,129.34,1.328,51.4,0.59,
2023-01-28 04:30:00,OIL-SYN-002,1635.4,1578.1,Tipam,ROTARY_DRILLING,14.78,23.31,85.4,16.88,14727.6,243.4,3007.7,99.0,1.297,126.05,1.309,44.9,2.21,
2023-01-28 05:00:00,OIL-SYN-002,1649.5,1591.8,Tipam,ROTARY_DRILLING,17.22,24.15,85.6,15.77,14977.7,246.6,3066.4,99.3,1.302,127.47,1.315,48.3,1.57,
2023-01-28 05:30:00,OIL-SYN-002,1663.6,1605.4,Tipam,ROTARY_DRILLING,16.41,25.79,78.3,15.99,15496.4,255.6,3001.8,100.0,1.306,128.63,1.338,43.4,2.59,
2023-01-28 06:00:00,OIL-SYN-002,1677.7,1619.0,Tipam,ROTARY_DRILLING,12.47,23.79,82.0,15.9,15199.6,262.5,2913.3,98.4,1.29,128.25,1.318,45.6,2.66,
2023-01-28 06:30:00,OIL-SYN-002,1691.9,1632.6,Tipam,ROTARY_DRILLING,18.05,20.51,90.5,12.55,14929.5,255.8,2928.8,98.5,1.321,128.0,1.348,40.6,1.68,
2023-01-28 07:00:00,OIL-SYN-002,1706.0,1646.3,Tipam,ROTARY_DRILLING,20.06,25.63,79.9,16.12,15003.5,239.3,3039.1,98.6,1.33,129.37,1.366,45.3,1.14,
2023-01-28 07:30:00,OIL-SYN-002,1720.1,1659.9,Tipam,ROTARY_DRILLING,13.12,23.57,83.5,14.67,15445.1,247.6,3074.8,98.0,1.302,129.77,1.319,43.4,1.58,
2023-01-28 08:00:00,OIL-SYN-002,1734.2,1673.5,Tipam,ROTARY_DRILLING,13.91,22.21,86.4,16.14,14795.5,253.7,3003.4,99.1,1.32,127.0,1.355,32.7,2.02,
2023-01-28 08:30:00,OIL-SYN-002,1748.3,1687.1,Tipam,ROTARY_DRILLING,14.62,21.38,77.0,17.44,15422.8,248.5,3074.7,98.5,1.311,128.04,1.348,48.7,2.34,
2023-01-28 09:00:00,OIL-SYN-002,1762.5,1700.8,Tipam,ROTARY_DRILLING,17.95,24.01,72.7,16.35,15232.6,243.6,3064.8,98.8,1.329,128.29,1.373,50.0,2.18,
2023-01-28 09:30:00,OIL-SYN-002,1776.6,1714.4,Tipam,ROTARY_DRILLING,15.62,22.62,80.8,16.37,15541.6,257.2,3073.3,99.6,1.329,127.54,1.363,38.3,1.47,
2023-01-28 10:00:00,OIL-SYN-002,1790.7,1728.0,Tipam,ROTARY_DRILLING,14.46,23.82,87.6,15.12,14943.8,244.8,3091.3,99.6,1.292,127.05,1.324,47.2,1.84,
2023-01-28 10:30:00,OIL-SYN-002,1804.8,1741.6,Tipam,ROTARY_DRILLING,18.19,26.02,74.5,17.33,15160.7,249.6,3032.3,98.5,1.32,128.85,1.341,43.6,0.83,
2023-01-28 11:00:00,OIL-SYN-002,1818.9,1755.3,Tipam,ROTARY_DRILLING,3.81,19.57,83.7,32.55,15301.7,280.4,2937.7,98.5,1.351,127.59,1.362,51.1,0.99,STUCK_PIPE
2023-01-28 11:30:00,OIL-SYN-002,1833.1,1768.9,Tipam,ROTARY_DRILLING,2.25,24.39,81.7,32.7,15965.1,282.6,3099.3,99.5,1.315,128.57,1.346,36.3,0.82,STUCK_PIPE
2023-01-28 12:00:00,OIL-SYN-002,1847.2,1782.5,Tipam,ROTARY_DRILLING,4.86,20.9,83.4,26.56,16059.2,280.7,3061.0,98.0,1.296,128.85,1.337,39.6,2.82,STUCK_PIPE
2023-01-28 12:30:00,OIL-SYN-002,1861.3,1796.1,Tipam,ROTARY_DRILLING,3.56,24.01,83.7,34.61,15025.5,296.2,3055.0,99.9,1.306,128.8,1.339,48.3,1.66,STUCK_PIPE
2023-01-28 13:00:00,OIL-SYN-002,1875.4,1809.8,Tipam,ROTARY_DRILLING,4.38,26.01,74.7,32.96,16115.5,280.3,3050.8,99.5,1.354,127.6,1.379,52.8,2.25,STUCK_PIPE
2023-01-28 13:30:00,OIL-SYN-002,1889.5,1823.4,Tipam,ROTARY_DRILLING,4.7,24.06,80.3,34.22,15857.4,272.2,3120.0,98.9,1.341,127.45,1.383,38.9,2.4,STUCK_PIPE
2023-01-28 14:00:00,OIL-SYN-002,1903.6,1837.0,Tipam,ROTARY_DRILLING,2.68,20.58,87.8,33.17,15684.7,297.4,3205.4,100,1.31,127.22,1.331,54.7,1.01,STUCK_PIPE
2023-01-28 14:30:00,OIL-SYN-002,1917.8,1850.6,Tipam,ROTARY_DRILLING,3.14,26.89,83.2,38.23,15653.9,299.3,3034.6,99.6,1.336,126.93,1.358,47.7,2.9,STUCK_PIPE
2023-01-28 15:00:00,OIL-SYN-002,1931.9,1864.3,Tipam,ROTARY_DRILLING,3.0,25.98,83.3,39.45,15254.3,275.8,3191.2,97.8,1.329,127.31,1.36,43.5,1.44,STUCK_PIPE
2023-01-28 15:30:00,OIL-SYN-002,1946.0,1877.9,Tipam,ROTARY_DRILLING,3.33,22.87,65.4,33.03,15340.1,270.4,3096.4,99.3,1.322,128.5,1.355,44.4,1.47,STUCK_PIPE
2023-01-28 16:00:00,OIL-SYN-002,1960.1,1891.5,Tipam,ROTARY_DRILLING,16.21,23.53,85.0,13.97,15956.4,245.6,3177.3,98.7,1.359,126.86,1.37,46.4,1.29,
2023-01-28 16:30:00,OIL-SYN-002,1974.2,1905.1,Tipam,ROTARY_DRILLING,15.99,19.68,78.2,16.48,15603.7,254.7,3149.7,96.7,1.341,127.55,1.365,41.3,0.7,
2023-01-28 17:00:00,OIL-SYN-002,1988.4,1918.8,Tipam,ROTARY_DRILLING,15.76,28.14,78.8,15.6,15479.6,255.9,3238.9,98.0,1.34,128.45,1.368,41.1,1.35,
2023-01-28 17:30:00,OIL-SYN-002,2002.5,1932.4,Tipam,ROTARY_DRILLING,16.66,28.46,87.0,20.07,16158.0,252.9,2977.6,99.5,1.339,127.24,1.384,42.9,1.47,
2023-01-28 18:00:00,OIL-SYN-002,2016.6,1946.0,Tipam,ROTARY_DRILLING,17.11,22.74,75.1,18.35,15548.8,258.5,2947.8,99.9,1.318,125.9,1.33,32.8,1.77,
2023-01-28 18:30:00,OIL-SYN-002,2030.7,1959.6,Tipam,ROTARY_DRILLING,15.57,24.45,71.7,16.81,16138.2,267.7,3250.2,100,1.344,128.49,1.373,43.6,1.06,
2023-01-28 19:00:00,OIL-SYN-002,2044.8,1973.3,Tipam,ROTARY_DRILLING,11.62,24.13,81.7,15.47,15823.2,259.6,3085.5,99.0,1.331,128.14,1.352,45.6,0.65,
2023-01-28 19:30:00,OIL-SYN-002,2059.0,1986.9,Girujan,ROTARY_DRILLING,18.79,27.32,80.5,14.44,16667.1,264.9,3101.6,98.3,1.317,129.63,1.357,74.0,2.41,
2023-01-28 20:00:00,OIL-SYN-002,2073.1,2000.5,Girujan,ROTARY_DRILLING,15.48,22.37,73.6,18.73,15570.1,262.3,3080.1,98.5,1.339,128.64,1.371,79.0,3.26,
2023-01-28 20:30:00,OIL-SYN-002,2087.2,2014.1,Girujan,ROTARY_DRILLING,18.12,23.86,78.8,16.21,15043.5,274.0,3356.8,99.0,1.381,126.61,1.391,72.1,1.8,
2023-01-28 21:00:00,OIL-SYN-002,2101.3,2027.8,Girujan,ROTARY_DRILLING,13.19,24.24,78.8,18.38,16121.1,269.5,3219.2,97.3,1.347,127.88,1.371,65.5,1.52,
2023-01-28 21:30:00,OIL-SYN-002,2115.4,2041.4,Girujan,ROTARY_DRILLING,17.24,23.63,90.0,19.96,15625.9,259.3,3082.7,98.9,1.358,128.39,1.384,75.5,3.19,
2023-01-28 22:00:00,OIL-SYN-002,2129.6,2055.0,Girujan,ROTARY_DRILLING,11.33,27.2,77.7,18.13,16148.7,268.1,3210.8,99.0,1.373,127.88,1.401,73.6,1.89,
2023-01-28 22:30:00,OIL-SYN-002,2143.7,2068.7,Girujan,ROTARY_DRILLING,17.93,20.81,73.7,16.41,15801.7,266.1,3136.8,99.3,1.334,127.32,1.37,74.2,2.91,
2023-01-28 23:00:00,OIL-SYN-002,2157.8,2082.3,Girujan,ROTARY_DRILLING,13.22,25.03,85.4,19.47,16434.3,272.4,3088.6,106.7,1.349,135.31,1.38,69.6,11.4,KICK
2023-01-28 23:30:00,OIL-SYN-002,2171.9,2095.9,Girujan,ROTARY_DRILLING,14.44,22.73,80.3,16.46,16155.1,255.9,3101.0,104.7,1.36,136.44,1.401,75.9,9.27,KICK
2023-01-29 00:00:00,OIL-SYN-002,2186.0,2109.5,Girujan,ROTARY_DRILLING,13.45,23.23,77.5,16.52,16057.9,276.2,3154.6,110.4,1.384,136.68,1.42,70.9,9.76,KICK
2023-01-29 00:30:00,OIL-SYN-002,2200.2,2123.2,Girujan,ROTARY_DRILLING,15.86,22.71,69.3,16.78,15600.8,277.9,3216.8,106.8,1.352,137.79,1.362,69.7,6.67,KICK
2023-01-29 01:00:00,OIL-SYN-002,2214.3,2136.8,Girujan,ROTARY_DRILLING,19.31,22.65,91.5,17.47,16114.4,257.1,3160.3,110.5,1.386,137.11,1.405,76.0,9.15,KICK
2023-01-29 01:30:00,OIL-SYN-002,2228.4,2150.4,Girujan,ROTARY_DRILLING,15.01,29.83,75.8,15.17,15266.4,246.8,3187.2,110.0,1.348,138.1,1.373,65.1,6.01,KICK
2023-01-29 02:00:00,OIL-SYN-002,2242.5,2164.0,Girujan,ROTARY_DRILLING,14.16,23.17,77.2,16.86,16007.5,275.0,3209.3,110.5,1.363,134.7,1.38,67.3,8.34,KICK
2023-01-29 02:30:00,OIL-SYN-002,2256.6,2177.7,Girujan,ROTARY_DRILLING,11.12,22.75,74.6,15.71,16258.2,284.3,3142.8,104.6,1.358,139.61,1.382,70.1,7.64,KICK
2023-01-29 03:00:00,OIL-SYN-002,2270.8,2191.3,Girujan,ROTARY_DRILLING,13.19,21.87,74.5,16.49,15516.7,272.1,3325.3,105.7,1.375,137.31,1.393,73.7,8.02,KICK
2023-01-29 03:30:00,OIL-SYN-002,2284.9,2204.9,Girujan,ROTARY_DRILLING,13.47,26.54,83.0,18.08,16136.2,264.9,3164.6,109.4,1.372,135.07,1.415,75.8,9.94,KICK
2023-01-29 04:00:00,OIL-SYN-002,2299.0,2218.5,Girujan,ROTARY_DRILLING,15.42,22.06,69.7,17.67,16498.1,261.5,3104.4,99.0,1.37,127.77,1.385,74.4,2.6,
2023-01-29 04:30:00,OIL-SYN-002,2313.1,2232.2,Girujan,ROTARY_DRILLING,14.68,22.66,71.5,18.37,16027.3,273.0,3024.8,98.2,1.394,127.58,1.439,70.5,2.27,
2023-01-29 05:00:00,OIL-SYN-002,2327.2,2245.8,Girujan,ROTARY_DRILLING,11.25,21.32,83.9,17.37,15836.9,264.6,3082.6,97.9,1.358,126.23,1.391,73.0,0.2,
2023-01-29 05:30:00,OIL-SYN-002,2341.4,2259.4,Girujan,ROTARY_DRILLING,16.17,23.91,70.0,18.68,16281.2,270.2,3324.8,99.5,1.414,128.66,1.443,73.2,2.92,
2023-01-29 06:00:00,OIL-SYN-002,2355.5,2273.0,Girujan,ROTARY_DRILLING,16.52,21.77,76.2,17.68,16725.0,272.4,3248.9,98.8,1.389,128.88,1.429,73.2,0.32,
2023-01-29 06:30:00,OIL-SYN-002,2369.6,2286.7,Girujan,ROTARY_DRILLING,10.66,27.76,80.4,18.26,15961.5,268.9,3258.7,98.9,1.378,129.68,1.421,75.6,2.56,
2023-01-29 07:00:00,OIL-SYN-002,2383.7,2300.3,Girujan,ROTARY_DRILLING,14.63,22.03,79.8,15.83,16805.5,282.8,3069.9,99.0,1.41,127.56,1.438,68.8,0.97,
2023-01-29 07:30:00,OIL-SYN-002,2397.8,2313.9,Girujan,ROTARY_DRILLING,12.48,27.84,68.6,19.71,16577.9,272.5,3154.4,100,1.391,128.17,1.422,72.1,1.24,
2023-01-29 08:00:00,OIL-SYN-002,2411.9,2327.5,Girujan,ROTARY_DRILLING,11.64,19.54,69.0,19.53,16164.8,284.9,3111.3,98.3,1.378,127.76,1.404,70.5,1.6,
2023-01-29 08:30:00,OIL-SYN-002,2426.1,2341.2,Girujan,ROTARY_DRILLING,15.45,27.61,72.3,20.87,15968.2,274.5,3195.9,98.5,1.382,128.01,1.424,72.1,0.09,
2023-01-29 09:00:00,OIL-SYN-002,2440.2,2354.8,Girujan,ROTARY_DRILLING,14.82,21.33,80.3,18.79,15969.2,279.9,3163.4,99.9,1.378,127.58,1.402,71.7,1.31,
2023-01-29 09:30:00,OIL-SYN-002,2454.3,2368.4,Girujan,ROTARY_DRILLING,13.01,21.84,73.1,19.46,16701.4,264.4,3179.4,99.9,1.375,126.58,1.387,73.4,1.46,
2023-01-29 10:00:00,OIL-SYN-002,2468.4,2382.0,Girujan,ROTARY_DRILLING,12.46,27.6,75.0,16.97,17303.9,272.7,3194.5,99.5,1.387,126.4,1.428,71.7,1.51,
2023-01-29 10:30:00,OIL-SYN-002,2482.5,2395.7,Girujan,ROTARY_DRILLING,11.98,25.16,72.3,18.95,16147.7,281.6,3222.6,99.2,1.4,127.0,1.431,74.1,2.44,
2023-01-29 11:00:00,OIL-SYN-002,2496.7,2409.3,Girujan,ROTARY_DRILLING,15.44,25.94,73.6,18.57,17023.7,269.8,3165.0,98.7,1.37,129.04,1.388,67.0,0.1,
2023-01-29 11:30:00,OIL-SYN-002,2510.8,2422.9,Girujan,ROTARY_DRILLING,16.1,23.4,70.2,18.54,16894.1,280.5,3172.3,98.7,1.391,127.45,1.428,74.7,1.94,
2023-01-29 12:00:00,OIL-SYN-002,2524.9,2436.5,Girujan,ROTARY_DRILLING,14.31,26.14,71.6,20.59,16393.2,281.6,3221.3,99.3,1.375,127.62,1.407,71.9,2.55,
2023-01-29 12:30:00,OIL-SYN-002,2539.0,2450.2,Girujan,ROTARY_DRILLING,12.06,28.42,86.8,18.49,16659.6,272.4,3265.3,99.3,1.386,128.69,1.415,69.2,2.26,
2023-01-29 13:00:00,OIL-SYN-002,2553.1,2463.8,Lakwa,ROTARY_DRILLING,11.38,23.3,65.2,18.6,16053.8,267.8,3260.1,98.5,1.387,126.89,1.416,43.0,4.59,
2023-01-29 13:30:00,OIL-SYN-002,2567.3,2477.4,Lakwa,ROTARY_DRILLING,14.15,25.86,69.9,20.69,16812.1,287.0,3161.5,100,1.415,128.63,1.445,50.0,4.58,
2023-01-29 14:00:00,OIL-SYN-002,2581.4,2491.0,Lakwa,ROTARY_DRILLING,9.81,26.63,73.9,18.68,16803.6,288.8,3177.8,99.8,1.404,128.91,1.447,43.5,3.97,
2023-01-29 14:30:00,OIL-SYN-002,2595.5,2504.7,Lakwa,ROTARY_DRILLING,14.18,22.97,69.0,18.61,16103.7,271.7,3290.8,98.9,1.416,128.51,1.457,40.1,2.69,
2023-01-29 15:00:00,OIL-SYN-002,2609.6,2518.3,Lakwa,ROTARY_DRILLING,14.09,23.93,68.6,18.33,16575.7,292.3,3313.1,98.7,1.404,127.84,1.426,53.3,4.06,
2023-01-29 15:30:00,OIL-SYN-002,2623.7,2531.9,Lakwa,ROTARY_DRILLING,13.27,27.41,78.8,45.47,16982.2,281.1,3225.6,100,1.386,127.18,1.431,43.6,2.83,TORQUE_SPIKE
2023-01-29 16:00:00,OIL-SYN-002,2637.9,2545.5,Lakwa,ROTARY_DRILLING,11.78,28.8,74.5,38.28,16991.7,278.8,3220.3,99.1,1.413,126.77,1.431,39.1,4.69,TORQUE_SPIKE
2023-01-29 16:30:00,OIL-SYN-002,2652.0,2559.2,Lakwa,ROTARY_DRILLING,9.31,27.16,78.5,37.33,16324.3,296.9,3274.3,98.7,1.392,126.91,1.417,48.9,4.98,TORQUE_SPIKE
2023-01-29 17:00:00,OIL-SYN-002,2666.1,2572.8,Lakwa,ROTARY_DRILLING,14.4,25.61,73.1,41.85,17172.0,294.9,3204.7,98.5,1.406,127.58,1.446,44.0,5.26,TORQUE_SPIKE
2023-01-29 17:30:00,OIL-SYN-002,2680.2,2586.4,Lakwa,ROTARY_DRILLING,19.55,25.08,69.0,37.83,17543.4,282.7,3179.0,98.8,1.412,128.33,1.451,41.1,4.27,TORQUE_SPIKE
2023-01-29 18:00:00,OIL-SYN-002,2694.3,2600.0,Lakwa,ROTARY_DRILLING,11.53,27.65,77.0,34.18,16839.0,280.8,3288.1,99.0,1.434,125.99,1.45,47.7,4.8,TORQUE_SPIKE
2023-01-29 18:30:00,OIL-SYN-002,2708.5,2613.7,Lakwa,ROTARY_DRILLING,15.98,30.49,61.7,37.86,15869.3,290.4,3293.3,98.0,1.405,128.12,1.426,49.3,4.4,TORQUE_SPIKE
2023-01-29 19:00:00,OIL-SYN-002,2722.6,2627.3,Lakwa,ROTARY_DRILLING,18.15,24.06,73.1,37.9,17218.2,292.7,3254.1,99.4,1.417,127.61,1.451,43.6,5.36,TORQUE_SPIKE
2023-01-29 19:30:00,OIL-SYN-002,2736.7,2640.9,Lakwa,ROTARY_DRILLING,12.02,25.29,66.8,39.03,16399.2,276.8,3190.1,100,1.429,127.97,1.451,48.9,4.64,TORQUE_SPIKE
2023-01-29 20:00:00,OIL-SYN-002,2750.8,2654.5,Lakwa,ROTARY_DRILLING,13.86,27.51,83.2,46.78,16930.8,277.5,3225.0,99.7,1.432,127.16,1.45,38.9,3.31,TORQUE_SPIKE
2023-01-29 20:30:00,OIL-SYN-002,2764.9,2668.2,Lakwa,ROTARY_DRILLING,15.06,25.08,72.6,17.9,17201.8,289.0,3135.4,98.4,1.454,128.96,1.484,46.3,3.66,
2023-01-29 21:00:00,OIL-SYN-002,2779.1,2681.8,Lakwa,ROTARY_DRILLING,15.98,28.09,56.5,22.09,16278.9,294.4,3308.1,97.3,1.423,127.93,1.449,52.4,4.17,
2023-01-29 21:30:00,OIL-SYN-002,2793.2,2695.4,Lakwa,ROTARY_DRILLING,8.99,26.85,80.6,19.79,17441.4,291.3,3352.0,99.9,1.443,128.63,1.477,45.3,3.33,
2023-01-29 22:00:00,OIL-SYN-002,2807.3,2709.0,Lakwa,ROTARY_DRILLING,8.02,26.33,50,21.83,16543.5,299.8,3221.4,98.5,1.426,127.72,1.443,46.3,3.68,
2023-01-29 22:30:00,OIL-SYN-002,2821.4,2722.7,Lakwa,ROTARY_DRILLING,10.94,24.59,75.6,20.59,17399.1,283.2,3239.3,99.8,1.454,128.21,1.49,48.3,4.6,
2023-01-29 23:00:00,OIL-SYN-002,2835.5,2736.3,Lakwa,ROTARY_DRILLING,16.1,27.62,61.8,21.01,17217.6,291.5,3410.0,98.7,1.395,126.41,1.418,41.1,4.4,
2023-01-29 23:30:00,OIL-SYN-002,2849.7,2749.9,Lakwa,ROTARY_DRILLING,7.51,27.95,68.3,19.08,17380.4,295.2,3511.6,97.6,1.443,127.01,1.467,46.5,5.47,
2023-01-30 00:00:00,OIL-SYN-002,2863.8,2763.5,Lakwa,ROTARY_DRILLING,13.82,28.77,60.5,19.9,17675.0,281.3,3317.6,99.9,1.418,127.67,1.461,46.0,5.0,
2023-01-30 00:30:00,OIL-SYN-002,2877.9,2777.2,Lakwa,ROTARY_DRILLING,11.16,24.48,71.4,20.17,17347.2,294.9,3203.4,98.7,1.457,129.5,1.495,45.6,4.31,
2023-01-30 01:00:00,OIL-SYN-002,2892.0,2790.8,Lakwa,ROTARY_DRILLING,13.61,27.97,66.5,20.77,16601.4,291.5,3361.2,99.8,1.446,128.51,1.471,40.1,4.76,
2023-01-30 01:30:00,OIL-SYN-002,2906.1,2804.4,Lakwa,ROTARY_DRILLING,12.02,22.57,59.3,17.7,18069.7,270.3,3314.0,99.4,1.436,127.42,1.466,40.2,4.35,
2023-01-30 02:00:00,OIL-SYN-002,2920.3,2818.0,Lakwa,ROTARY_DRILLING,12.71,27.28,64.3,21.79,17367.9,289.6,3305.7,99.2,1.44,127.0,1.45,39.5,4.66,
2023-01-30 02:30:00,OIL-SYN-002,2934.4,2831.7,Lakwa,ROTARY_DRILLING,12.16,24.41,64.7,19.89,17107.3,284.7,3318.7,99.6,1.436,127.76,1.461,42.9,4.95,
2023-01-30 03:00:00,OIL-SYN-002,2948.5,2845.3,Lakwa,ROTARY_DRILLING,13.04,26.37,85.1,20.41,17499.7,293.1,3286.4,98.4,1.47,128.08,1.484,46.3,3.36,
2023-01-30 03:30:00,OIL-SYN-002,2962.6,2858.9,Lakwa,ROTARY_DRILLING,12.64,27.98,57.5,20.79,17535.6,284.9,3446.6,98.3,1.449,127.26,1.485,50.9,5.28,
2023-01-30 04:00:00,OIL-SYN-002,2976.7,2872.5,Lakwa,ROTARY_DRILLING,16.22,25.57,86.0,19.44,17657.3,294.7,3305.8,98.4,1.461,129.01,1.476,42.1,5.08,
2023-01-30 04:30:00,OIL-SYN-002,2990.8,2886.2,Lakwa,ROTARY_DRILLING,13.56,27.02,69.8,20.14,17647.9,295.7,3314.4,100,1.461,127.82,1.506,37.6,4.06,
2023-01-30 05:00:00,OIL-SYN-002,3005.0,2899.8,Lakwa,ROTARY_DRILLING,15.29,27.56,70.1,21.46,17216.9,276.8,3307.7,99.6,1.462,128.87,1.502,41.8,2.88,
2023-01-30 05:30:00,OIL-SYN-002,3019.1,2913.4,Lakwa,ROTARY_DRILLING,12.97,26.56,76.5,21.95,17477.1,281.6,3442.2,98.5,1.471,127.04,1.482,45.4,3.79,
2023-01-30 06:00:00,OIL-SYN-002,3033.2,2927.0,Lakwa,ROTARY_DRILLING,11.6,25.04,77.7,20.29,17470.7,305.9,3408.2,98.7,1.459,128.02,1.496,42.3,3.09,
2023-01-30 06:30:00,OIL-SYN-002,3047.3,2940.7,Lakwa,ROTARY_DRILLING,12.27,21.44,58.1,22.08,17651.3,298.7,3503.4,99.3,1.429,127.36,1.46,52.4,3.64,
2023-01-30 07:00:00,OIL-SYN-002,3061.4,2954.3,Lakwa,ROTARY_DRILLING,12.01,26.26,69.9,21.62,17463.6,300.2,3285.1,99.8,1.449,128.26,1.469,42.6,4.07,
2023-01-30 07:30:00,OIL-SYN-002,3075.6,2967.9,Lakwa,ROTARY_DRILLING,9.96,26.07,66.8,20.32,17901.7,288.5,3353.0,100,1.459,129.02,1.488,51.2,4.58,
2023-01-30 08:00:00,OIL-SYN-002,3089.7,2981.5,Lakwa,ROTARY_DRILLING,11.28,27.17,61.6,20.83,17154.5,298.6,3384.2,97.9,1.46,128.57,1.505,53.1,5.14,
2023-01-30 08:30:00,OIL-SYN-002,3103.8,2995.2,Lakwa,ROTARY_DRILLING,14.58,25.21,70.7,20.26,17317.8,292.9,3378.9,100,1.47,126.81,1.484,42.0,4.65,
2023-01-30 09:00:00,OIL-SYN-002,3117.9,3008.8,Lakwa,ROTARY_DRILLING,15.19,26.1,75.6,20.12,18084.7,295.0,3492.1,98.3,1.471,128.06,1.482,44.4,3.49,
2023-01-30 09:30:00,OIL-SYN-002,3132.0,3022.4,Lakwa,ROTARY_DRILLING,11.22,28.85,68.0,21.95,17775.0,307.4,3537.6,99.3,1.474,125.5,1.515,48.5,5.28,
2023-01-30 10:00:00,OIL-SYN-002,3146.2,3036.0,Lakwa,ROTARY_DRILLING,12.8,26.47,71.1,21.01,17085.5,300.5,3337.9,98.6,1.459,126.59,1.48,39.7,4.44,
2023-01-30 10:30:00,OIL-SYN-002,3160.3,3049.7,Lakwa,ROTARY_DRILLING,14.76,31.32,51.3,21.3,17895.9,296.3,3521.1,99.1,1.476,128.39,1.511,48.1,4.06,
2023-01-30 11:00:00,OIL-SYN-002,3174.4,3063.3,Lakwa,ROTARY_DRILLING,7.65,30.42,71.1,22.01,17000.3,289.1,3430.1,99.4,1.466,127.46,1.491,51.8,5.03,
2023-01-30 11:30:00,OIL-SYN-002,3188.5,3076.9,Lakwa,ROTARY_DRILLING,11.7,23.43,64.8,22.31,17895.1,302.7,3494.6,98.9,1.471,128.12,1.498,34.8,4.13,
2023-01-30 12:00:00,OIL-SYN-002,3202.6,3090.5,Nahorkatiya Sand,ROTARY_DRILLING,16.05,26.32,63.0,23.98,17336.6,313.2,3507.7,97.2,1.481,128.84,1.505,48.0,2.53,
2023-01-30 12:30:00,OIL-SYN-002,3216.8,3104.2,Nahorkatiya Sand,ROTARY_DRILLING,16.27,24.93,67.0,21.98,17842.3,293.9,3490.9,98.3,1.517,127.83,1.542,42.5,2.29,
2023-01-30 13:00:00,OIL-SYN-002,3230.9,3117.8,Nahorkatiya Sand,ROTARY_DRILLING,13.27,27.86,69.3,19.69,18039.1,300.7,3402.6,99.2,1.488,126.92,1.513,48.3,0.49,
2023-01-30 13:30:00,OIL-SYN-002,3245,3131.4,Nahorkatiya Sand,ROTARY_DRILLING,14.82,27.72,57.1,21.15,17759.2,307.3,3389.6,97.6,1.478,126.7,1.508,47.3,1.71,
2023-02-13 06:00:00,OIL-SYN-003,1000.0,965.0,Barail,ROTARY_DRILLING,21.18,21.29,97.9,11.57,14143.7,228.2,2699.4,98.3,1.229,126.82,1.252,50.6,2.44,
2023-02-13 06:30:00,OIL-SYN-003,1020.4,984.7,Barail,ROTARY_DRILLING,15.39,20.63,86.5,11.09,14196.6,233.9,2911.1,100,1.229,127.56,1.25,38.8,2.55,
2023-02-13 07:00:00,OIL-SYN-003,1040.8,1004.4,Barail,ROTARY_DRILLING,16.0,23.41,90.4,12.43,13828.7,217.6,2899.5,98.7,1.235,128.13,1.253,38.2,1.29,
2023-02-13 07:30:00,OIL-SYN-003,1061.2,1024.1,Barail,ROTARY_DRILLING,20.85,17.68,89.4,14.01,14392.4,214.7,2896.6,98.2,1.263,126.56,1.305,38.9,1.57,
2023-02-13 08:00:00,OIL-SYN-003,1081.6,1043.8,Barail,ROTARY_DRILLING,21.77,20.61,82.4,15.0,14960.0,240.9,2833.2,98.7,1.224,128.66,1.244,44.0,2.11,
2023-02-13 08:30:00,OIL-SYN-003,1102.0,1063.5,Barail,ROTARY_DRILLING,18.79,18.32,84.3,12.09,13961.8,223.5,2860.8,98.5,1.259,128.02,1.292,40.8,2.15,
2023-02-13 09:00:00,OIL-SYN-003,1122.5,1083.2,Barail,ROTARY_DRILLING,13.63,25.44,96.0,11.11,14263.4,236.2,2851.0,99.2,1.213,128.09,1.255,44.1,2.38,
2023-02-13 09:30:00,OIL-SYN-003,1142.9,1102.9,Barail,ROTARY_DRILLING,16.29,21.23,89.3,14.26,14701.7,239.8,2821.5,99.7,1.222,127.57,1.244,53.3,2.24,
2023-02-13 10:00:00,OIL-SYN-003,1163.3,1122.6,Barail,ROTARY_DRILLING,18.2,24.88,85.0,12.63,14392.6,205.1,2757.6,99.2,1.251,128.85,1.265,45.3,1.48,
2023-02-13 10:30:00,OIL-SYN-003,1183.7,1142.3,Barail,ROTARY_DRILLING,17.71,23.62,94.6,12.04,14667.7,226.5,2862.7,99.0,1.259,128.22,1.293,48.3,1.18,
2023-02-13 11:00:00,OIL-SYN-003,1204.1,1161.9,Barail,ROTARY_DRILLING,16.54,21.21,88.7,16.52,14298.2,234.9,3034.2,99.1,1.223,126.8,1.237,47.1,1.94,
2023-02-13 11:30:00,OIL-SYN-003,1224.5,1181.6,Barail,ROTARY_DRILLING,15.94,20.1,92.5,13.71,14504.7,225.0,2876.3,98.1,1.25,128.72,1.281,40.0,2.81,
2023-02-13 12:00:00,OIL-SYN-003,1244.9,1201.3,Barail,ROTARY_DRILLING,13.62,22.25,77.3,12.27,13929.3,232.3,2937.7,97.9,1.265,128.04,1.3,48.0,2.62,
2023-02-13 12:30:00,OIL-SYN-003,1265.3,1221.0,Barail,ROTARY_DRILLING,19.11,25.4,97.6,14.89,13795.1,231.4,2965.5,99.2,1.265,127.84,1.299,51.7,1.03,
2023-02-13 13:00:00,OIL-SYN-003,1285.7,1240.7,Barail,ROTARY_DRILLING,15.31,17.74,81.1,14.57,14276.1,235.2,2987.0,98.7,1.239,127.96,1.263,38.7,0.3,
2023-02-13 13:30:00,OIL-SYN-003,1306.1,1260.4,Barail,ROTARY_DRILLING,17.31,22.77,96.8,14.05,14219.9,234.1,2998.6,99.5,1.284,128.34,1.305,38.7,1.5,
2023-02-13 14:00:00,OIL-SYN-003,1326.5,1280.1,Barail,ROTARY_DRILLING,10.43,21.85,88.1,16.98,14511.0,242.2,2868.2,99.3,1.245,126.34,1.27,55.5,2.05,
2023-02-13 14:30:00,OIL-SYN-003,1346.9,1299.8,Barail,ROTARY_DRILLING,18.31,17.95,98.4,12.77,14792.6,242.0,2925.2,97.9,1.277,127.45,1.296,43.3,1.46,
2023-02-13 15:00:00,OIL-SYN-003,1367.4,1319.5,Barail,ROTARY_DRILLING,16.23,22.31,76.9,15.95,14956.0,237.2,2990.7,98.4,1.305,127.47,1.349,52.3,1.95,
2023-02-13 15:30:00,OIL-SYN-003,1387.8,1339.2,Barail,ROTARY_DRILLING,13.65,20.95,85.0,13.55,14449.7,230.3,2904.1,98.7,1.282,128.37,1.309,46.1,2.77,
2023-02-13 16:00:00,OIL-SYN-003,1408.2,1358.9,Tipam,ROTARY_DRILLING,13.84,25.86,77.2,15.23,15277.3,249.8,2963.7,98.9,1.28,128.4,1.304,45.1,2.37,
2023-02-13 16:30:00,OIL-SYN-003,1428.6,1378.6,Tipam,ROTARY_DRILLING,16.87,23.65,95.8,16.71,15052.0,255.2,3041.2,99.6,1.292,126.78,1.317,52.8,2.89,
2023-02-13 17:00:00,OIL-SYN-003,1449.0,1398.3,Tipam,ROTARY_DRILLING,13.36,18.39,97.2,13.64,14467.4,258.5,2973.0,100,1.252,126.78,1.284,41.0,1.52,
2023-02-13 17:30:00,OIL-SYN-003,1469.4,1418.0,Tipam,ROTARY_DRILLING,14.16,20.08,81.9,14.88,14993.5,237.7,2965.0,97.9,1.343,127.72,1.372,44.4,2.95,
2023-02-13 18:00:00,OIL-SYN-003,1489.8,1437.7,Tipam,ROTARY_DRILLING,15.74,16.26,97.5,12.57,15448.2,238.2,3059.5,100,1.266,128.34,1.294,42.7,1.6,
2023-02-13 18:30:00,OIL-SYN-003,1510.2,1457.4,Tipam,ROTARY_DRILLING,16.63,24.95,75.8,17.56,14300.4,253.7,2972.5,100,1.258,128.8,1.281,45.3,0.88,
2023-02-13 19:00:00,OIL-SYN-003,1530.6,1477.1,Tipam,ROTARY_DRILLING,16.72,16.86,86.6,12.61,14757.9,245.3,2955.6,99.0,1.281,129.53,1.296,41.0,1.98,
2023-02-13 19:30:00,OIL-SYN-003,1551.0,1496.8,Tipam,ROTARY_DRILLING,17.08,22.94,81.3,16.48,15113.4,240.1,3026.9,99.1,1.286,128.34,1.323,49.0,2.65,
2023-02-13 20:00:00,OIL-SYN-003,1571.4,1516.4,Tipam,ROTARY_DRILLING,15.11,25.86,99.8,13.62,14917.0,228.3,3164.7,99.4,1.283,128.94,1.306,48.5,3.29,
2023-02-13 20:30:00,OIL-SYN-003,1591.9,1536.1,Tipam,ROTARY_DRILLING,18.53,23.06,92.7,15.13,14694.2,245.0,3003.7,99.5,1.287,128.51,1.317,43.3,2.08,
2023-02-13 21:00:00,OIL-SYN-003,1612.3,1555.8,Tipam,ROTARY_DRILLING,15.11,20.26,70.3,16.74,14879.6,232.1,3004.2,98.6,1.292,127.69,1.337,41.6,0,
2023-02-13 21:30:00,OIL-SYN-003,1632.7,1575.5,Tipam,ROTARY_DRILLING,13.5,23.83,84.6,13.58,14480.4,253.9,3017.3,98.0,1.3,126.33,1.313,36.7,1.39,
2023-02-13 22:00:00,OIL-SYN-003,1653.1,1595.2,Tipam,ROTARY_DRILLING,14.61,23.16,106.2,13.31,14850.8,243.9,3021.1,99.4,1.307,126.69,1.334,42.3,2.77,
2023-02-13 22:30:00,OIL-SYN-003,1673.5,1614.9,Tipam,ROTARY_DRILLING,18.11,19.33,83.7,16.71,14477.4,245.4,3063.8,98.5,1.305,127.96,1.349,40.5,2.84,
2023-02-13 23:00:00,OIL-SYN-003,1693.9,1634.6,Tipam,ROTARY_DRILLING,14.3,22.69,85.0,15.27,15278.9,251.4,2823.1,98.2,1.295,128.94,1.316,43.1,2.23,
2023-02-13 23:30:00,OIL-SYN-003,1714.3,1654.3,Tipam,ROTARY_DRILLING,16.96,23.84,72.8,15.83,14709.7,248.9,2964.9,97.7,1.329,127.66,1.35,41.3,2.97,
2023-02-14 00:00:00,OIL-SYN-003,1734.7,1674.0,Tipam,ROTARY_DRILLING,18.64,23.86,92.0,17.22,15525.1,240.3,3018.7,97.6,1.27,127.3,1.294,50.4,1.14,
2023-02-14 00:30:00,OIL-SYN-003,1755.1,1693.7,Tipam,ROTARY_DRILLING,17.77,25.06,90.8,16.04,15129.6,255.6,3108.6,99.0,1.31,126.36,1.333,46.5,1.0,
2023-02-14 01:00:00,OIL-SYN-003,1775.5,1713.4,Tipam,ROTARY_DRILLING,19.76,22.53,85.0,16.67,15703.2,265.4,3136.7,98.9,1.32,126.1,1.348,50.8,0.49,
2023-02-14 01:30:00,OIL-SYN-003,1795.9,1733.1,Tipam,ROTARY_DRILLING,13.59,23.03,81.0,14.34,15936.5,257.9,3062.8,100,1.333,127.53,1.351,45.1,2.34,
2023-02-14 02:00:00,OIL-SYN-003,1816.4,1752.8,Tipam,ROTARY_DRILLING,15.22,23.12,73.3,14.13,16083.3,242.4,3072.0,97.9,1.324,128.16,1.358,50.1,2.24,
2023-02-14 02:30:00,OIL-SYN-003,1836.8,1772.5,Tipam,ROTARY_DRILLING,11.88,21.91,77.2,15.53,15091.1,260.6,3014.4,99.5,1.342,128.46,1.368,44.5,1.46,
2023-02-14 03:00:00,OIL-SYN-003,1857.2,1792.2,Tipam,ROTARY_DRILLING,14.66,19.36,82.8,16.52,15634.2,245.7,3005.7,99.0,1.313,128.17,1.34,48.7,1.52,
2023-02-14 03:30:00,OIL-SYN-003,1877.6,1811.9,Tipam,ROTARY_DRILLING,19.37,23.16,80.3,15.81,15383.8,244.3,2977.3,98.6,1.312,127.4,1.355,41.3,3.31,
2023-02-14 04:00:00,OIL-SYN-003,1898.0,1831.6,Tipam,ROTARY_DRILLING,15.92,23.7,72.4,17.44,15416.7,260.1,3043.1,98.9,1.334,128.47,1.353,41.4,0.64,
2023-02-14 04:30:00,OIL-SYN-003,1918.4,1851.3,Tipam,ROTARY_DRILLING,13.77,27.81,88.5,16.83,16146.7,258.2,3180.5,98.6,1.317,128.32,1.351,51.8,1.57,
2023-02-14 05:00:00,OIL-SYN-003,1938.8,1870.9,Tipam,ROTARY_DRILLING,15.71,23.03,80.8,16.66,15146.3,252.3,3155.3,99.1,1.346,128.14,1.39,42.5,1.69,
2023-02-14 05:30:00,OIL-SYN-003,1959.2,1890.6,Tipam,ROTARY_DRILLING,12.25,20.76,86.7,16.68,16142.7,256.0,3108.7,106.7,1.314,137.7,1.358,44.5,9.26,KICK
2023-02-14 06:00:00,OIL-SYN-003,1979.6,1910.3,Tipam,ROTARY_DRILLING,20.21,23.94,87.5,18.3,15524.1,250.1,3040.4,107.6,1.349,138.58,1.365,45.5,11.48,KICK
2023-02-14 06:30:00,OIL-SYN-003,2000.0,1930.0,Tipam,ROTARY_DRILLING,12.35,27.6,78.8,15.55,15509.6,268.4,3146.6,105.7,1.337,134.89,1.351,54.5,6.04,KICK
2023-02-14 07:00:00,OIL-SYN-003,2020.4,1949.7,Tipam,ROTARY_DRILLING,13.63,26.65,79.9,16.94,15536.4,266.2,3124.3,107.8,1.353,136.88,1.364,44.4,8.24,KICK
2023-02-14 07:30:00,OIL-SYN-003,2040.8,1969.4,Tipam,ROTARY_DRILLING,15.02,23.76,81.0,16.19,15495.8,247.1,3089.0,106.0,1.328,137.76,1.366,48.0,8.62,KICK
2023-02-14 08:00:00,OIL-SYN-003,2061.3,1989.1,Girujan,ROTARY_DRILLING,17.41,23.79,86.8,17.22,15997.7,267.1,3004.7,105.8,1.327,138.77,1.372,72.3,11.21,KICK
2023-02-14 08:30:00,OIL-SYN-003,2081.7,2008.8,Girujan,ROTARY_DRILLING,18.0,22.2,73.1,19.62,15037.7,263.1,3233.9,111.3,1.328,139.43,1.363,77.5,7.27,KICK
2023-02-14 09:00:00,OIL-SYN-003,2102.1,2028.5,Girujan,ROTARY_DRILLING,15.1,24.85,74.5,17.07,16070.8,282.0,3027.7,99.7,1.355,126.52,1.397,71.4,0.31,
2023-02-14 09:30:00,OIL-SYN-003,2122.5,2048.2,Girujan,ROTARY_DRILLING,13.1,26.96,75.4,19.34,15909.4,267.6,3232.3,99.5,1.367,129.16,1.379,62.9,1.57,
2023-02-14 10:00:00,OIL-SYN-003,2142.9,2067.9,Girujan,ROTARY_DRILLING,11.68,27.81,68.4,17.1,16227.6,277.8,3249.1,99.5,1.359,126.92,1.37,77.7,1.77,
2023-02-14 10:30:00,OIL-SYN-003,2163.3,2087.6,Girujan,ROTARY_DRILLING,13.52,22.85,74.3,17.19,15753.7,263.8,3221.5,98.0,1.379,128.76,1.401,66.3,1.07,
2023-02-14 11:00:00,OIL-SYN-003,2183.7,2107.3,Girujan,ROTARY_DRILLING,12.3,24.44,77.8,16.88,15443.9,266.6,3120.5,100,1.333,126.35,1.378,72.5,0.13,
2023-02-14 11:30:00,OIL-SYN-003,2204.1,2127.0,Girujan,ROTARY_DRILLING,15.18,24.9,67.8,17.73,16760.3,267.8,3121.2,98.7,1.363,127.13,1.404,67.6,2.16,
2023-02-14 12:00:00,OIL-SYN-003,2224.5,2146.7,Girujan,ROTARY_DRILLING,11.06,21.88,91.9,17.65,15890.2,263.2,3178.3,97.3,1.359,127.36,1.395,63.9,0.68,
2023-02-14 12:30:00,OIL-SYN-003,2244.9,2166.4,Girujan,ROTARY_DRILLING,14.17,28.23,95.4,17.1,16509.5,266.0,3005.1,98.4,1.35,127.11,1.382,80.4,2.22,
2023-02-14 13:00:00,OIL-SYN-003,2265.3,2186.1,Girujan,ROTARY_DRILLING,15.69,26.28,66.4,18.51,16609.4,273.6,3232.8,97.6,1.374,127.75,1.388,92.0,0.92,
2023-02-14 13:30:00,OIL-SYN-003,2285.8,2205.8,Girujan,ROTARY_DRILLING,16.17,24.19,67.8,18.04,16024.3,271.8,3221.9,99.6,1.396,127.66,1.429,74.4,1.63,
2023-02-14 14:00:00,OIL-SYN-003,2306.2,2225.4,Girujan,ROTARY_DRILLING,14.64,24.81,76.0,16.78,16613.4,282.2,3186.2,98.4,1.358,127.16,1.381,78.8,1.73,
2023-02-14 14:30:00,OIL-SYN-003,2326.6,2245.1,Girujan,ROTARY_DRILLING,18.8,26.43,87.5,18.15,16227.7,280.7,3260.1,98.8,1.399,128.31,1.44,65.6,1.24,
2023-02-14 15:00:00,OIL-SYN-003,2347.0,2264.8,Girujan,ROTARY_DRILLING,14.13,26.07,80.0,16.87,15497.8,272.8,3047.1,99.5,1.389,127.25,1.426,70.4,1.16,
2023-02-14 15:30:00,OIL-SYN-003,2367.4,2284.5,Girujan,ROTARY_DRILLING,14.82,23.02,72.3,40.43,15798.6,273.4,3179.7,98.8,1.384,128.45,1.401,71.1,0.9,TORQUE_SPIKE
2023-02-14 16:00:00,OIL-SYN-003,2387.8,2304.2,Girujan,ROTARY_DRILLING,9.96,24.4,65.2,31.88,15498.2,274.9,3118.1,98.3,1.383,126.12,1.425,78.7,2.14,TORQUE_SPIKE
2023-02-14 16:30:00,OIL-SYN-003,2408.2,2323.9,Girujan,ROTARY_DRILLING,10.56,20.87,74.6,37.18,16099.3,273.6,3327.3,99.7,1.361,126.69,1.391,77.3,2.5,TORQUE_SPIKE
2023-02-14 17:00:00,OIL-SYN-003,2428.6,2343.6,Girujan,ROTARY_DRILLING,15.93,24.05,72.9,35.98,16715.0,278.0,3202.7,100,1.369,127.73,1.404,76.5,2.03,TORQUE_SPIKE
2023-02-14 17:30:00,OIL-SYN-003,2449.0,2363.3,Girujan,ROTARY_DRILLING,19.62,27.59,74.0,35.61,16641.4,281.3,3152.2,99.0,1.422,128.52,1.441,72.5,1.3,TORQUE_SPIKE
2023-02-14 18:00:00,OIL-SYN-003,2469.4,2383.0,Girujan,ROTARY_DRILLING,11.15,26.78,84.9,34.68,16243.8,282.7,3185.5,98.4,1.406,129.14,1.43,71.4,1.47,TORQUE_SPIKE
2023-02-14 18:30:00,OIL-SYN-003,2489.8,2402.7,Girujan,ROTARY_DRILLING,19.31,26.27,65.7,31.98,16542.9,270.4,3314.6,97.0,1.376,128.66,1.418,71.6,0.46,TORQUE_SPIKE
2023-02-14 19:00:00,OIL-SYN-003,2510.3,2422.4,Girujan,ROTARY_DRILLING,12.22,30.52,66.2,19.06,17065.8,273.4,3148.1,98.7,1.402,127.23,1.414,69.9,1.44,
2023-02-14 19:30:00,OIL-SYN-003,2530.7,2442.1,Girujan,ROTARY_DRILLING,14.41,23.95,68.0,17.87,16753.4,284.7,3261.8,98.6,1.414,128.84,1.445,74.4,1.75,
2023-02-14 20:00:00,OIL-SYN-003,2551.1,2461.8,Lakwa,ROTARY_DRILLING,10.63,27.26,66.6,18.09,16662.1,284.0,3098.3,99.2,1.385,127.95,1.418,39.5,5.32,
2023-02-14 20:30:00,OIL-SYN-003,2571.5,2481.5,Lakwa,ROTARY_DRILLING,12.43,24.57,66.8,18.84,16499.7,269.1,3351.8,100,1.407,129.12,1.45,45.5,4.21,
2023-02-14 21:00:00,OIL-SYN-003,2591.9,2501.2,Lakwa,ROTARY_DRILLING,14.37,25.32,76.6,18.0,16642.5,263.4,3364.7,99.7,1.408,128.05,1.439,50.0,4.03,
2023-02-14 21:30:00,OIL-SYN-003,2612.3,2520.9,Lakwa,ROTARY_DRILLING,13.94,22.87,80.2,17.86,16838.3,278.9,3266.1,100,1.398,126.93,1.441,47.4,3.62,
2023-02-14 22:00:00,OIL-SYN-003,2632.7,2540.6,Lakwa,ROTARY_DRILLING,13.5,24.2,67.4,18.11,16605.1,285.5,3298.5,99.5,1.386,127.92,1.42,43.1,4.4,
2023-02-14 22:30:00,OIL-SYN-003,2653.1,2560.3,Lakwa,ROTARY_DRILLING,17.89,26.98,64.2,19.25,16641.4,283.4,3188.0,99.9,1.427,127.18,1.466,40.4,4.17,
2023-02-14 23:00:00,OIL-SYN-003,2673.5,2579.9,Lakwa,ROTARY_DRILLING,11.7,26.72,80.0,19.37,16386.3,282.7,3218.2,100,1.422,128.52,1.455,44.4,3.59,
2023-02-14 23:30:00,OIL-SYN-003,2693.9,2599.6,Lakwa,ROTARY_DRILLING,18.77,24.89,84.2,17.82,16749.5,287.0,3174.5,99.4,1.425,127.76,1.45,43.9,3.74,
2023-02-15 00:00:00,OIL-SYN-003,2714.3,2619.3,Lakwa,ROTARY_DRILLING,13.97,26.31,65.2,21.28,16751.7,275.2,3277.8,98.9,1.414,127.87,1.446,44.9,4.91,
2023-02-15 00:30:00,OIL-SYN-003,2734.7,2639.0,Lakwa,ROTARY_DRILLING,17.08,26.65,72.6,20.21,17397.6,286.3,3272.4,97.9,1.431,128.26,1.463,49.4,4.01,
2023-02-15 01:00:00,OIL-SYN-003,2755.2,2658.7,Lakwa,ROTARY_DRILLING,9.33,23.8,64.0,18.63,17142.2,287.4,3416.9,98.7,1.433,126.54,1.464,40.7,4.0,
2023-02-15 01:30:00,OIL-SYN-003,2775.6,2678.4,Lakwa,ROTARY_DRILLING,15.51,22.72,64.9,19.0,16504.2,297.0,3232.1,98.6,1.429,127.47,1.464,43.4,3.34,
2023-02-15 02:00:00,OIL-SYN-003,2796.0,2698.1,Lakwa,ROTARY_DRILLING,12.61,24.75,57.4,18.78,16653.0,282.4,3169.4,100,1.417,128.69,1.433,45.8,4.24,
2023-02-15 02:30:00,OIL-SYN-003,2816.4,2717.8,Lakwa,ROTARY_DRILLING,14.63,26.93,72.2,21.35,18672.8,293.0,3177.3,99.4,1.433,126.65,1.443,45.3,3.52,CEMENTING_ISSUE
2023-02-15 03:00:00,OIL-SYN-003,2836.8,2737.5,Lakwa,ROTARY_DRILLING,12.68,26.77,71.5,20.04,17686.5,285.1,3264.8,99.1,1.434,126.04,1.457,46.4,4.58,CEMENTING_ISSUE
2023-02-15 03:30:00,OIL-SYN-003,2857.2,2757.2,Lakwa,ROTARY_DRILLING,11.29,28.5,63.9,19.86,17503.0,294.0,3326.2,97.1,1.463,128.73,1.502,48.3,5.36,CEMENTING_ISSUE
2023-02-15 04:00:00,OIL-SYN-003,2877.6,2776.9,Lakwa,ROTARY_DRILLING,13.64,26.98,57.4,19.74,19057.7,296.0,3327.5,99.3,1.421,129.61,1.46,45.2,4.01,CEMENTING_ISSUE
2023-02-15 04:30:00,OIL-SYN-003,2898.0,2796.6,Lakwa,ROTARY_DRILLING,13.89,26.81,67.5,21.57,19114.7,286.6,3326.7,98.6,1.467,127.79,1.509,45.0,4.09,CEMENTING_ISSUE
2023-02-15 05:00:00,OIL-SYN-003,2918.4,2816.3,Lakwa,ROTARY_DRILLING,15.46,22.64,61.6,19.59,17526.7,288.3,3157.1,98.6,1.457,126.43,1.501,43.0,3.61,CEMENTING_ISSUE
2023-02-15 05:30:00,OIL-SYN-003,2938.8,2836.0,Lakwa,ROTARY_DRILLING,13.35,25.86,68.6,19.81,18930.0,287.6,3443.7,99.8,1.413,126.23,1.448,50.0,2.7,CEMENTING_ISSUE
2023-02-15 06:00:00,OIL-SYN-003,2959.2,2855.7,Lakwa,ROTARY_DRILLING,11.62,24.71,74.3,20.89,17325.3,294.3,3335.8,99.0,1.454,126.77,1.469,44.2,3.7,
2023-02-15 06:30:00,OIL-SYN-003,2979.7,2875.4,Lakwa,ROTARY_DRILLING,12.83,26.19,66.9,20.21,16745.7,294.1,3321.9,98.4,1.446,128.23,1.467,44.4,3.46,
2023-02-15 07:00:00,OIL-SYN-003,3000.1,2895.1,Lakwa,ROTARY_DRILLING,13.44,25.59,73.6,21.17,17219.4,286.5,3351.6,97.8,1.454,126.47,1.488,42.9,4.56,
2023-02-15 07:30:00,OIL-SYN-003,3020.5,2914.8,Lakwa,ROTARY_DRILLING,15.69,28.8,73.0,20.43,17353.3,288.7,3331.4,99.5,1.42,127.0,1.44,44.4,5.79,
2023-02-15 08:00:00,OIL-SYN-003,3040.9,2934.4,Lakwa,ROTARY_DRILLING,17.02,27.82,68.4,21.65,16499.1,296.1,3308.2,99.3,1.426,129.07,1.447,47.0,5.32,
2023-02-15 08:30:00,OIL-SYN-003,3061.3,2954.1,Lakwa,ROTARY_DRILLING,9.27,30.56,78.6,23.41,17404.7,297.1,3389.5,97.7,1.455,129.55,1.474,37.8,5.16,
2023-02-15 09:00:00,OIL-SYN-003,3081.7,2973.8,Lakwa,ROTARY_DRILLING,14.22,24.08,73.8,20.52,17367.9,290.9,3371.5,98.4,1.484,126.2,1.504,43.2,5.53,
2023-02-15 09:30:00,OIL-SYN-003,3102.1,2993.5,Lakwa,ROTARY_DRILLING,10.06,25.27,51.3,21.61,17141.4,308.6,3369.2,100,1.469,128.22,1.49,37.8,4.71,
2023-02-15 10:00:00,OIL-SYN-003,3122.5,3013.2,Lakwa,ROTARY_DRILLING,8.42,31.06,62.1,23.5,17203.4,296.2,3357.3,100,1.485,129.11,1.52,45.1,3.46,
2023-02-15 10:30:00,OIL-SYN-003,3142.9,3032.9,Lakwa,ROTARY_DRILLING,14.66,28.54,67.5,19.81,17123.6,305.6,3463.5,99.7,1.486,127.44,1.499,51.2,4.04,
2023-02-15 11:00:00,OIL-SYN-003,3163.3,3052.6,Lakwa,NPT,0,25.72,52.0,20.54,18321.7,293.0,3409.1,99.2,1.482,126.37,1.507,43.1,3.9,NPT
2023-02-15 11:30:00,OIL-SYN-003,3183.7,3072.3,Lakwa,NPT,0,27.24,59.5,21.47,17175.7,297.5,3345.2,99.2,1.474,128.44,1.489,42.5,5.16,NPT
2023-02-15 12:00:00,OIL-SYN-003,3204.2,3092.0,Nahorkatiya Sand,NPT,0,25.81,76.1,21.5,17384.7,310.2,3358.7,98.9,1.48,130.19,1.496,35.6,2.93,NPT
2023-02-15 12:30:00,OIL-SYN-003,3224.6,3111.7,Nahorkatiya Sand,NPT,0,29.89,60.2,21.74,17642.1,310.6,3462.5,99.8,1.48,127.67,1.519,34.6,1.07,NPT
2023-02-15 13:00:00,OIL-SYN-003,3245.0,3131.4,Nahorkatiya Sand,NPT,0,27.95,70.0,22.75,17054.1,309.8,3386.5,98.6,1.459,128.05,1.479,43.7,2.4,NPT
2023-02-15 13:30:00,OIL-SYN-003,3265.4,3151.1,Nahorkatiya Sand,NPT,0,29.62,55.8,24.37,17233.4,306.8,3355.3,97.5,1.487,127.92,1.529,37.4,1.69,NPT
2023-02-15 14:00:00,OIL-SYN-003,3285.8,3170.8,Nahorkatiya Sand,NPT,0,31.23,71.3,22.48,17729.3,302.9,3320.4,97.3,1.485,127.17,1.502,39.6,3.56,NPT
2023-02-15 14:30:00,OIL-SYN-003,3306.2,3190.5,Nahorkatiya Sand,ROTARY_DRILLING,18.7,26.29,62.4,21.62,16876.0,298.5,3471.5,98.6,1.516,126.85,1.533,51.0,1.06,
2023-02-15 15:00:00,OIL-SYN-003,3326.6,3210.2,Nahorkatiya Sand,ROTARY_DRILLING,14.87,30.53,73.1,20.23,18432.9,316.5,3402.1,100,1.481,129.82,1.499,43.4,2.49,
2023-02-15 15:30:00,OIL-SYN-003,3347.0,3229.9,Nahorkatiya Sand,ROTARY_DRILLING,13.72,27.84,70.2,20.22,17819.2,315.7,3413.5,98.4,1.502,127.7,1.532,36.1,0.17,
2023-02-15 16:00:00,OIL-SYN-003,3367.4,3249.6,Nahorkatiya Sand,ROTARY_DRILLING,9.93,28.47,60.6,20.37,17714.6,301.7,3677.1,99.8,1.509,127.64,1.548,36.4,1.03,
2023-02-15 16:30:00,OIL-SYN-003,3387.8,3269.3,Nahorkatiya Sand,ROTARY_DRILLING,12.11,24.2,50,21.98,16863.2,297.2,3421.0,100,1.5,128.36,1.544,45.6,2.08,
2023-02-15 17:00:00,OIL-SYN-003,3408.2,3289.0,Nahorkatiya Sand,ROTARY_DRILLING,10.99,31.38,77.3,20.63,17944.6,300.8,3494.3,99.0,1.508,129.54,1.531,46.7,3.1,
2023-02-15 17:30:00,OIL-SYN-003,3428.6,3308.6,Nahorkatiya Sand,ROTARY_DRILLING,12.99,27.42,55.5,19.66,17961.3,319.1,3443.9,98.3,1.519,127.66,1.551,40.9,1.3,
2023-02-15 18:00:00,OIL-SYN-003,3449.1,3328.3,Nahorkatiya Sand,ROTARY_DRILLING,10.03,24.67,52.9,21.26,17938.7,306.6,3393.7,98.7,1.48,128.62,1.499,33.3,1.86,
2023-02-15 18:30:00,OIL-SYN-003,3469.5,3348.0,Nahorkatiya Sand,ROTARY_DRILLING,12.63,23.12,60.8,19.8,19014.9,308.9,3249.6,100,1.502,127.96,1.538,35.7,1.99,
2023-02-15 19:00:00,OIL-SYN-003,3489.9,3367.7,Nahorkatiya Sand,ROTARY_DRILLING,10.24,28.27,67.2,23.52,18584.7,318.3,3555.7,99.5,1.495,128.22,1.527,42.7,2.75,
2023-02-15 19:30:00,OIL-SYN-003,3510.3,3387.4,Nahorkatiya Sand,ROTARY_DRILLING,12.55,24.61,61.7,20.16,17888.1,300.9,3494.2,99.0,1.497,128.39,1.514,39.4,2.21,
2023-02-15 20:00:00,OIL-SYN-003,3530.7,3407.1,Nahorkatiya Sand,ROTARY_DRILLING,14.17,27.65,52.1,20.84,18567.5,320.8,3319.9,99.3,1.524,127.24,1.537,43.9,1.49,
2023-02-15 20:30:00,OIL-SYN-003,3551.1,3426.8,Nahorkatiya Sand,ROTARY_DRILLING,13.21,24.26,50,21.48,18244.1,322.0,3418.2,98.6,1.53,128.68,1.564,43.6,1.58,
2023-02-15 21:00:00,OIL-SYN-003,3571.5,3446.5,Nahorkatiya Sand,ROTARY_DRILLING,9.12,25.87,61.1,23.54,18596.6,316.3,3401.3,99.1,1.533,128.62,1.552,43.7,0.59,
2023-02-15 21:30:00,OIL-SYN-003,3591.9,3466.2,Nahorkatiya Sand,ROTARY_DRILLING,12.39,25.84,78.5,24.2,18273.2,312.5,3577.2,98.2,1.5,127.62,1.535,34.5,2.76,
2023-02-15 22:00:00,OIL-SYN-003,3612.3,3485.9,Nahorkatiya Sand,ROTARY_DRILLING,13.09,29.48,63.9,21.96,18675.3,300.2,3610.7,99.2,1.524,127.08,1.557,50.1,0.91,
2023-02-15 22:30:00,OIL-SYN-003,3632.7,3505.6,Nahorkatiya Sand,ROTARY_DRILLING,9.83,26.85,69.3,22.89,18935.7,327.4,3461.7,99.5,1.523,128.77,1.547,40.9,3.06,
2023-02-15 23:00:00,OIL-SYN-003,3653.1,3525.3,Nahorkatiya Sand,ROTARY_DRILLING,14.41,30.19,58.8,21.34,18203.7,333.0,3659.7,100,1.512,130.04,1.54,46.6,1.43,
2023-02-15 23:30:00,OIL-SYN-003,3673.6,3545.0,Nahorkatiya Sand,ROTARY_DRILLING,8.18,29.54,50,22.44,17756.1,325.2,3552.4,99.5,1.508,126.95,1.53,50.3,0.71,
2023-02-16 00:00:00,OIL-SYN-003,3694.0,3564.7,Nahorkatiya Sand,ROTARY_DRILLING,7.45,26.86,65.1,23.36,18240.5,325.6,3519.5,99.3,1.546,128.31,1.561,49.2,1.75,
2023-02-16 00:30:00,OIL-SYN-003,3714.4,3584.4,Barail,ROTARY_DRILLING,11.93,28.96,50,21.99,18372.8,330.2,3642.4,99.2,1.52,130.94,1.546,50.7,0.65,
2023-02-16 01:00:00,OIL-SYN-003,3734.8,3604.1,Barail,ROTARY_DRILLING,16.79,25.7,66.6,22.46,18270.5,326.3,3511.3,100,1.516,128.23,1.548,36.8,1.01,
2023-02-16 01:30:00,OIL-SYN-003,3755.2,3623.8,Barail,ROTARY_DRILLING,12.35,25.7,60.4,21.27,18345.1,320.4,3621.1,98.9,1.579,129.3,1.602,45.5,1.68,
2023-02-16 02:00:00,OIL-SYN-003,3775.6,3643.5,Barail,ROTARY_DRILLING,6.86,32.83,64.6,24.75,18462.3,314.9,3636.9,99.4,1.572,126.15,1.604,42.3,2.08,
2023-02-16 02:30:00,OIL-SYN-003,3796.0,3663.1,Barail,ROTARY_DRILLING,12.9,27.57,50,24.61,18984.6,334.4,3581.6,98.9,1.534,128.15,1.544,46.5,0.68,
2023-02-16 03:00:00,OIL-SYN-003,3816.4,3682.8,Barail,ROTARY_DRILLING,11.27,28.2,50.5,25.21,18598.9,320.9,3380.1,100,1.545,128.45,1.555,49.1,1.21,
2023-02-16 03:30:00,OIL-SYN-003,3836.8,3702.5,Barail,ROTARY_DRILLING,11.02,27.99,53.4,21.18,18755.5,322.0,3570.2,98.1,1.554,129.53,1.596,31.8,1.88,
2023-02-16 04:00:00,OIL-SYN-003,3857.2,3722.2,Barail,ROTARY_DRILLING,7.14,29.04,53.9,23.41,18109.3,330.6,3679.1,99.8,1.531,129.26,1.576,37.6,1.84,
2023-02-16 04:30:00,OIL-SYN-003,3877.6,3741.9,Barail,ROTARY_DRILLING,8.13,25.59,58.9,23.58,18674.4,324.8,3534.2,99.1,1.569,128.09,1.596,42.1,2.63,
2023-02-16 05:00:00,OIL-SYN-003,3898.1,3761.6,Barail,ROTARY_DRILLING,17.24,30.03,52.1,25.37,18887.2,331.1,3674.2,98.5,1.57,128.08,1.612,41.3,1.3,
2023-02-16 05:30:00,OIL-SYN-003,3918.5,3781.3,Barail,ROTARY_DRILLING,10.09,25.6,50,25.36,18565.3,327.5,3534.7,97.3,1.562,126.01,1.582,46.2,2.1,
2023-02-16 06:00:00,OIL-SYN-003,3938.9,3801.0,Barail,ROTARY_DRILLING,13.6,28.37,50,24.78,18654.4,337.9,3561.2,99.1,1.558,127.59,1.592,45.1,1.75,
2023-02-16 06:30:00,OIL-SYN-003,3959.3,3820.7,Barail,ROTARY_DRILLING,8.07,27.14,70.2,23.18,18807.6,329.2,3615.5,97.4,1.574,128.69,1.607,47.0,1.66,
2023-02-16 07:00:00,OIL-SYN-003,3979.7,3840.4,Barail,ROTARY_DRILLING,8.06,26.79,50,23.38,18860.2,330.0,3541.1,98.1,1.55,129.23,1.578,43.0,1.04,
2023-02-16 07:30:00,OIL-SYN-003,4000.1,3860.1,Barail,ROTARY_DRILLING,13.18,28.76,50,24.31,19750.6,320.2,3580.6,98.6,1.545,127.72,1.582,39.1,2.21,
2023-02-16 08:00:00,OIL-SYN-003,4020.5,3879.8,Barail,ROTARY_DRILLING,13.99,31.8,50,23.38,18495.3,324.1,3727.1,99.0,1.535,128.5,1.554,46.5,1.95,
2023-02-16 08:30:00,OIL-SYN-003,4040.9,3899.5,Barail,ROTARY_DRILLING,10.63,32.66,66.1,23.23,18853.1,345.1,3611.0,99.1,1.552,126.84,1.588,48.2,1.74,
2023-02-16 09:00:00,OIL-SYN-003,4061.3,3919.2,Barail,ROTARY_DRILLING,11.05,31.02,54.9,26.05,18737.1,320.9,3650.3,99.2,1.563,128.4,1.583,38.2,0.55,
2023-02-16 09:30:00,OIL-SYN-003,4081.7,3938.9,Barail,ROTARY_DRILLING,11.6,31.61,58.5,25.89,18654.0,329.4,3579.6,100,1.565,128.83,1.595,44.9,1.69,
2023-02-16 10:00:00,OIL-SYN-003,4102.1,3958.6,Barail,ROTARY_DRILLING,9.65,27.97,50,26.42,18772.2,330.5,3687.5,100,1.571,126.85,1.583,44.6,2.7,
2023-02-16 10:30:00,OIL-SYN-003,4122.5,3978.3,Barail,ROTARY_DRILLING,8.25,24.22,50,24.74,18464.0,340.1,3609.9,98.6,1.572,128.3,1.599,39.4,2.49,
2023-02-16 11:00:00,OIL-SYN-003,4143.0,3998.0,Barail,ROTARY_DRILLING,13.21,31.76,62.6,21.91,18958.9,333.6,3659.2,99.3,1.601,130.03,1.621,44.5,2.7,
2023-02-16 11:30:00,OIL-SYN-003,4163.4,4017.6,Barail,ROTARY_DRILLING,16.11,33.11,55.3,25.44,18477.7,321.2,3619.4,98.2,1.594,128.33,1.623,39.6,1.04,
2023-02-16 12:00:00,OIL-SYN-003,4183.8,4037.3,Barail,ROTARY_DRILLING,14.04,30.35,50,24.45,18389.2,344.0,3545.9,100,1.587,126.78,1.608,49.1,0.6,
2023-02-16 12:30:00,OIL-SYN-003,4204.2,4057.0,Barail,ROTARY_DRILLING,11.69,26.62,50,24.91,19133.3,346.1,3604.5,98.9,1.595,126.7,1.605,42.0,2.21,
2023-02-16 13:00:00,OIL-SYN-003,4224.6,4076.7,Barail,ROTARY_DRILLING,10.91,28.06,64.0,23.99,19025.3,339.1,3646.1,98.3,1.586,129.59,1.617,54.1,1.32,
2023-02-16 13:30:00,OIL-SYN-003,4245,4096.4,Barail,ROTARY_DRILLING,8.69,32.08,52.7,25.18,19343.2,340.0,3607.4,98.5,1.602,130.75,1.619,50.3,2.01,
2023-03-02 06:00:00,OIL-SYN-004,1000.0,965.0,Barail,ROTARY_DRILLING,15.33,21.71,88.0,13.74,14016.6,222.8,2803.5,98.5,1.214,128.21,1.23,45.7,0.69,
2023-03-02 06:30:00,OIL-SYN-004,1015.7,980.1,Barail,ROTARY_DRILLING,24.61,22.53,91.4,11.3,13593.1,225.5,2891.3,98.5,1.221,127.51,1.264,40.4,2.49,
2023-03-02 07:00:00,OIL-SYN-004,1031.4,995.3,Barail,ROTARY_DRILLING,17.77,21.18,97.2,13.09,14006.6,234.8,2880.4,100,1.221,127.26,1.266,55.2,2.39,
2023-03-02 07:30:00,OIL-SYN-004,1047.1,1010.4,Barail,ROTARY_DRILLING,15.94,17.63,100.0,10.97,14166.8,227.8,2803.4,99.9,1.236,126.48,1.247,52.8,2.38,
2023-03-02 08:00:00,OIL-SYN-004,1062.8,1025.6,Barail,ROTARY_DRILLING,17.31,19.51,86.4,15.1,14191.6,234.7,2850.2,98.6,1.196,127.28,1.216,52.1,1.7,
2023-03-02 08:30:00,OIL-SYN-004,1078.5,1040.7,Barail,ROTARY_DRILLING,18.34,21.12,81.1,13.18,14454.8,222.8,2837.4,99.3,1.241,128.22,1.277,45.9,3.96,
2023-03-02 09:00:00,OIL-SYN-004,1094.2,1055.9,Barail,ROTARY_DRILLING,19.32,20.2,82.9,14.92,14320.2,209.0,2955.5,97.2,1.242,128.49,1.275,46.2,2.27,
2023-03-02 09:30:00,OIL-SYN-004,1109.8,1071.0,Barail,ROTARY_DRILLING,15.39,20.36,90.1,13.59,14711.2,226.0,2995.0,100,1.264,128.89,1.306,46.3,2.21,
2023-03-02 10:00:00,OIL-SYN-004,1125.5,1086.1,Barail,ROTARY_DRILLING,16.92,22.18,91.0,12.26,14142.5,231.7,3007.4,99.0,1.222,127.96,1.247,48.9,2.03,
2023-03-02 10:30:00,OIL-SYN-004,1141.2,1101.3,Barail,ROTARY_DRILLING,18.76,25.54,95.4,12.81,14647.5,230.3,2896.1,99.8,1.266,128.04,1.287,43.7,1.78,
2023-03-02 11:00:00,OIL-SYN-004,1156.9,1116.4,Barail,ROTARY_DRILLING,15.88,23.73,112.3,15.04,14410.8,240.5,2816.7,98.5,1.27,128.69,1.311,47.0,1.76,
2023-03-02 11:30:00,OIL-SYN-004,1172.6,1131.6,Barail,ROTARY_DRILLING,10.88,19.39,89.4,14.02,13989.3,226.9,2856.6,99.2,1.239,129.03,1.277,46.9,2.46,
2023-03-02 12:00:00,OIL-SYN-004,1188.3,1146.7,Barail,ROTARY_DRILLING,10.25,20.29,84.3,10.63,13572.7,235.5,2767.8,99.5,1.225,127.04,1.242,46.9,1.44,
2023-03-02 12:30:00,OIL-SYN-004,1204.0,1161.9,Barail,ROTARY_DRILLING,12.7,22.65,91.5,15.09,14396.7,224.2,2897.8,99.3,1.253,127.49,1.288,38.0,0.9,
2023-03-02 13:00:00,OIL-SYN-004,1219.7,1177.0,Barail,ROTARY_DRILLING,14.27,18.16,90.4,13.3,13801.6,227.6,2928.6,98.6,1.274,127.37,1.29,42.3,1.55,
2023-03-02 13:30:00,OIL-SYN-004,1235.4,1192.1,Barail,ROTARY_DRILLING,18.15,25.46,83.2,14.22,14618.9,222.7,2851.8,98.5,1.263,126.23,1.281,35.1,0.73,
2023-03-02 14:00:00,OIL-SYN-004,1251.1,1207.3,Barail,ROTARY_DRILLING,16.85,19.14,96.9,15.15,14496.4,227.6,2866.3,99.5,1.303,128.84,1.326,48.9,1.37,
2023-03-02 14:30:00,OIL-SYN-004,1266.8,1222.4,Barail,ROTARY_DRILLING,19.33,22.6,91.2,14.02,14431.5,231.8,2987.0,98.5,1.278,128.75,1.31,44.2,1.47,
2023-03-02 15:00:00,OIL-SYN-004,1282.5,1237.6,Barail,ROTARY_DRILLING,9.38,15.42,88.3,15.22,14685.5,231.0,2847.1,99.7,1.274,128.58,1.309,46.1,1.17,
2023-03-02 15:30:00,OIL-SYN-004,1298.1,1252.7,Barail,ROTARY_DRILLING,19.48,23.93,92.5,12.53,14188.0,238.9,2782.0,97.6,1.276,128.79,1.297,40.7,1.94,
2023-03-02 16:00:00,OIL-SYN-004,1313.8,1267.9,Barail,ROTARY_DRILLING,19.91,17.14,80.3,15.87,14117.6,228.7,2911.1,99.6,1.257,127.91,1.297,46.3,2.43,
2023-03-02 16:30:00,OIL-SYN-004,1329.5,1283.0,Barail,ROTARY_DRILLING,17.72,19.59,99.7,14.93,14944.2,234.9,2922.6,98.0,1.275,129.03,1.296,55.8,0.71,
2023-03-02 17:00:00,OIL-SYN-004,1345.2,1298.1,Barail,ROTARY_DRILLING,21.83,25.78,64.9,16.46,14931.1,224.7,2968.4,98.5,1.274,129.12,1.285,44.7,1.39,
2023-03-02 17:30:00,OIL-SYN-004,1360.9,1313.3,Barail,ROTARY_DRILLING,15.98,23.09,95.4,16.21,15085.6,229.9,3007.5,97.3,1.264,128.67,1.295,34.6,2.94,
2023-03-02 18:00:00,OIL-SYN-004,1376.6,1328.4,Barail,ROTARY_DRILLING,17.75,24.91,88.3,14.78,14890.4,239.8,2928.8,99.3,1.273,129.46,1.302,47.7,1.49,
2023-03-02 18:30:00,OIL-SYN-004,1392.3,1343.6,Barail,ROTARY_DRILLING,8.64,20.57,91.6,17.8,15047.4,217.4,2954.8,99.2,1.263,127.3,1.277,44.1,0.72,
2023-03-02 19:00:00,OIL-SYN-004,1408.0,1358.7,Tipam,ROTARY_DRILLING,14.2,23.21,98.1,16.18,14502.5,250.1,2923.2,99.4,1.292,127.86,1.308,42.3,1.31,
2023-03-02 19:30:00,OIL-SYN-004,1423.7,1373.9,Tipam,ROTARY_DRILLING,17.85,20.71,84.3,16.06,14620.4,235.0,2889.2,98.7,1.248,127.11,1.259,36.0,3.55,
2023-03-02 20:00:00,OIL-SYN-004,1439.4,1389.0,Tipam,ROTARY_DRILLING,15.43,19.24,88.8,12.26,15239.5,242.5,2952.7,98.8,1.287,129.24,1.31,38.2,3.87,
2023-03-02 20:30:00,OIL-SYN-004,1455.1,1404.1,Tipam,ROTARY_DRILLING,16.39,27.06,87.7,14.02,14510.4,249.6,2866.8,98.8,1.287,128.31,1.311,51.3,0.68,
2023-03-02 21:00:00,OIL-SYN-004,1470.8,1419.3,Tipam,ROTARY_DRILLING,15.43,20.6,108.6,15.58,15150.8,254.5,2946.1,98.2,1.261,129.16,1.289,42.4,3.04,
2023-03-02 21:30:00,OIL-SYN-004,1486.4,1434.4,Tipam,ROTARY_DRILLING,11.74,23.63,74.9,13.89,15341.0,233.3,2991.6,98.2,1.318,126.6,1.346,40.0,1.59,
2023-03-02 22:00:00,OIL-SYN-004,1502.1,1449.6,Tipam,ROTARY_DRILLING,17.59,17.64,89.0,13.97,15127.0,244.7,2848.1,98.8,1.294,128.33,1.324,50.4,0.89,
2023-03-02 22:30:00,OIL-SYN-004,1517.8,1464.7,Tipam,ROTARY_DRILLING,14.43,21.03,100.6,16.26,14888.2,233.8,2861.1,99.3,1.25,126.05,1.275,55.0,0.7,
2023-03-02 23:00:00,OIL-SYN-004,1533.5,1479.8,Tipam,ROTARY_DRILLING,14.89,20.78,98.0,14.24,15022.5,247.6,3050.5,98.4,1.292,130.14,1.325,44.1,1.53,
2023-03-02 23:30:00,OIL-SYN-004,1549.2,1495.0,Tipam,ROTARY_DRILLING,13.82,21.03,81.5,14.72,14705.5,236.8,3031.8,98.4,1.287,125.42,1.321,49.5,1.57,
2023-03-03 00:00:00,OIL-SYN-004,1564.9,1510.1,Tipam,ROTARY_DRILLING,15.04,20.52,76.5,14.68,15258.7,240.1,2800.0,97.4,1.318,126.09,1.36,45.5,1.74,
2023-03-03 00:30:00,OIL-SYN-004,1580.6,1525.3,Tipam,ROTARY_DRILLING,19.54,26.36,82.4,16.02,15393.9,254.4,3114.1,99.2,1.284,127.62,1.301,45.5,1.74,
2023-03-03 01:00:00,OIL-SYN-004,1596.3,1540.4,Tipam,ROTARY_DRILLING,16.91,23.88,77.8,17.25,15162.9,254.1,3117.9,98.4,1.303,128.73,1.347,41.1,1.87,
2023-03-03 01:30:00,OIL-SYN-004,1612.0,1555.6,Tipam,ROTARY_DRILLING,17.92,27.85,81.1,14.07,15172.4,253.7,3025.2,98.6,1.287,128.35,1.297,41.2,0,
2023-03-03 02:00:00,OIL-SYN-004,1627.7,1570.7,Tipam,ROTARY_DRILLING,15.68,22.31,91.6,16.23,15002.6,235.3,3027.7,98.4,1.311,127.48,1.353,42.3,2.14,
2023-03-03 02:30:00,OIL-SYN-004,1643.4,1585.8,Tipam,ROTARY_DRILLING,13.61,24.66,89.1,13.97,15424.9,236.4,2886.0,98.9,1.284,127.38,1.316,49.1,2.46,
2023-03-03 03:00:00,OIL-SYN-004,1659.1,1601.0,Tipam,ROTARY_DRILLING,14.56,21.53,95.6,13.65,15616.4,251.7,2920.9,99.4,1.282,130.07,1.302,28.2,1.05,
2023-03-03 03:30:00,OIL-SYN-004,1674.7,1616.1,Tipam,ROTARY_DRILLING,17.69,24.99,71.5,15.02,15253.5,247.2,2989.2,98.7,1.339,128.87,1.356,49.7,0.94,
2023-03-03 04:00:00,OIL-SYN-004,1690.4,1631.3,Tipam,ROTARY_DRILLING,16.04,19.49,80.8,14.27,15259.9,244.6,2947.3,98.4,1.314,129.58,1.332,42.9,0.48,
2023-03-03 04:30:00,OIL-SYN-004,1706.1,1646.4,Tipam,ROTARY_DRILLING,15.81,21.8,80.8,15.56,15770.5,264.5,3093.7,99.8,1.3,127.55,1.317,43.5,1.59,
2023-03-03 05:00:00,OIL-SYN-004,1721.8,1661.6,Tipam,ROTARY_DRILLING,14.69,20.74,84.8,17.05,14856.5,244.6,3204.3,98.7,1.272,129.51,1.31,38.3,2.06,
2023-03-03 05:30:00,OIL-SYN-004,1737.5,1676.7,Tipam,ROTARY_DRILLING,16.41,24.52,76.9,13.87,15862.3,232.1,3056.7,100,1.342,126.61,1.357,50.6,1.58,
2023-03-03 06:00:00,OIL-SYN-004,1753.2,1691.8,Tipam,ROTARY_DRILLING,12.85,27.63,84.2,15.07,16125.5,245.9,3160.3,98.8,1.321,127.43,1.365,46.0,2.58,
2023-03-03 06:30:00,OIL-SYN-004,1768.9,1707.0,Tipam,ROTARY_DRILLING,16.06,21.33,89.0,15.85,14962.3,267.0,3120.9,98.0,1.308,128.14,1.324,43.2,1.73,
2023-03-03 07:00:00,OIL-SYN-004,1784.6,1722.1,Tipam,ROTARY_DRILLING,10.68,23.2,82.0,16.68,15346.4,251.0,3063.9,97.1,1.341,127.63,1.377,38.1,1.76,
2023-03-03 07:30:00,OIL-SYN-004,1800.3,1737.3,Tipam,ROTARY_DRILLING,14.8,24.38,74.5,16.64,15432.0,246.7,3099.7,98.0,1.324,126.38,1.358,43.2,0.78,
2023-03-03 08:00:00,OIL-SYN-004,1816.0,1752.4,Tipam,ROTARY_DRILLING,14.99,19.85,80.6,16.28,15841.3,250.2,2962.9,99.2,1.317,127.97,1.348,52.9,0.99,
2023-03-03 08:30:00,OIL-SYN-004,1831.7,1767.6,Tipam,ROTARY_DRILLING,15.93,18.36,89.1,16.85,15241.3,255.8,3065.5,98.2,1.331,128.07,1.362,42.3,1.73,
2023-03-03 09:00:00,OIL-SYN-004,1847.4,1782.7,Tipam,ROTARY_DRILLING,15.27,18.01,79.0,17.98,15111.9,259.0,3146.1,97.8,1.355,127.43,1.399,47.8,1.6,
2023-03-03 09:30:00,OIL-SYN-004,1863.1,1797.8,Tipam,ROTARY_DRILLING,14.36,26.71,89.2,14.05,15621.1,264.5,3024.9,99.7,1.318,128.67,1.335,48.8,2.67,
2023-03-03 10:00:00,OIL-SYN-004,1878.7,1813.0,Tipam,ROTARY_DRILLING,14.9,25.38,82.1,16.41,16052.3,274.1,3094.0,99.9,1.338,129.24,1.366,41.9,2.63,
2023-03-03 10:30:00,OIL-SYN-004,1894.4,1828.1,Tipam,ROTARY_DRILLING,14.64,20.72,91.6,15.64,15402.0,262.9,3127.8,100.0,1.316,128.14,1.36,52.5,3.26,
2023-03-03 11:00:00,OIL-SYN-004,1910.1,1843.3,Tipam,ROTARY_DRILLING,19.34,23.57,81.1,15.05,15028.6,246.1,3034.5,100,1.335,127.67,1.368,49.8,2.77,
2023-03-03 11:30:00,OIL-SYN-004,1925.8,1858.4,Tipam,ROTARY_DRILLING,15.65,22.56,97.6,16.49,16841.3,266.5,3164.7,97.9,1.368,127.82,1.412,49.1,1.89,
2023-03-03 12:00:00,OIL-SYN-004,1941.5,1873.6,Tipam,ROTARY_DRILLING,17.99,24.12,87.6,17.88,15826.4,256.9,2994.4,98.1,1.337,126.81,1.349,38.1,2.33,
2023-03-03 12:30:00,OIL-SYN-004,1957.2,1888.7,Tipam,ROTARY_DRILLING,13.11,20.13,73.2,15.94,15391.6,265.4,2972.7,97.9,1.349,128.57,1.372,36.1,2.94,
2023-03-03 13:00:00,OIL-SYN-004,1972.9,1903.8,Tipam,ROTARY_DRILLING,14.53,23.34,76.9,18.41,14972.9,260.0,2961.2,99.9,1.344,128.89,1.356,55.6,0.96,
2023-03-03 13:30:00,OIL-SYN-004,1988.6,1919.0,Tipam,ROTARY_DRILLING,12.11,24.89,88.6,17.58,15189.0,256.4,3181.1,100,1.325,127.94,1.346,38.1,2.93,
2023-03-03 14:00:00,OIL-SYN-004,2004.3,1934.1,Tipam,ROTARY_DRILLING,12.89,22.14,77.1,15.8,15790.6,267.7,3044.1,97.7,1.347,127.23,1.373,42.9,1.15,
2023-03-03 14:30:00,OIL-SYN-004,2020.0,1949.3,Tipam,ROTARY_DRILLING,15.04,24.14,84.4,16.22,15498.1,265.8,2844.1,100,1.371,129.11,1.397,50.4,1.08,
2023-03-03 15:00:00,OIL-SYN-004,2035.7,1964.4,Tipam,ROTARY_DRILLING,14.81,24.62,72.4,18.61,16396.9,263.6,3171.2,100,1.343,127.56,1.355,44.7,1.34,
2023-03-03 15:30:00,OIL-SYN-004,2051.4,1979.6,Girujan,ROTARY_DRILLING,8.76,28.54,82.3,15.35,16080.5,269.6,3094.9,98.0,1.359,127.56,1.371,72.2,2.4,
2023-03-03 16:00:00,OIL-SYN-004,2067.0,1994.7,Girujan,ROTARY_DRILLING,11.83,26.93,95.1,14.96,15980.0,259.7,3151.3,99.4,1.39,127.46,1.431,69.9,0,
2023-03-03 16:30:00,OIL-SYN-004,2082.7,2009.8,Girujan,ROTARY_DRILLING,12.96,24.81,70.4,15.07,15632.7,261.0,3044.7,99.1,1.338,129.35,1.375,77.3,1.1,
2023-03-03 17:00:00,OIL-SYN-004,2098.4,2025.0,Girujan,ROTARY_DRILLING,16.6,23.22,90.2,16.68,16115.1,242.9,3118.2,98.9,1.376,128.62,1.418,69.0,2.22,
2023-03-03 17:30:00,OIL-SYN-004,2114.1,2040.1,Girujan,ROTARY_DRILLING,18.2,21.89,76.3,17.46,15764.5,268.2,3079.0,98.8,1.387,127.36,1.413,73.5,2.33,
2023-03-03 18:00:00,OIL-SYN-004,2129.8,2055.3,Girujan,ROTARY_DRILLING,12.56,28.22,76.6,35.97,15498.1,265.3,3208.6,99.1,1.347,128.38,1.381,65.5,1.84,TORQUE_SPIKE
2023-03-03 18:30:00,OIL-SYN-004,2145.5,2070.4,Girujan,ROTARY_DRILLING,16.9,23.83,90.1,33.56,16086.4,254.5,3212.3,99.5,1.359,129.06,1.374,75.4,0.5,TORQUE_SPIKE
2023-03-03 19:00:00,OIL-SYN-004,2161.2,2085.6,Girujan,ROTARY_DRILLING,14.82,26.25,84.1,34.98,16487.9,263.5,3187.1,99.7,1.374,129.09,1.402,73.8,0.26,TORQUE_SPIKE
2023-03-03 19:30:00,OIL-SYN-004,2176.9,2100.7,Girujan,ROTARY_DRILLING,17.04,22.53,77.4,33.73,15829.4,264.7,2963.6,97.6,1.373,127.11,1.397,73.3,0.98,TORQUE_SPIKE
2023-03-03 20:00:00,OIL-SYN-004,2192.6,2115.8,Girujan,ROTARY_DRILLING,11.49,21.83,86.8,36.31,15912.0,267.2,3062.3,100,1.38,128.45,1.409,74.0,1.63,TORQUE_SPIKE
2023-03-03 20:30:00,OIL-SYN-004,2208.3,2131.0,Girujan,ROTARY_DRILLING,15.47,19.51,86.6,34.76,15463.2,279.5,3116.7,98.4,1.371,127.61,1.395,72.5,2.47,TORQUE_SPIKE
2023-03-03 21:00:00,OIL-SYN-004,2224.0,2146.1,Girujan,ROTARY_DRILLING,16.74,27.99,82.3,39.47,15877.5,266.5,3255.2,99.1,1.381,128.13,1.411,70.4,1.38,TORQUE_SPIKE
2023-03-03 21:30:00,OIL-SYN-004,2239.7,2161.3,Girujan,ROTARY_DRILLING,15.26,26.35,75.5,35.92,16392.6,253.8,3170.0,100,1.382,129.24,1.396,70.5,2.64,TORQUE_SPIKE
2023-03-03 22:00:00,OIL-SYN-004,2255.3,2176.4,Girujan,ROTARY_DRILLING,14.75,25.13,84.9,33.55,16141.2,274.4,3156.3,99.4,1.371,126.14,1.403,66.9,1.29,TORQUE_SPIKE
2023-03-03 22:30:00,OIL-SYN-004,2271.0,2191.6,Girujan,ROTARY_DRILLING,15.52,26.86,77.2,17.23,16173.1,272.0,3171.8,98.5,1.357,128.03,1.397,78.5,1.71,
2023-03-03 23:00:00,OIL-SYN-004,2286.7,2206.7,Girujan,ROTARY_DRILLING,13.29,25.5,80.5,19.16,16424.8,262.1,3078.0,99.1,1.403,126.06,1.432,71.6,1.41,
2023-03-03 23:30:00,OIL-SYN-004,2302.4,2221.8,Girujan,ROTARY_DRILLING,10.19,23.78,74.7,19.72,15629.0,286.9,3356.1,100.0,1.366,126.84,1.392,74.8,1.42,
2023-03-04 00:00:00,OIL-SYN-004,2318.1,2237.0,Girujan,ROTARY_DRILLING,16.38,26.37,84.3,18.99,16332.0,269.1,3251.7,98.7,1.365,131.07,1.406,67.6,1.94,
2023-03-04 00:30:00,OIL-SYN-004,2333.8,2252.1,Girujan,ROTARY_DRILLING,15.8,22.88,65.5,19.46,16158.7,281.0,3170.3,100,1.392,129.23,1.429,72.4,2.64,
2023-03-04 01:00:00,OIL-SYN-004,2349.5,2267.3,Girujan,ROTARY_DRILLING,11.28,19.46,70.6,18.81,16534.1,272.5,3168.8,98.5,1.356,128.55,1.381,78.1,1.2,
2023-03-04 01:30:00,OIL-SYN-004,2365.2,2282.4,Girujan,ROTARY_DRILLING,14.69,26.36,76.0,18.69,16741.6,272.1,3265.0,99.9,1.358,126.84,1.37,64.7,1.44,
2023-03-04 02:00:00,OIL-SYN-004,2380.9,2297.5,Girujan,ROTARY_DRILLING,18.07,20.52,64.7,17.79,16456.9,272.0,3202.6,98.7,1.393,130.52,1.427,70.1,1.14,
2023-03-04 02:30:00,OIL-SYN-004,2396.6,2312.7,Girujan,ROTARY_DRILLING,11.49,24.21,70.9,18.83,16256.6,266.1,3184.6,99.2,1.383,128.13,1.396,67.8,3.19,
2023-03-04 03:00:00,OIL-SYN-004,2412.3,2327.8,Girujan,ROTARY_DRILLING,12.38,23.31,70.1,17.75,15876.1,282.1,3125.2,98.7,1.386,128.44,1.419,78.4,0.7,
2023-03-04 03:30:00,OIL-SYN-004,2428.0,2343.0,Girujan,ROTARY_DRILLING,16.45,23.83,73.5,18.61,16990.0,270.9,3264.5,99.4,1.379,127.34,1.401,72.0,1.24,
2023-03-04 04:00:00,OIL-SYN-004,2443.6,2358.1,Girujan,ROTARY_DRILLING,11.15,22.08,75.0,19.23,16830.2,259.6,3224.2,99.3,1.39,128.45,1.435,73.2,2.08,
2023-03-04 04:30:00,OIL-SYN-004,2459.3,2373.3,Girujan,ROTARY_DRILLING,11.81,25.75,73.5,19.37,16431.6,274.0,3407.1,99.2,1.391,130.22,1.411,65.3,1.21,
2023-03-04 05:00:00,OIL-SYN-004,2475.0,2388.4,Girujan,ROTARY_DRILLING,12.32,27.84,72.2,17.51,15713.9,272.5,3228.3,98.2,1.407,127.4,1.436,83.9,0.15,
2023-03-04 05:30:00,OIL-SYN-004,2490.7,2403.5,Girujan,ROTARY_DRILLING,11.53,21.74,76.3,15.86,16912.7,274.8,3336.8,98.6,1.389,127.78,1.417,79.7,1.92,
2023-03-04 06:00:00,OIL-SYN-004,2506.4,2418.7,Girujan,ROTARY_DRILLING,16.3,24.35,75.3,18.1,16764.0,280.8,3246.4,100,1.416,127.23,1.446,71.2,1.0,
2023-03-04 06:30:00,OIL-SYN-004,2522.1,2433.8,Girujan,ROTARY_DRILLING,14.94,29.17,73.3,18.33,16675.8,272.0,3394.1,99.3,1.392,127.67,1.417,78.0,1.03,
2023-03-04 07:00:00,OIL-SYN-004,2537.8,2449.0,Girujan,ROTARY_DRILLING,12.88,23.34,74.7,17.18,16788.9,271.6,3253.3,98.1,1.413,128.53,1.432,74.8,1.25,
2023-03-04 07:30:00,OIL-SYN-004,2553.5,2464.1,Lakwa,ROTARY_DRILLING,12.85,26.25,82.1,20.09,16658.3,277.3,3186.9,98.3,1.4,126.61,1.427,42.8,5.46,
2023-03-04 08:00:00,OIL-SYN-004,2569.2,2479.3,Lakwa,ROTARY_DRILLING,15.69,22.17,75.2,18.52,15911.3,290.7,3123.3,98.0,1.436,127.32,1.477,49.3,4.97,
2023-03-04 08:30:00,OIL-SYN-004,2584.9,2494.4,Lakwa,ROTARY_DRILLING,10.15,25.86,59.5,18.3,17150.2,280.8,3172.1,99.3,1.397,129.33,1.434,42.7,4.79,
2023-03-04 09:00:00,OIL-SYN-004,2600.6,2509.5,Lakwa,ROTARY_DRILLING,13.26,27.21,73.9,20.25,17917.4,287.6,3279.9,99.0,1.412,128.65,1.451,38.5,4.2,CEMENTING_ISSUE
2023-03-04 09:30:00,OIL-SYN-004,2616.3,2524.7,Lakwa,ROTARY_DRILLING,11.26,22.93,71.3,18.53,17353.1,268.9,3434.1,100.0,1.406,128.2,1.445,45.0,3.99,CEMENTING_ISSUE
2023-03-04 10:00:00,OIL-SYN-004,2631.9,2539.8,Lakwa,ROTARY_DRILLING,11.37,23.66,72.2,19.08,17263.8,291.5,3260.6,98.8,1.428,126.24,1.463,51.6,3.19,CEMENTING_ISSUE
2023-03-04 10:30:00,OIL-SYN-004,2647.6,2555.0,Lakwa,ROTARY_DRILLING,14.04,23.62,79.6,20.59,17357.1,284.5,3243.4,99.9,1.421,127.98,1.444,30.7,4.06,CEMENTING_ISSUE
2023-03-04 11:00:00,OIL-SYN-004,2663.3,2570.1,Lakwa,ROTARY_DRILLING,15.57,23.99,72.6,19.07,19273.8,284.6,3237.6,98.3,1.427,129.85,1.457,48.9,3.99,CEMENTING_ISSUE
2023-03-04 11:30:00,OIL-SYN-004,2679.0,2585.3,Lakwa,ROTARY_DRILLING,12.83,26.19,73.4,21.6,17666.7,289.9,3435.4,98.3,1.419,127.75,1.433,54.2,5.59,CEMENTING_ISSUE
2023-03-04 12:00:00,OIL-SYN-004,2694.7,2600.4,Lakwa,ROTARY_DRILLING,13.84,29.36,71.5,20.27,17333.7,276.3,3164.0,98.5,1.433,125.35,1.449,41.0,5.11,CEMENTING_ISSUE
2023-03-04 12:30:00,OIL-SYN-004,2710.4,2615.5,Lakwa,ROTARY_DRILLING,16.7,27.83,75.7,16.76,17279.4,305.7,3316.5,98.9,1.439,126.85,1.452,42.5,5.3,CEMENTING_ISSUE
2023-03-04 13:00:00,OIL-SYN-004,2726.1,2630.7,Lakwa,ROTARY_DRILLING,8.64,24.48,67.8,18.69,17667.3,283.1,3234.5,100,1.403,127.86,1.422,41.9,3.8,CEMENTING_ISSUE
2023-03-04 13:30:00,OIL-SYN-004,2741.8,2645.8,Lakwa,ROTARY_DRILLING,14.99,27.44,71.0,19.58,17191.4,295.2,3235.5,99.3,1.444,127.81,1.476,39.8,6.35,
2023-03-04 14:00:00,OIL-SYN-004,2757.5,2661.0,Lakwa,ROTARY_DRILLING,17.6,20.83,62.3,19.72,16642.7,290.7,3293.1,99.2,1.402,128.83,1.438,36.6,3.36,
2023-03-04 14:30:00,OIL-SYN-004,2773.2,2676.1,Lakwa,ROTARY_DRILLING,7.75,24.88,58.6,19.25,17021.0,280.0,3331.6,98.0,1.424,129.27,1.444,42.8,2.66,
2023-03-04 15:00:00,OIL-SYN-004,2788.9,2691.3,Lakwa,ROTARY_DRILLING,14.02,24.62,69.0,19.57,17152.1,294.2,3425.1,99.6,1.41,126.19,1.425,45.0,3.53,
2023-03-04 15:30:00,OIL-SYN-004,2804.6,2706.4,Lakwa,ROTARY_DRILLING,15.89,22.42,77.0,19.96,16846.5,284.7,3372.8,98.3,1.421,128.94,1.445,40.7,3.44,
2023-03-04 16:00:00,OIL-SYN-004,2820.3,2721.5,Lakwa,ROTARY_DRILLING,16.93,29.25,75.9,19.87,16781.2,299.1,3264.5,99.9,1.446,126.02,1.482,43.2,3.54,
2023-03-04 16:30:00,OIL-SYN-004,2835.9,2736.7,Lakwa,ROTARY_DRILLING,12.87,26.61,62.3,22.34,16702.1,288.1,3187.3,98.8,1.409,127.62,1.435,41.7,3.61,
2023-03-04 17:00:00,OIL-SYN-004,2851.6,2751.8,Lakwa,ROTARY_DRILLING,9.9,25.64,61.7,19.87,16984.4,300.4,3272.2,99.9,1.455,128.42,1.478,43.3,4.0,
2023-03-04 17:30:00,OIL-SYN-004,2867.3,2767.0,Lakwa,ROTARY_DRILLING,9.63,25.81,68.5,20.5,16855.5,272.2,3349.6,99.7,1.461,127.12,1.504,48.0,5.08,
2023-03-04 18:00:00,OIL-SYN-004,2883.0,2782.1,Lakwa,ROTARY_DRILLING,12.19,23.76,75.2,19.73,16971.4,297.1,3354.0,98.6,1.438,126.62,1.459,42.3,5.18,
2023-03-04 18:30:00,OIL-SYN-004,2898.7,2797.3,Lakwa,ROTARY_DRILLING,14.11,25.5,64.3,21.15,17172.0,307.4,3326.7,97.0,1.442,126.13,1.469,34.3,4.11,
2023-03-04 19:00:00,OIL-SYN-004,2914.4,2812.4,Lakwa,ROTARY_DRILLING,13.83,22.45,70.4,20.28,18008.5,298.4,3245.2,98.1,1.431,128.81,1.474,45.0,4.34,
2023-03-04 19:30:00,OIL-SYN-004,2930.1,2827.5,Lakwa,ROTARY_DRILLING,9.37,21.52,71.3,20.8,17131.5,302.8,3457.3,99.1,1.451,128.74,1.487,41.3,3.8,
2023-03-04 20:00:00,OIL-SYN-004,2945.8,2842.7,Lakwa,ROTARY_DRILLING,10.15,21.53,50,17.81,16532.9,292.4,3332.1,98.8,1.433,127.6,1.444,52.1,4.88,
2023-03-04 20:30:00,OIL-SYN-004,2961.5,2857.8,Lakwa,ROTARY_DRILLING,10.58,26.41,60.1,18.9,18238.2,300.4,3348.2,98.7,1.436,128.53,1.453,37.8,2.76,
2023-03-04 21:00:00,OIL-SYN-004,2977.2,2873.0,Lakwa,ROTARY_DRILLING,13.95,25.23,63.9,20.43,16736.1,294.2,3296.9,99.8,1.489,127.63,1.518,50.7,2.09,
2023-03-04 21:30:00,OIL-SYN-004,2992.9,2888.1,Lakwa,ROTARY_DRILLING,9.12,24.11,63.6,20.45,17351.2,302.8,3322.2,98.3,1.477,127.32,1.49,49.8,6.4,
2023-03-04 22:00:00,OIL-SYN-004,3008.6,2903.3,Lakwa,ROTARY_DRILLING,10.86,26.68,73.7,19.33,17415.2,282.5,3439.1,98.8,1.475,129.61,1.492,45.2,3.45,
2023-03-04 22:30:00,OIL-SYN-004,3024.2,2918.4,Lakwa,ROTARY_DRILLING,12.05,28.59,70.0,22.13,17359.4,288.7,3470.0,100,1.46,127.16,1.501,43.8,4.67,
2023-03-04 23:00:00,OIL-SYN-004,3039.9,2933.5,Lakwa,ROTARY_DRILLING,11.77,29.94,70.0,21.29,16935.1,286.6,3395.7,98.3,1.449,128.97,1.493,53.8,4.46,
2023-03-04 23:30:00,OIL-SYN-004,3055.6,2948.7,Lakwa,ROTARY_DRILLING,11.98,28.74,67.0,20.56,17146.1,287.1,3383.5,98.4,1.473,128.46,1.511,45.5,5.09,
2023-03-05 00:00:00,OIL-SYN-004,3071.3,2963.8,Lakwa,ROTARY_DRILLING,11.31,26.93,57.3,23.66,17291.4,297.6,3307.6,98.5,1.449,128.01,1.462,45.0,4.93,
2023-03-05 00:30:00,OIL-SYN-004,3087.0,2979.0,Lakwa,ROTARY_DRILLING,10.56,29.53,59.1,21.53,18184.3,302.9,3354.0,100,1.454,127.49,1.495,45.9,5.53,
2023-03-05 01:00:00,OIL-SYN-004,3102.7,2994.1,Lakwa,ROTARY_DRILLING,11.33,26.56,84.1,20.65,17322.8,292.7,3346.7,100,1.472,128.8,1.483,41.5,4.29,
2023-03-05 01:30:00,OIL-SYN-004,3118.4,3009.3,Lakwa,ROTARY_DRILLING,12.34,25.99,58.3,21.47,17689.9,300.4,3442.1,98.9,1.491,127.72,1.529,43.8,4.39,
2023-03-05 02:00:00,OIL-SYN-004,3134.1,3024.4,Lakwa,ROTARY_DRILLING,12.19,29.38,63.7,20.46,17604.9,295.3,3239.8,98.9,1.475,127.73,1.508,38.5,4.44,
2023-03-05 02:30:00,OIL-SYN-004,3149.8,3039.5,Lakwa,ROTARY_DRILLING,11.09,25.5,61.7,19.19,17212.5,311.0,3409.1,100,1.461,127.26,1.473,50.6,5.21,
2023-03-05 03:00:00,OIL-SYN-004,3165.5,3054.7,Lakwa,ROTARY_DRILLING,11.62,24.24,66.8,21.0,17822.9,291.6,3334.6,98.6,1.462,127.43,1.492,44.2,3.97,
2023-03-05 03:30:00,OIL-SYN-004,3181.2,3069.8,Lakwa,ROTARY_DRILLING,10.36,26.69,62.9,21.55,17844.6,290.0,3305.0,97.4,1.468,129.26,1.486,39.9,3.72,
2023-03-05 04:00:00,OIL-SYN-004,3196.9,3085.0,Lakwa,ROTARY_DRILLING,13.83,26.41,63.5,20.71,17666.5,304.3,3418.9,98.6,1.468,128.13,1.5,38.4,2.99,
2023-03-05 04:30:00,OIL-SYN-004,3212.5,3100.1,Nahorkatiya Sand,ROTARY_DRILLING,9.34,23.16,67.3,21.82,17732.2,319.9,3386.5,98.5,1.49,128.27,1.527,48.4,1.54,
2023-03-05 05:00:00,OIL-SYN-004,3228.2,3115.3,Nahorkatiya Sand,ROTARY_DRILLING,8.88,25.86,70.7,21.79,17307.0,310.8,3404.2,97.6,1.465,128.01,1.484,41.1,0.81,
2023-03-05 05:30:00,OIL-SYN-004,3243.9,3130.4,Nahorkatiya Sand,ROTARY_DRILLING,17.58,22.94,61.3,23.08,17833.7,302.8,3336.9,99.7,1.494,127.26,1.538,46.9,0.16,
2023-03-05 06:00:00,OIL-SYN-004,3259.6,3145.5,Nahorkatiya Sand,ROTARY_DRILLING,9.59,26.51,57.2,20.54,17345.7,310.6,3445.5,98.5,1.471,127.07,1.495,38.0,1.52,
2023-03-05 06:30:00,OIL-SYN-004,3275.3,3160.7,Nahorkatiya Sand,ROTARY_DRILLING,10.45,25.88,63.0,22.24,17767.2,287.9,3479.4,99.3,1.5,127.28,1.519,39.5,1.31,
2023-03-05 07:00:00,OIL-SYN-004,3291.0,3175.8,Nahorkatiya Sand,ROTARY_DRILLING,12.45,30.32,73.1,20.05,17751.1,302.6,3434.3,98.5,1.469,128.64,1.5,48.6,3.18,
2023-03-05 07:30:00,OIL-SYN-004,3306.7,3191.0,Nahorkatiya Sand,ROTARY_DRILLING,15.19,30.51,68.0,22.9,18022.4,306.1,3457.0,99.6,1.47,127.17,1.483,45.6,2.98,
2023-03-05 08:00:00,OIL-SYN-004,3322.4,3206.1,Nahorkatiya Sand,ROTARY_DRILLING,12.12,24.7,66.3,23.61,18110.8,308.8,3495.8,99.6,1.506,127.15,1.53,46.0,3.68,
2023-03-05 08:30:00,OIL-SYN-004,3338.1,3221.2,Nahorkatiya Sand,ROTARY_DRILLING,11.95,31.28,77.8,23.96,17128.3,302.8,3374.7,99.7,1.475,128.01,1.498,41.3,1.09,
2023-03-05 09:00:00,OIL-SYN-004,3353.8,3236.4,Nahorkatiya Sand,ROTARY_DRILLING,15.64,29.88,66.8,22.91,17782.3,316.0,3446.4,98.3,1.491,128.4,1.509,55.7,0.67,
2023-03-05 09:30:00,OIL-SYN-004,3369.5,3251.5,Nahorkatiya Sand,ROTARY_DRILLING,14.2,28.91,50.3,20.05,17731.9,300.7,3394.5,99.4,1.498,129.21,1.523,48.7,1.59,
2023-03-05 10:00:00,OIL-SYN-004,3385.2,3266.7,Nahorkatiya Sand,ROTARY_DRILLING,11.44,30.82,69.0,23.41,17148.5,302.9,3525.0,99.2,1.493,126.67,1.507,47.6,1.93,
2023-03-05 10:30:00,OIL-SYN-004,3400.8,3281.8,Nahorkatiya Sand,ROTARY_DRILLING,10.74,25.7,60.1,24.48,17679.6,317.1,3375.3,99.3,1.516,126.59,1.529,40.8,2.7,
2023-03-05 11:00:00,OIL-SYN-004,3416.5,3297.0,Nahorkatiya Sand,ROTARY_DRILLING,14.18,26.72,75.4,22.88,17596.1,315.5,3482.5,100,1.489,128.8,1.501,33.6,2.81,
2023-03-05 11:30:00,OIL-SYN-004,3432.2,3312.1,Nahorkatiya Sand,ROTARY_DRILLING,7.17,22.75,58.4,21.24,17767.1,315.3,3353.9,99.3,1.513,129.56,1.55,45.7,0.48,
2023-03-05 12:00:00,OIL-SYN-004,3447.9,3327.2,Nahorkatiya Sand,ROTARY_DRILLING,12.31,26.9,66.3,21.53,17788.1,313.3,3503.0,99.1,1.495,128.65,1.523,42.1,0.76,
2023-03-05 12:30:00,OIL-SYN-004,3463.6,3342.4,Nahorkatiya Sand,ROTARY_DRILLING,13.61,29.62,53.2,21.75,18320.1,315.3,3385.8,98.7,1.478,127.65,1.51,40.8,1.2,
2023-03-05 13:00:00,OIL-SYN-004,3479.3,3357.5,Nahorkatiya Sand,ROTARY_DRILLING,17.12,28.05,61.8,22.47,18352.6,297.9,3510.1,99.5,1.502,127.28,1.54,50.5,1.19,
2023-03-05 13:30:00,OIL-SYN-004,3495,3372.7,Nahorkatiya Sand,ROTARY_DRILLING,12.98,28.88,62.6,21.64,17564.6,315.4,3522.2,98.5,1.521,129.97,1.56,46.7,2.29,
2023-03-19 06:00:00,OIL-SYN-005,1000.0,965.0,Barail,ROTARY_DRILLING,15.32,23.88,78.9,12.44,13782.0,234.9,2787.6,98.8,1.236,127.99,1.278,36.1,1.64,
2023-03-19 06:30:00,OIL-SYN-005,1018.8,983.2,Barail,ROTARY_DRILLING,15.58,22.19,86.7,14.93,14241.4,216.3,2738.4,99.2,1.231,127.74,1.249,55.6,1.83,
2023-03-19 07:00:00,OIL-SYN-005,1037.7,1001.4,Barail,ROTARY_DRILLING,17.5,16.26,87.6,13.81,14125.5,222.9,2892.5,98.7,1.226,128.73,1.26,41.0,1.22,
2023-03-19 07:30:00,OIL-SYN-005,1056.5,1019.5,Barail,ROTARY_DRILLING,17.41,17.98,87.1,13.96,14016.7,231.6,2809.2,98.8,1.232,127.79,1.244,52.9,0.99,
2023-03-19 08:00:00,OIL-SYN-005,1075.3,1037.7,Barail,ROTARY_DRILLING,17.82,24.19,86.8,12.85,14429.7,219.1,2819.4,98.6,1.253,128.4,1.296,50.8,0.95,
2023-03-19 08:30:00,OIL-SYN-005,1094.2,1055.9,Barail,ROTARY_DRILLING,14.25,27.83,97.6,12.78,14188.1,220.3,2840.4,98.9,1.237,128.01,1.272,44.8,2.38,
2023-03-19 09:00:00,OIL-SYN-005,1113.0,1074.1,Barail,ROTARY_DRILLING,22.03,22.12,117.0,13.53,14865.8,220.0,2941.8,99.3,1.23,128.35,1.273,43.1,1.21,
2023-03-19 09:30:00,OIL-SYN-005,1131.9,1092.2,Barail,ROTARY_DRILLING,13.46,23.54,84.0,14.2,14150.4,220.8,2832.6,100,1.245,127.96,1.281,43.4,1.86,
2023-03-19 10:00:00,OIL-SYN-005,1150.7,1110.4,Barail,ROTARY_DRILLING,19.11,18.76,73.7,13.66,14711.3,228.7,2977.1,98.8,1.253,129.15,1.278,39.8,2.04,
2023-03-19 10:30:00,OIL-SYN-005,1169.5,1128.6,Barail,ROTARY_DRILLING,19.2,22.24,98.6,13.49,13643.5,237.8,2962.6,97.5,1.275,126.85,1.319,48.0,0.75,
2023-03-19 11:00:00,OIL-SYN-005,1188.4,1146.8,Barail,ROTARY_DRILLING,15.72,20.39,86.3,11.88,14339.4,236.9,2877.0,98.1,1.27,128.15,1.304,39.6,0.97,
2023-03-19 11:30:00,OIL-SYN-005,1207.2,1164.9,Barail,ROTARY_DRILLING,14.34,24.88,89.5,13.75,13982.1,253.3,2885.1,98.4,1.278,128.23,1.295,48.1,2.71,
2023-03-19 12:00:00,OIL-SYN-005,1226.0,1183.1,Barail,ROTARY_DRILLING,20.22,16.84,84.6,13.5,14614.2,232.9,2828.7,98.1,1.293,128.73,1.307,48.1,1.41,
2023-03-19 12:30:00,OIL-SYN-005,1244.9,1201.3,Barail,ROTARY_DRILLING,14.36,21.58,96.8,14.16,13825.0,229.3,2921.0,99.1,1.246,128.54,1.29,38.9,2.54,
2023-03-19 13:00:00,OIL-SYN-005,1263.7,1219.5,Barail,ROTARY_DRILLING,17.4,21.4,97.0,14.7,14411.4,233.9,2976.8,98.8,1.265,128.92,1.279,45.0,1.5,
2023-03-19 13:30:00,OIL-SYN-005,1282.5,1237.7,Barail,ROTARY_DRILLING,17.41,22.22,81.1,13.95,13886.2,236.9,3014.6,99.2,1.259,127.23,1.293,49.1,3.23,
2023-03-19 14:00:00,OIL-SYN-005,1301.4,1255.8,Barail,ROTARY_DRILLING,20.04,23.29,85.9,12.28,14658.3,244.0,2855.9,100,1.249,126.51,1.271,48.6,0.99,
2023-03-19 14:30:00,OIL-SYN-005,1320.2,1274.0,Barail,ROTARY_DRILLING,17.08,25.8,99.1,13.54,14801.6,226.9,2995.5,97.5,1.249,126.59,1.278,48.4,1.79,
2023-03-19 15:00:00,OIL-SYN-005,1339.1,1292.2,Barail,ROTARY_DRILLING,14.01,20.34,86.5,13.69,14874.8,259.0,2917.7,98.4,1.279,127.34,1.294,46.8,0.59,
2023-03-19 15:30:00,OIL-SYN-005,1357.9,1310.4,Barail,ROTARY_DRILLING,14.62,26.36,86.6,13.36,14936.3,239.1,2867.6,99.0,1.25,127.55,1.277,46.0,1.7,
2023-03-19 16:00:00,OIL-SYN-005,1376.7,1328.5,Barail,ROTARY_DRILLING,19.19,25.97,85.9,12.03,14903.1,241.8,2868.7,99.3,1.271,128.6,1.311,45.4,1.98,
2023-03-19 16:30:00,OIL-SYN-005,1395.6,1346.7,Barail,ROTARY_DRILLING,19.36,21.89,92.3,15.81,14881.6,239.4,3028.4,97.9,1.295,128.75,1.309,54.9,2.79,
2023-03-19 17:00:00,OIL-SYN-005,1414.4,1364.9,Tipam,ROTARY_DRILLING,13.74,19.17,93.2,15.28,15229.6,238.3,2904.6,99.9,1.268,127.31,1.295,33.6,2.15,
2023-03-19 17:30:00,OIL-SYN-005,1433.2,1383.1,Tipam,ROTARY_DRILLING,12.15,21.99,83.1,15.12,14860.3,250.1,3007.5,100,1.278,127.94,1.311,47.2,1.3,
2023-03-19 18:00:00,OIL-SYN-005,1452.1,1401.3,Tipam,ROTARY_DRILLING,19.75,21.22,86.5,14.75,14949.7,239.6,3053.7,98.9,1.285,128.6,1.296,38.1,2.3,
2023-03-19 18:30:00,OIL-SYN-005,1470.9,1419.4,Tipam,ROTARY_DRILLING,16.72,23.88,92.0,14.78,15474.9,237.8,2984.5,98.4,1.273,127.76,1.311,48.0,1.17,
2023-03-19 19:00:00,OIL-SYN-005,1489.7,1437.6,Tipam,ROTARY_DRILLING,20.2,22.45,81.1,16.87,14957.5,245.6,3003.6,98.8,1.283,127.2,1.308,44.4,1.05,
2023-03-19 19:30:00,OIL-SYN-005,1508.6,1455.8,Tipam,ROTARY_DRILLING,16.1,18.91,99.6,14.76,15206.6,236.7,2976.4,99.2,1.281,127.84,1.306,45.7,0.26,
2023-03-19 20:00:00,OIL-SYN-005,1527.4,1474.0,Tipam,ROTARY_DRILLING,17.55,24.18,93.5,15.99,14917.9,225.2,3032.2,99.1,1.301,126.62,1.345,44.5,2.27,
2023-03-19 20:30:00,OIL-SYN-005,1546.3,1492.1,Tipam,ROTARY_DRILLING,17.49,28.1,89.9,14.13,15172.3,244.2,3186.9,98.6,1.291,128.62,1.319,45.6,1.33,
2023-03-19 21:00:00,OIL-SYN-005,1565.1,1510.3,Tipam,ROTARY_DRILLING,18.99,25.98,76.6,15.17,15557.3,254.4,3009.9,98.1,1.323,128.16,1.367,43.5,2.28,
2023-03-19 21:30:00,OIL-SYN-005,1583.9,1528.5,Tipam,ROTARY_DRILLING,11.01,23.0,92.9,15.69,14731.6,235.5,2945.8,97.5,1.283,125.34,1.307,41.7,1.47,
2023-03-19 22:00:00,OIL-SYN-005,1602.8,1546.7,Tipam,ROTARY_DRILLING,19.01,21.16,78.4,11.78,14626.6,241.1,3038.0,99.9,1.316,128.52,1.335,49.3,1.89,
2023-03-19 22:30:00,OIL-SYN-005,1621.6,1564.8,Tipam,ROTARY_DRILLING,13.42,28.76,98.9,17.21,15266.9,246.6,3085.1,97.5,1.309,128.91,1.344,38.2,0.42,
2023-03-19 23:00:00,OIL-SYN-005,1640.4,1583.0,Tipam,ROTARY_DRILLING,13.47,28.38,95.9,15.15,15043.4,238.0,2926.5,98.7,1.298,128.23,1.335,51.6,0.27,
2023-03-19 23:30:00,OIL-SYN-005,1659.3,1601.2,Tipam,ROTARY_DRILLING,18.97,19.7,81.2,14.44,15509.7,257.4,2997.3,97.8,1.303,127.71,1.335,43.0,2.17,
2023-03-20 00:00:00,OIL-SYN-005,1678.1,1619.4,Tipam,ROTARY_DRILLING,15.25,21.52,73.6,14.86,15407.1,247.4,3028.1,100,1.307,127.6,1.348,42.9,2.79,
2023-03-20 00:30:00,OIL-SYN-005,1696.9,1637.6,Tipam,ROTARY_DRILLING,17.47,22.53,96.6,14.86,15619.3,243.8,3079.2,100,1.294,128.65,1.327,41.0,1.09,
2023-03-20 01:00:00,OIL-SYN-005,1715.8,1655.7,Tipam,ROTARY_DRILLING,10.38,27.38,84.2,15.96,15736.2,243.1,3089.6,99.6,1.301,128.56,1.341,36.2,2.07,
2023-03-20 01:30:00,OIL-SYN-005,1734.6,1673.9,Tipam,ROTARY_DRILLING,18.63,24.08,86.4,19.38,15805.4,250.5,3016.4,98.8,1.312,127.46,1.333,53.0,2.03,
2023-03-20 02:00:00,OIL-SYN-005,1753.5,1692.1,Tipam,ROTARY_DRILLING,17.43,23.16,89.4,13.93,15595.7,247.4,3009.5,98.4,1.302,127.35,1.334,38.3,1.49,
2023-03-20 02:30:00,OIL-SYN-005,1772.3,1710.3,Tipam,ROTARY_DRILLING,20.32,22.16,86.2,16.53,15422.1,267.5,3032.1,99.3,1.332,126.54,1.36,43.4,1.7,
2023-03-20 03:00:00,OIL-SYN-005,1791.1,1728.4,Tipam,ROTARY_DRILLING,13.0,26.51,92.5,15.65,15711.0,256.1,3114.2,100,1.328,128.68,1.37,45.5,1.83,
2023-03-20 03:30:00,OIL-SYN-005,1810.0,1746.6,Tipam,ROTARY_DRILLING,15.78,18.36,87.9,14.97,15253.3,252.2,3124.8,99.7,1.328,127.87,1.373,48.3,1.74,
2023-03-20 04:00:00,OIL-SYN-005,1828.8,1764.8,Tipam,ROTARY_DRILLING,15.89,24.94,82.5,16.89,15477.2,249.8,2949.1,99.4,1.322,126.24,1.332,41.6,1.54,
2023-03-20 04:30:00,OIL-SYN-005,1847.6,1783.0,Tipam,ROTARY_DRILLING,16.03,21.12,85.3,16.14,15187.8,248.9,3002.7,98.3,1.338,127.8,1.378,45.9,0.48,
2023-03-20 05:00:00,OIL-SYN-005,1866.5,1801.2,Tipam,ROTARY_DRILLING,15.38,27.4,85.5,16.7,16200.4,259.9,3085.5,97.7,1.333,129.01,1.347,50.9,2.73,
2023-03-20 05:30:00,OIL-SYN-005,1885.3,1819.3,Tipam,ROTARY_DRILLING,17.55,22.28,78.0,18.57,15994.1,268.0,3077.6,98.2,1.351,127.13,1.363,43.5,1.47,
2023-03-20 06:00:00,OIL-SYN-005,1904.2,1837.5,Tipam,ROTARY_DRILLING,18.03,26.16,96.9,18.84,15626.2,254.8,3026.2,99.9,1.315,128.47,1.332,46.9,2.05,
2023-03-20 06:30:00,OIL-SYN-005,1923.0,1855.7,Tipam,ROTARY_DRILLING,18.37,25.06,87.9,17.6,15301.2,254.9,2977.7,99.5,1.318,126.71,1.337,33.0,1.06,
2023-03-20 07:00:00,OIL-SYN-005,1941.8,1873.9,Tipam,ROTARY_DRILLING,15.49,29.39,80.2,15.81,14991.1,263.1,2873.1,98.2,1.33,126.46,1.361,49.1,1.45,
2023-03-20 07:30:00,OIL-SYN-005,1960.7,1892.0,Tipam,ROTARY_DRILLING,14.35,29.31,84.8,16.24,15077.2,262.7,3043.1,99.7,1.337,128.67,1.358,49.7,1.77,
2023-03-20 08:00:00,OIL-SYN-005,1979.5,1910.2,Tipam,ROTARY_DRILLING,15.29,23.85,79.0,20.1,15769.6,264.5,3089.6,97.8,1.33,128.48,1.355,47.0,2.53,
2023-03-20 08:30:00,OIL-SYN-005,1998.3,1928.4,Tipam,ROTARY_DRILLING,19.37,22.49,79.2,17.3,15674.9,244.8,3115.6,99.0,1.348,127.33,1.362,57.3,2.65,
2023-03-20 09:00:00,OIL-SYN-005,2017.2,1946.6,Tipam,ROTARY_DRILLING,17.94,23.38,83.3,16.49,15803.9,271.8,3284.3,97.6,1.354,128.59,1.371,45.6,2.62,
2023-03-20 09:30:00,OIL-SYN-005,2036.0,1964.7,Tipam,ROTARY_DRILLING,13.66,24.36,87.9,15.59,16164.6,249.7,3174.4,98.1,1.356,126.55,1.389,47.9,1.48,
2023-03-20 10:00:00,OIL-SYN-005,2054.8,1982.9,Girujan,ROTARY_DRILLING,10.7,22.48,92.0,17.39,15698.5,269.3,3206.6,98.4,1.354,129.35,1.388,75.9,2.53,
2023-03-20 10:30:00,OIL-SYN-005,2073.7,2001.1,Girujan,ROTARY_DRILLING,10.23,27.53,94.9,18.52,15561.3,263.9,3075.6,98.3,1.342,128.27,1.361,61.2,1.99,
2023-03-20 11:00:00,OIL-SYN-005,2092.5,2019.3,Girujan,ROTARY_DRILLING,15.06,26.05,81.6,16.22,15321.0,256.3,3051.2,98.1,1.353,127.57,1.394,82.1,1.05,
2023-03-20 11:30:00,OIL-SYN-005,2111.4,2037.5,Girujan,ROTARY_DRILLING,10.57,22.86,70.7,15.77,16797.6,265.4,3117.8,98.8,1.333,128.14,1.348,77.7,0.98,
2023-03-20 12:00:00,OIL-SYN-005,2130.2,2055.6,Girujan,ROTARY_DRILLING,17.32,18.29,71.1,18.53,16036.9,265.6,3251.0,98.8,1.37,127.8,1.397,67.8,1.85,
2023-03-20 12:30:00,OIL-SYN-005,2149.0,2073.8,Girujan,ROTARY_DRILLING,13.06,24.84,72.6,17.28,16080.6,267.1,2995.6,98.1,1.344,127.08,1.385,68.3,1.55,
2023-03-20 13:00:00,OIL-SYN-005,2167.9,2092.0,Girujan,ROTARY_DRILLING,12.06,23.75,65.1,14.2,15990.0,249.1,3091.9,100,1.368,125.9,1.405,61.8,0.95,
2023-03-20 13:30:00,OIL-SYN-005,2186.7,2110.2,Girujan,ROTARY_DRILLING,15.87,23.14,81.5,15.18,15873.3,273.6,3144.9,98.2,1.366,128.16,1.38,68.0,2.42,
2023-03-20 14:00:00,OIL-SYN-005,2205.5,2128.3,Girujan,ROTARY_DRILLING,13.06,26.78,75.6,19.41,15990.6,259.4,3181.4,98.4,1.361,126.91,1.381,66.1,1.73,
2023-03-20 14:30:00,OIL-SYN-005,2224.4,2146.5,Girujan,ROTARY_DRILLING,14.99,27.59,71.0,18.19,15827.6,266.0,3192.7,99.0,1.369,127.65,1.391,65.2,0.58,
2023-03-20 15:00:00,OIL-SYN-005,2243.2,2164.7,Girujan,ROTARY_DRILLING,15.21,27.32,80.8,17.68,15847.7,262.4,3113.2,98.8,1.369,129.9,1.41,67.3,0.11,
2023-03-20 15:30:00,OIL-SYN-005,2262.0,2182.9,Girujan,ROTARY_DRILLING,12.22,23.02,79.7,18.55,16347.8,250.9,3218.0,98.9,1.383,127.94,1.399,68.4,2.07,
2023-03-20 16:00:00,OIL-SYN-005,2280.9,2201.0,Girujan,ROTARY_DRILLING,14.1,25.96,77.9,17.38,15721.3,272.2,3119.6,99.0,1.355,127.46,1.39,78.5,1.94,
2023-03-20 16:30:00,OIL-SYN-005,2299.7,2219.2,Girujan,ROTARY_DRILLING,8.26,26.96,75.7,18.2,16314.5,258.2,3247.9,98.2,1.381,127.5,1.414,65.7,1.94,
2023-03-20 17:00:00,OIL-SYN-005,2318.6,2237.4,Girujan,ROTARY_DRILLING,15.45,19.4,50,17.86,15980.7,272.2,3322.7,98.9,1.381,127.34,1.412,70.2,1.37,
2023-03-20 17:30:00,OIL-SYN-005,2337.4,2255.6,Girujan,ROTARY_DRILLING,16.44,21.19,67.0,18.34,16843.0,265.2,3165.0,99.9,1.387,127.87,1.406,73.1,0.54,CEMENTING_ISSUE
2023-03-20 18:00:00,OIL-SYN-005,2356.2,2273.8,Girujan,ROTARY_DRILLING,12.47,24.71,69.5,18.41,18205.4,263.3,3228.9,98.2,1.386,129.57,1.403,67.5,1.08,CEMENTING_ISSUE
2023-03-20 18:30:00,OIL-SYN-005,2375.1,2291.9,Girujan,ROTARY_DRILLING,12.14,24.46,77.6,18.18,17628.6,266.7,3250.6,100,1.41,127.5,1.431,70.3,1.08,CEMENTING_ISSUE
2023-03-20 19:00:00,OIL-SYN-005,2393.9,2310.1,Girujan,ROTARY_DRILLING,18.99,27.6,87.7,20.79,18204.4,284.1,3120.7,97.7,1.402,127.16,1.444,71.5,0.59,CEMENTING_ISSUE
2023-03-20 19:30:00,OIL-SYN-005,2412.7,2328.3,Girujan,ROTARY_DRILLING,12.41,24.46,62.7,17.58,17248.6,255.5,3064.8,98.0,1.372,126.91,1.394,63.1,1.91,CEMENTING_ISSUE
2023-03-20 20:00:00,OIL-SYN-005,2431.6,2346.5,Girujan,ROTARY_DRILLING,15.19,23.88,79.9,15.88,17873.9,265.4,3131.4,99.9,1.392,130.21,1.417,66.4,3.09,CEMENTING_ISSUE
2023-03-20 20:30:00,OIL-SYN-005,2450.4,2364.6,Girujan,ROTARY_DRILLING,10.29,25.39,56.4,19.8,17702.9,278.6,3557.2,98.6,1.393,127.77,1.437,71.4,1.58,CEMENTING_ISSUE
2023-03-20 21:00:00,OIL-SYN-005,2469.2,2382.8,Girujan,ROTARY_DRILLING,15.89,25.19,75.9,17.66,16432.0,290.7,3279.8,99.9,1.389,126.6,1.42,69.5,2.49,
2023-03-20 21:30:00,OIL-SYN-005,2488.1,2401.0,Girujan,ROTARY_DRILLING,14.85,25.26,61.4,18.19,17072.4,270.1,3266.6,98.8,1.388,126.92,1.407,60.4,1.57,
2023-03-20 22:00:00,OIL-SYN-005,2506.9,2419.2,Girujan,ROTARY_DRILLING,13.72,26.44,76.5,18.8,16469.8,278.3,3314.6,98.4,1.398,127.39,1.416,70.9,3.15,
2023-03-20 22:30:00,OIL-SYN-005,2525.8,2437.4,Girujan,ROTARY_DRILLING,10.7,25.79,80.7,19.68,15600.0,271.4,3269.2,100,1.407,128.84,1.439,71.3,1.33,
2023-03-20 23:00:00,OIL-SYN-005,2544.6,2455.5,Girujan,ROTARY_DRILLING,16.45,24.98,64.7,20.57,16245.9,288.2,3178.0,98.9,1.401,128.57,1.429,73.6,2.35,
2023-03-20 23:30:00,OIL-SYN-005,2563.4,2473.7,Lakwa,ROTARY_DRILLING,15.84,25.16,90.0,16.97,16358.4,277.4,3232.5,100,1.417,125.78,1.432,41.9,3.9,
2023-03-21 00:00:00,OIL-SYN-005,2582.3,2491.9,Lakwa,ROTARY_DRILLING,11.3,22.15,71.6,18.43,16192.4,285.3,3200.1,99.1,1.396,128.82,1.414,47.0,4.58,
2023-03-21 00:30:00,OIL-SYN-005,2601.1,2510.1,Lakwa,ROTARY_DRILLING,17.52,29.2,63.3,19.0,16150.4,281.6,3252.1,99.9,1.405,128.5,1.426,48.2,5.16,
2023-03-21 01:00:00,OIL-SYN-005,2619.9,2528.2,Lakwa,ROTARY_DRILLING,10.51,29.13,92.5,18.69,16524.8,270.5,3159.8,99.5,1.396,127.7,1.436,51.4,4.68,
2023-03-21 01:30:00,OIL-SYN-005,2638.8,2546.4,Lakwa,ROTARY_DRILLING,13.09,25.44,67.0,18.34,16545.4,286.4,3163.4,99.8,1.413,127.33,1.429,54.1,4.07,
2023-03-21 02:00:00,OIL-SYN-005,2657.6,2564.6,Lakwa,ROTARY_DRILLING,10.98,28.92,76.4,20.49,16894.7,274.3,3098.3,99.5,1.437,126.84,1.48,40.3,3.85,
2023-03-21 02:30:00,OIL-SYN-005,2676.4,2582.8,Lakwa,ROTARY_DRILLING,15.94,25.1,81.7,18.86,16627.8,280.0,3273.5,99.1,1.424,126.91,1.45,39.9,4.23,
2023-03-21 03:00:00,OIL-SYN-005,2695.3,2600.9,Lakwa,NPT,0,24.68,58.2,19.17,16146.5,280.6,3343.1,99.3,1.391,129.72,1.425,43.9,3.0,NPT
2023-03-21 03:30:00,OIL-SYN-005,2714.1,2619.1,Lakwa,NPT,0,26.79,75.3,19.05,17261.8,283.1,3104.7,97.5,1.433,129.97,1.47,55.5,5.23,NPT
2023-03-21 04:00:00,OIL-SYN-005,2733.0,2637.3,Lakwa,NPT,0,25.71,80.9,18.92,16589.3,289.2,3233.9,99.1,1.419,127.59,1.43,51.3,4.85,NPT
2023-03-21 04:30:00,OIL-SYN-005,2751.8,2655.5,Lakwa,NPT,0,28.25,82.8,19.71,16551.9,290.4,3183.1,98.7,1.402,129.98,1.447,42.9,4.82,NPT
2023-03-21 05:00:00,OIL-SYN-005,2770.6,2673.7,Lakwa,NPT,0,25.92,74.2,18.48,17284.9,276.7,3196.1,100,1.411,129.29,1.429,39.0,3.9,NPT
2023-03-21 05:30:00,OIL-SYN-005,2789.5,2691.8,Lakwa,NPT,0,25.23,65.7,20.94,17001.5,286.6,3269.5,99.0,1.406,126.94,1.446,43.1,5.04,NPT
2023-03-21 06:00:00,OIL-SYN-005,2808.3,2710.0,Lakwa,NPT,0,24.47,74.8,17.85,16813.0,285.5,3301.5,99.0,1.441,127.06,1.482,54.4,3.34,NPT
2023-03-21 06:30:00,OIL-SYN-005,2827.1,2728.2,Lakwa,ROTARY_DRILLING,12.11,30.46,63.3,19.88,17211.2,288.0,3194.6,98.9,1.451,127.09,1.48,45.9,4.96,
2023-03-21 07:00:00,OIL-SYN-005,2846.0,2746.4,Lakwa,ROTARY_DRILLING,10.02,25.41,60.6,20.45,17042.2,280.6,3239.2,97.1,1.437,129.12,1.463,34.5,4.62,
2023-03-21 07:30:00,OIL-SYN-005,2864.8,2764.5,Lakwa,ROTARY_DRILLING,10.92,23.19,55.2,20.37,17563.7,296.3,3376.1,99.4,1.412,128.03,1.422,47.1,4.29,
2023-03-21 08:00:00,OIL-SYN-005,2883.6,2782.7,Lakwa,ROTARY_DRILLING,15.51,25.26,66.0,19.12,17398.9,279.2,3404.6,100,1.448,127.8,1.469,46.0,5.53,
2023-03-21 08:30:00,OIL-SYN-005,2902.5,2800.9,Lakwa,ROTARY_DRILLING,11.87,22.36,81.4,18.74,17037.3,288.6,3283.9,97.9,1.454,129.5,1.479,39.1,3.96,
2023-03-21 09:00:00,OIL-SYN-005,2921.3,2819.1,Lakwa,ROTARY_DRILLING,8.96,27.93,59.0,19.76,16908.8,295.9,3342.4,99.0,1.461,127.73,1.486,50.0,5.28,
2023-03-21 09:30:00,OIL-SYN-005,2940.2,2837.3,Lakwa,ROTARY_DRILLING,11.9,25.88,66.1,21.39,16767.1,303.9,3287.9,99.4,1.439,130.29,1.463,43.6,3.2,
2023-03-21 10:00:00,OIL-SYN-005,2959.0,2855.4,Lakwa,ROTARY_DRILLING,15.27,29.55,62.1,20.52,16975.4,296.5,3217.6,98.5,1.446,125.51,1.466,55.1,4.73,
2023-03-21 10:30:00,OIL-SYN-005,2977.8,2873.6,Lakwa,ROTARY_DRILLING,13.38,25.54,66.1,21.37,17400.7,292.8,3244.1,99.7,1.455,127.7,1.495,45.9,5.38,
2023-03-21 11:00:00,OIL-SYN-005,2996.7,2891.8,Lakwa,ROTARY_DRILLING,6.4,28.19,64.4,18.94,16596.7,293.9,3557.2,99.8,1.46,128.63,1.494,41.9,4.01,
2023-03-21 11:30:00,OIL-SYN-005,3015.5,2910.0,Lakwa,ROTARY_DRILLING,14.44,26.49,66.2,19.12,17954.5,293.6,3270.1,98.7,1.463,128.17,1.504,46.2,3.8,
2023-03-21 12:00:00,OIL-SYN-005,3034.3,2928.1,Lakwa,ROTARY_DRILLING,16.14,26.69,60.8,18.91,17191.6,293.7,3344.5,100,1.444,127.21,1.459,38.5,4.97,
2023-03-21 12:30:00,OIL-SYN-005,3053.2,2946.3,Lakwa,ROTARY_DRILLING,12.75,22.4,70.9,22.15,17226.3,304.5,3462.7,98.7,1.461,128.71,1.5,39.8,4.57,
2023-03-21 13:00:00,OIL-SYN-005,3072.0,2964.5,Lakwa,ROTARY_DRILLING,11.52,22.01,66.6,21.57,17861.1,301.8,3416.2,99.1,1.452,129.95,1.489,52.1,3.19,
2023-03-21 13:30:00,OIL-SYN-005,3090.8,2982.7,Lakwa,ROTARY_DRILLING,10.93,26.63,58.3,20.49,17727.4,302.8,3448.7,99.5,1.474,129.91,1.485,37.8,4.85,
2023-03-21 14:00:00,OIL-SYN-005,3109.7,3000.8,Lakwa,ROTARY_DRILLING,16.16,26.66,65.6,22.87,17255.4,293.5,3466.6,99.2,1.468,127.14,1.511,44.9,5.4,
2023-03-21 14:30:00,OIL-SYN-005,3128.5,3019.0,Lakwa,ROTARY_DRILLING,12.09,28.92,67.5,22.82,17464.2,294.6,3484.3,99.5,1.444,128.61,1.461,45.6,3.53,
2023-03-21 15:00:00,OIL-SYN-005,3147.4,3037.2,Lakwa,ROTARY_DRILLING,13.53,25.56,50.8,23.06,17772.3,311.8,3395.1,74.3,1.466,121.45,1.507,39.8,2.89,MUD_LOSS
2023-03-21 15:30:00,OIL-SYN-005,3166.2,3055.4,Lakwa,ROTARY_DRILLING,12.65,23.21,70.9,23.49,17905.0,305.7,3356.1,85.1,1.519,124.43,1.561,43.9,6.04,MUD_LOSS
2023-03-21 16:00:00,OIL-SYN-005,3185.0,3073.6,Lakwa,ROTARY_DRILLING,10.2,30.85,50,20.92,17876.5,315.6,3270.5,73.2,1.474,121.5,1.505,43.5,4.86,MUD_LOSS
2023-03-21 16:30:00,OIL-SYN-005,3203.9,3091.7,Nahorkatiya Sand,ROTARY_DRILLING,11.57,24.81,77.3,22.0,17735.0,298.5,3344.7,78.7,1.507,124.18,1.526,46.9,3.36,MUD_LOSS
2023-03-21 17:00:00,OIL-SYN-005,3222.7,3109.9,Nahorkatiya Sand,ROTARY_DRILLING,12.02,22.47,69.9,19.43,17669.4,303.7,3280.4,79.9,1.485,123.06,1.529,41.3,2.01,MUD_LOSS
2023-03-21 17:30:00,OIL-SYN-005,3241.5,3128.1,Nahorkatiya Sand,ROTARY_DRILLING,11.53,26.03,54.6,18.7,17127.0,305.0,3376.6,87.9,1.457,122.26,1.481,42.1,2.17,MUD_LOSS
2023-03-21 18:00:00,OIL-SYN-005,3260.4,3146.3,Nahorkatiya Sand,ROTARY_DRILLING,16.17,25.94,68.8,20.14,17393.8,315.2,3645.9,90.2,1.477,119.23,1.513,43.5,1.75,MUD_LOSS
2023-03-21 18:30:00,OIL-SYN-005,3279.2,3164.4,Nahorkatiya Sand,ROTARY_DRILLING,13.02,24.08,72.1,22.5,17444.5,298.5,3431.2,98.2,1.5,129.38,1.526,50.9,0.61,
2023-03-21 19:00:00,OIL-SYN-005,3298.1,3182.6,Nahorkatiya Sand,ROTARY_DRILLING,8.89,28.38,60.3,22.22,17939.0,319.1,3339.5,99.1,1.474,127.75,1.489,48.7,2.04,
2023-03-21 19:30:00,OIL-SYN-005,3316.9,3200.8,Nahorkatiya Sand,ROTARY_DRILLING,16.89,27.54,55.8,21.15,17730.8,311.9,3372.3,98.9,1.492,128.23,1.524,39.1,2.51,
2023-03-21 20:00:00,OIL-SYN-005,3335.7,3219.0,Nahorkatiya Sand,ROTARY_DRILLING,12.07,28.98,66.8,24.18,18134.8,305.8,3335.0,97.9,1.487,129.05,1.504,43.2,2.25,
2023-03-21 20:30:00,OIL-SYN-005,3354.6,3237.2,Nahorkatiya Sand,ROTARY_DRILLING,9.44,30.07,72.5,22.02,17441.5,311.5,3513.3,99.5,1.49,129.07,1.501,47.9,2.51,
2023-03-21 21:00:00,OIL-SYN-005,3373.4,3255.3,Nahorkatiya Sand,ROTARY_DRILLING,10.64,24.96,62.0,21.75,17751.4,307.8,3562.7,98.0,1.511,128.41,1.53,46.6,2.34,
2023-03-21 21:30:00,OIL-SYN-005,3392.2,3273.5,Nahorkatiya Sand,ROTARY_DRILLING,10.07,29.2,72.0,24.81,18209.5,318.7,3281.0,99.5,1.5,130.85,1.52,50.8,2.7,
2023-03-21 22:00:00,OIL-SYN-005,3411.1,3291.7,Nahorkatiya Sand,ROTARY_DRILLING,10.2,30.54,60.3,23.89,17766.4,306.7,3491.7,99.6,1.548,127.57,1.569,39.4,2.45,
2023-03-21 22:30:00,OIL-SYN-005,3429.9,3309.9,Nahorkatiya Sand,ROTARY_DRILLING,13.76,27.68,68.5,21.67,17798.3,304.2,3553.6,99.3,1.506,127.74,1.549,48.7,1.19,
2023-03-21 23:00:00,OIL-SYN-005,3448.7,3328.0,Nahorkatiya Sand,ROTARY_DRILLING,14.82,27.91,64.4,20.87,18108.6,321.0,3501.1,98.6,1.508,129.49,1.534,40.7,0,
2023-03-21 23:30:00,OIL-SYN-005,3467.6,3346.2,Nahorkatiya Sand,ROTARY_DRILLING,13.74,26.07,63.1,22.69,18162.5,321.9,3459.7,99.5,1.503,128.77,1.524,41.3,1.93,
2023-03-22 00:00:00,OIL-SYN-005,3486.4,3364.4,Nahorkatiya Sand,ROTARY_DRILLING,6.87,26.94,81.2,21.56,17944.0,318.0,3415.7,98.2,1.517,128.52,1.547,40.7,1.84,
2023-03-22 00:30:00,OIL-SYN-005,3505.3,3382.6,Nahorkatiya Sand,ROTARY_DRILLING,10.55,27.56,61.5,24.59,17527.6,313.4,3449.3,98.8,1.541,128.59,1.578,43.3,1.2,
2023-03-22 01:00:00,OIL-SYN-005,3524.1,3400.7,Nahorkatiya Sand,ROTARY_DRILLING,10.7,28.4,65.0,23.56,18363.3,308.7,3506.5,99.2,1.504,125.97,1.548,41.0,1.09,
2023-03-22 01:30:00,OIL-SYN-005,3542.9,3418.9,Nahorkatiya Sand,ROTARY_DRILLING,12.99,27.49,66.3,23.58,19271.2,326.8,3374.2,100,1.528,128.34,1.54,49.8,1.08,
2023-03-22 02:00:00,OIL-SYN-005,3561.8,3437.1,Nahorkatiya Sand,ROTARY_DRILLING,11.22,25.66,69.8,23.46,17832.9,333.0,3486.1,98.2,1.515,127.69,1.555,43.4,2.29,
2023-03-22 02:30:00,OIL-SYN-005,3580.6,3455.3,Nahorkatiya Sand,ROTARY_DRILLING,12.98,25.29,57.8,21.14,17939.4,318.7,3538.2,100,1.529,127.41,1.566,52.8,2.92,
2023-03-22 03:00:00,OIL-SYN-005,3599.4,3473.5,Nahorkatiya Sand,ROTARY_DRILLING,11.53,26.88,72.8,21.92,17994.4,313.8,3429.4,99.2,1.523,126.96,1.545,41.3,1.86,
2023-03-22 03:30:00,OIL-SYN-005,3618.3,3491.6,Nahorkatiya Sand,ROTARY_DRILLING,14.96,23.78,67.0,24.38,18513.8,317.0,3427.4,99.6,1.514,129.23,1.529,33.7,0.66,
2023-03-22 04:00:00,OIL-SYN-005,3637.1,3509.8,Nahorkatiya Sand,ROTARY_DRILLING,12.9,28.17,56.2,23.77,18307.4,311.4,3460.4,98.7,1.529,128.14,1.545,46.7,2.65,
2023-03-22 04:30:00,OIL-SYN-005,3655.9,3528.0,Nahorkatiya Sand,ROTARY_DRILLING,15.0,24.15,58.2,22.26,18865.8,329.9,3506.9,99.1,1.527,128.12,1.562,48.3,0.83,
2023-03-22 05:00:00,OIL-SYN-005,3674.8,3546.2,Nahorkatiya Sand,ROTARY_DRILLING,9.76,30.14,63.4,23.5,18400.5,321.8,3535.2,99.5,1.54,128.43,1.555,38.9,0.93,
2023-03-22 05:30:00,OIL-SYN-005,3693.6,3564.3,Nahorkatiya Sand,ROTARY_DRILLING,8.73,30.25,64.2,23.32,18227.4,318.3,3535.6,97.6,1.517,125.91,1.555,35.5,1.38,
2023-03-22 06:00:00,OIL-SYN-005,3712.5,3582.5,Barail,ROTARY_DRILLING,9.06,26.83,54.0,22.88,18723.7,329.3,3357.5,99.9,1.55,128.18,1.564,44.9,1.83,
2023-03-22 06:30:00,OIL-SYN-005,3731.3,3600.7,Barail,ROTARY_DRILLING,11.94,27.48,60.6,24.34,19091.4,322.9,3538.1,96.7,1.545,127.35,1.574,49.4,2.74,
2023-03-22 07:00:00,OIL-SYN-005,3750.1,3618.9,Barail,ROTARY_DRILLING,10.86,31.43,66.0,25.15,18529.2,332.5,3697.2,99.5,1.527,127.03,1.568,47.6,1.96,
2023-03-22 07:30:00,OIL-SYN-005,3769.0,3637.0,Barail,ROTARY_DRILLING,12.78,25.28,58.0,24.6,18548.5,329.2,3468.0,98.8,1.505,127.03,1.546,52.2,2.26,
2023-03-22 08:00:00,OIL-SYN-005,3787.8,3655.2,Barail,ROTARY_DRILLING,10.64,28.94,61.2,23.26,18466.3,325.5,3579.8,98.9,1.541,127.69,1.554,46.0,2.78,
2023-03-22 08:30:00,OIL-SYN-005,3806.6,3673.4,Barail,ROTARY_DRILLING,12.57,30.6,50,24.36,17806.8,325.9,3567.8,100,1.56,127.73,1.587,44.0,2.26,
2023-03-22 09:00:00,OIL-SYN-005,3825.5,3691.6,Barail,ROTARY_DRILLING,11.45,29.88,50,22.3,18352.0,323.1,3669.2,98.2,1.544,127.31,1.562,53.8,1.64,
2023-03-22 09:30:00,OIL-SYN-005,3844.3,3709.8,Barail,ROTARY_DRILLING,13.32,28.36,56.5,25.57,18081.5,308.3,3419.2,99.3,1.524,128.82,1.559,42.8,1.26,
2023-03-22 10:00:00,OIL-SYN-005,3863.1,3727.9,Barail,ROTARY_DRILLING,9.47,31.82,60.4,24.79,18513.4,320.7,3602.2,98.7,1.544,128.44,1.576,41.6,1.78,
2023-03-22 10:30:00,OIL-SYN-005,3882.0,3746.1,Barail,ROTARY_DRILLING,14.53,28.66,50,25.84,18579.0,323.4,3610.0,98.0,1.571,129.07,1.598,50.5,3.0,
2023-03-22 11:00:00,OIL-SYN-005,3900.8,3764.3,Barail,ROTARY_DRILLING,9.16,30.75,57.6,23.45,19307.1,330.6,3685.9,98.8,1.549,128.38,1.57,40.1,2.03,
2023-03-22 11:30:00,OIL-SYN-005,3919.7,3782.5,Barail,ROTARY_DRILLING,12.06,29.87,52.4,23.55,18975.5,318.9,3536.0,99.5,1.555,126.79,1.593,53.7,1.82,
2023-03-22 12:00:00,OIL-SYN-005,3938.5,3800.6,Barail,ROTARY_DRILLING,12.1,29.54,60.0,25.65,18412.0,335.6,3617.5,99.5,1.559,128.24,1.586,54.1,1.67,
2023-03-22 12:30:00,OIL-SYN-005,3957.3,3818.8,Barail,ROTARY_DRILLING,11.72,32.9,50,25.46,18675.4,339.1,3477.2,99.0,1.558,127.13,1.586,44.4,2.21,
2023-03-22 13:00:00,OIL-SYN-005,3976.2,3837.0,Barail,ROTARY_DRILLING,9.37,28.8,70.1,28.33,20231.1,347.5,3605.2,99.0,1.536,129.55,1.562,46.0,3.19,
2023-03-22 13:30:00,OIL-SYN-005,3995,3855.2,Barail,ROTARY_DRILLING,11.27,29.86,50,24.9,18684.3,327.4,3529.8,98.7,1.551,128.46,1.562,41.5,1.55,
2023-04-05 06:00:00,OIL-SYN-006,1000.0,965.0,Barail,ROTARY_DRILLING,17.82,20.94,89.4,14.12,14368.3,232.0,2908.8,99.1,1.207,127.28,1.248,45.6,1.73,
2023-04-05 06:30:00,OIL-SYN-006,1014.9,979.4,Barail,ROTARY_DRILLING,13.27,16.51,97.8,12.3,13724.8,220.5,2810.1,99.5,1.215,126.99,1.252,59.1,2.91,
2023-04-05 07:00:00,OIL-SYN-006,1029.8,993.8,Barail,ROTARY_DRILLING,13.54,16.46,98.7,12.5,14542.5,231.5,2895.2,100,1.249,127.66,1.28,51.2,3.04,
2023-04-05 07:30:00,OIL-SYN-006,1044.7,1008.2,Barail,ROTARY_DRILLING,11.23,20.0,89.0,12.4,14260.0,225.7,2773.5,99.3,1.211,126.32,1.251,48.6,2.55,
2023-04-05 08:00:00,OIL-SYN-006,1059.6,1022.5,Barail,ROTARY_DRILLING,17.31,20.15,95.8,14.33,14403.9,227.3,2959.6,99.7,1.244,128.81,1.274,46.1,3.23,
2023-04-05 08:30:00,OIL-SYN-006,1074.5,1036.9,Barail,ROTARY_DRILLING,16.98,17.69,88.9,14.37,13717.9,236.0,2796.0,99.3,1.257,128.85,1.301,37.9,2.23,
2023-04-05 09:00:00,OIL-SYN-006,1089.4,1051.3,Barail,ROTARY_DRILLING,17.34,20.78,79.5,12.93,14339.4,239.9,2880.2,98.9,1.234,127.93,1.263,44.4,1.23,
2023-04-05 09:30:00,OIL-SYN-006,1104.3,1065.7,Barail,ROTARY_DRILLING,14.82,19.69,70.4,13.54,14339.6,242.8,2972.4,98.2,1.25,128.27,1.292,44.6,1.68,
2023-04-05 10:00:00,OIL-SYN-006,1119.2,1080.1,Barail,ROTARY_DRILLING,13.8,23.03,92.8,11.45,14695.3,240.5,2885.6,100,1.262,128.42,1.282,46.2,1.62,
2023-04-05 10:30:00,OIL-SYN-006,1134.2,1094.5,Barail,ROTARY_DRILLING,13.14,21.88,86.1,10.7,14361.2,230.4,2914.1,98.6,1.241,129.05,1.265,51.7,2.03,
2023-04-05 11:00:00,OIL-SYN-006,1149.1,1108.8,Barail,ROTARY_DRILLING,19.75,20.22,84.2,11.56,14515.3,242.9,2925.7,99.3,1.249,129.03,1.278,54.2,2.28,
2023-04-05 11:30:00,OIL-SYN-006,1164.0,1123.2,Barail,ROTARY_DRILLING,17.04,25.01,86.2,16.13,14284.8,233.0,2954.1,99.6,1.273,129.4,1.287,45.7,2.18,
2023-04-05 12:00:00,OIL-SYN-006,1178.9,1137.6,Barail,ROTARY_DRILLING,15.34,19.14,95.7,13.55,14359.6,221.6,2836.5,99.2,1.272,129.09,1.291,49.2,2.66,
2023-04-05 12:30:00,OIL-SYN-006,1193.8,1152.0,Barail,ROTARY_DRILLING,15.44,24.38,90.8,16.2,13939.4,230.2,3022.6,97.7,1.236,127.98,1.26,46.8,2.09,
2023-04-05 13:00:00,OIL-SYN-006,1208.7,1166.4,Barail,ROTARY_DRILLING,18.13,25.54,97.8,12.98,13845.1,213.9,3009.7,98.3,1.267,128.33,1.297,52.2,3.22,
2023-04-05 13:30:00,OIL-SYN-006,1223.6,1180.8,Barail,ROTARY_DRILLING,14.96,23.03,84.5,12.45,14107.8,234.8,2989.0,97.9,1.263,127.6,1.305,42.7,3.19,
2023-04-05 14:00:00,OIL-SYN-006,1238.5,1195.1,Barail,ROTARY_DRILLING,12.28,23.93,87.8,12.96,14864.0,248.8,2972.5,100,1.264,127.0,1.305,36.9,0.92,
2023-04-05 14:30:00,OIL-SYN-006,1253.4,1209.5,Barail,ROTARY_DRILLING,15.73,23.29,91.2,13.64,14917.2,234.3,2910.3,97.4,1.245,128.47,1.256,46.2,2.7,
2023-04-05 15:00:00,OIL-SYN-006,1268.3,1223.9,Barail,ROTARY_DRILLING,12.24,18.3,91.4,13.02,14726.5,239.6,3037.4,98.6,1.277,128.81,1.316,45.3,2.19,
2023-04-05 15:30:00,OIL-SYN-006,1283.2,1238.3,Barail,ROTARY_DRILLING,18.62,22.75,84.0,14.26,14816.4,221.4,2895.8,99.9,1.28,127.85,1.315,51.6,2.07,
2023-04-05 16:00:00,OIL-SYN-006,1298.1,1252.7,Barail,ROTARY_DRILLING,18.35,24.82,95.1,11.94,14251.1,229.6,2809.1,98.7,1.268,128.53,1.289,46.9,1.77,
2023-04-05 16:30:00,OIL-SYN-006,1313.0,1267.1,Barail,ROTARY_DRILLING,21.65,19.83,80.3,16.49,14586.0,246.0,2867.7,99.2,1.241,128.16,1.28,47.7,1.4,
2023-04-05 17:00:00,OIL-SYN-006,1327.9,1281.4,Barail,ROTARY_DRILLING,15.91,22.12,83.9,12.37,14105.0,231.3,2901.8,98.7,1.271,128.71,1.286,49.8,1.79,
2023-04-05 17:30:00,OIL-SYN-006,1342.8,1295.8,Barail,ROTARY_DRILLING,16.84,21.59,95.7,14.9,14127.8,239.2,2871.4,99.1,1.268,128.49,1.297,50.9,2.67,
2023-04-05 18:00:00,OIL-SYN-006,1357.7,1310.2,Barail,ROTARY_DRILLING,14.45,23.37,93.4,16.27,15089.0,226.5,2983.3,98.9,1.286,129.99,1.297,46.9,1.6,
2023-04-05 18:30:00,OIL-SYN-006,1372.6,1324.6,Barail,ROTARY_DRILLING,12.89,26.58,72.1,13.01,14950.3,240.5,2958.9,99.1,1.274,126.19,1.312,50.3,2.0,
2023-04-05 19:00:00,OIL-SYN-006,1387.5,1339.0,Barail,ROTARY_DRILLING,16.47,24.15,84.3,14.31,14891.1,239.2,2982.6,99.2,1.297,125.96,1.312,43.4,2.87,
2023-04-05 19:30:00,OIL-SYN-006,1402.5,1353.4,Tipam,ROTARY_DRILLING,16.18,22.96,87.8,15.58,15428.8,225.5,3018.0,99.3,1.27,129.63,1.305,45.7,1.85,
2023-04-05 20:00:00,OIL-SYN-006,1417.4,1367.8,Tipam,ROTARY_DRILLING,16.57,23.94,102.9,14.28,15203.1,252.3,2944.3,98.6,1.273,128.66,1.285,47.7,0.45,
2023-04-05 20:30:00,OIL-SYN-006,1432.3,1382.1,Tipam,ROTARY_DRILLING,17.79,17.48,96.3,13.37,15302.8,241.8,2878.0,100,1.294,127.69,1.321,50.4,0.9,
2023-04-05 21:00:00,OIL-SYN-006,1447.2,1396.5,Tipam,ROTARY_DRILLING,15.31,24.24,76.1,14.88,14430.0,240.5,3095.4,98.6,1.303,127.19,1.32,49.9,0.7,
2023-04-05 21:30:00,OIL-SYN-006,1462.1,1410.9,Tipam,ROTARY_DRILLING,14.72,22.78,79.0,15.01,14545.9,226.1,2951.4,99.0,1.272,127.27,1.306,44.0,2.93,
2023-04-05 22:00:00,OIL-SYN-006,1477.0,1425.3,Tipam,ROTARY_DRILLING,16.53,21.95,71.2,13.86,14381.2,239.5,3110.1,99.8,1.285,128.37,1.313,40.5,3.09,
2023-04-05 22:30:00,OIL-SYN-006,1491.9,1439.7,Tipam,ROTARY_DRILLING,15.69,24.41,86.0,11.91,15273.4,221.8,2940.6,99.0,1.274,128.58,1.307,41.7,2.1,
2023-04-05 23:00:00,OIL-SYN-006,1506.8,1454.1,Tipam,ROTARY_DRILLING,20.56,19.49,88.8,13.15,14553.6,233.7,2901.0,99.2,1.282,128.73,1.322,51.7,1.59,
2023-04-05 23:30:00,OIL-SYN-006,1521.7,1468.4,Tipam,ROTARY_DRILLING,14.55,18.34,95.5,14.89,15337.5,235.2,3086.2,98.3,1.301,127.19,1.336,36.5,0.72,
2023-04-06 00:00:00,OIL-SYN-006,1536.6,1482.8,Tipam,ROTARY_DRILLING,15.48,20.4,85.0,14.61,14614.3,229.3,3055.5,99.8,1.302,129.09,1.338,36.9,2.24,
2023-04-06 00:30:00,OIL-SYN-006,1551.5,1497.2,Tipam,ROTARY_DRILLING,18.38,18.48,87.7,15.87,15094.9,245.2,3115.9,98.9,1.277,127.81,1.306,37.3,2.48,
2023-04-06 01:00:00,OIL-SYN-006,1566.4,1511.6,Tipam,ROTARY_DRILLING,17.72,22.63,79.7,14.42,14667.7,241.9,3167.8,97.9,1.287,127.49,1.313,45.3,2.1,
2023-04-06 01:30:00,OIL-SYN-006,1581.3,1526.0,Tipam,ROTARY_DRILLING,15.84,27.1,89.4,14.85,15321.2,242.0,2832.0,98.7,1.275,127.71,1.309,47.4,1.39,
2023-04-06 02:00:00,OIL-SYN-006,1596.2,1540.4,Tipam,ROTARY_DRILLING,17.12,20.36,82.7,13.6,15054.2,253.5,3108.4,98.7,1.269,127.53,1.282,37.5,1.3,
2023-04-06 02:30:00,OIL-SYN-006,1611.1,1554.7,Tipam,ROTARY_DRILLING,13.8,22.13,90.6,14.16,15515.2,238.1,3039.9,98.8,1.304,127.3,1.337,54.1,0,
2023-04-06 03:00:00,OIL-SYN-006,1626.0,1569.1,Tipam,ROTARY_DRILLING,18.32,22.41,82.2,14.08,15954.1,251.6,3038.8,98.4,1.313,128.35,1.326,49.9,1.68,
2023-04-06 03:30:00,OIL-SYN-006,1640.9,1583.5,Tipam,ROTARY_DRILLING,12.7,22.61,72.9,13.58,15254.4,237.1,3041.6,100,1.284,126.26,1.297,47.1,1.95,
2023-04-06 04:00:00,OIL-SYN-006,1655.8,1597.9,Tipam,ROTARY_DRILLING,13.42,19.94,103.6,15.85,14650.7,236.9,3004.0,97.7,1.294,127.66,1.32,53.0,2.46,
2023-04-06 04:30:00,OIL-SYN-006,1670.8,1612.3,Tipam,ROTARY_DRILLING,17.49,24.75,97.3,13.97,14881.3,246.3,3028.5,100,1.315,129.05,1.358,50.7,1.3,
2023-04-06 05:00:00,OIL-SYN-006,1685.7,1626.7,Tipam,ROTARY_DRILLING,15.77,22.24,83.6,14.04,15174.9,236.1,3090.9,99.4,1.308,127.46,1.328,47.6,2.44,
2023-04-06 05:30:00,OIL-SYN-006,1700.6,1641.0,Tipam,ROTARY_DRILLING,16.46,18.79,72.8,16.04,15500.0,250.1,2970.2,100,1.31,127.58,1.355,48.1,3.09,
2023-04-06 06:00:00,OIL-SYN-006,1715.5,1655.4,Tipam,ROTARY_DRILLING,13.3,21.6,75.0,15.95,15736.7,246.1,3025.9,98.5,1.318,128.36,1.33,52.5,1.82,
2023-04-06 06:30:00,OIL-SYN-006,1730.4,1669.8,Tipam,ROTARY_DRILLING,12.76,22.17,78.0,15.37,15274.9,249.1,3154.5,99.3,1.309,127.97,1.328,49.9,1.16,
2023-04-06 07:00:00,OIL-SYN-006,1745.3,1684.2,Tipam,ROTARY_DRILLING,14.36,23.62,84.6,14.2,15322.3,244.6,3090.0,99.3,1.322,127.27,1.335,42.4,1.39,
2023-04-06 07:30:00,OIL-SYN-006,1760.2,1698.6,Tipam,ROTARY_DRILLING,13.37,23.71,86.6,16.18,14908.5,255.8,2954.3,99.3,1.314,128.22,1.348,49.4,0,
2023-04-06 08:00:00,OIL-SYN-006,1775.1,1713.0,Tipam,ROTARY_DRILLING,17.07,19.77,86.8,14.82,15058.0,245.9,3145.0,97.2,1.324,130.03,1.351,51.1,2.3,
2023-04-06 08:30:00,OIL-SYN-006,1790.0,1727.3,Tipam,ROTARY_DRILLING,13.12,25.91,86.4,15.92,15119.8,244.8,2961.8,100,1.335,128.1,1.366,50.1,1.12,
2023-04-06 09:00:00,OIL-SYN-006,1804.9,1741.7,Tipam,ROTARY_DRILLING,14.76,18.33,67.4,14.45,14935.2,254.0,2978.9,100.0,1.313,127.01,1.357,40.8,1.71,
2023-04-06 09:30:00,OIL-SYN-006,1819.8,1756.1,Tipam,ROTARY_DRILLING,15.35,25.32,87.2,16.15,15798.1,255.1,3051.3,99.3,1.333,129.04,1.358,39.8,1.33,
2023-04-06 10:00:00,OIL-SYN-006,1834.7,1770.5,Tipam,ROTARY_DRILLING,17.32,26.37,80.5,18.38,15773.8,259.0,3018.8,99.7,1.316,129.62,1.349,45.0,1.06,
2023-04-06 10:30:00,OIL-SYN-006,1849.6,1784.9,Tipam,ROTARY_DRILLING,18.25,17.67,83.8,15.33,15055.9,250.0,2965.8,98.1,1.332,128.64,1.365,45.1,1.87,
2023-04-06 11:00:00,OIL-SYN-006,1864.5,1799.3,Tipam,ROTARY_DRILLING,10.0,27.38,78.3,16.32,15633.8,252.6,2941.7,100,1.346,128.59,1.367,39.5,1.17,
2023-04-06 11:30:00,OIL-SYN-006,1879.4,1813.7,Tipam,ROTARY_DRILLING,14.19,23.19,80.1,15.44,16057.9,246.9,3069.0,98.6,1.333,129.3,1.366,48.9,1.95,
2023-04-06 12:00:00,OIL-SYN-006,1894.3,1828.0,Tipam,ROTARY_DRILLING,17.91,20.83,93.0,16.2,15679.1,247.6,3105.4,99.5,1.343,128.04,1.353,46.0,2.31,
2023-04-06 12:30:00,OIL-SYN-006,1909.2,1842.4,Tipam,ROTARY_DRILLING,19.4,28.69,92.5,17.41,15886.9,245.4,3088.9,98.5,1.355,128.21,1.367,44.7,0,
2023-04-06 13:00:00,OIL-SYN-006,1924.2,1856.8,Tipam,ROTARY_DRILLING,19.37,22.31,75.5,17.62,15497.5,252.7,3003.8,97.5,1.322,129.07,1.334,46.2,1.72,
2023-04-06 13:30:00,OIL-SYN-006,1939.1,1871.2,Tipam,ROTARY_DRILLING,19.77,22.17,76.0,17.37,15974.6,250.5,3168.9,99.5,1.32,127.7,1.345,48.0,1.91,
2023-04-06 14:00:00,OIL-SYN-006,1954.0,1885.6,Tipam,ROTARY_DRILLING,15.9,22.99,92.6,17.52,15434.6,257.0,3079.5,100,1.328,128.11,1.348,40.3,1.5,
2023-04-06 14:30:00,OIL-SYN-006,1968.9,1900.0,Tipam,ROTARY_DRILLING,17.4,21.61,80.3,14.75,15545.2,264.2,3043.4,99.7,1.356,128.05,1.388,43.8,1.55,
2023-04-06 15:00:00,OIL-SYN-006,1983.8,1914.3,Tipam,ROTARY_DRILLING,17.67,25.15,76.0,16.72,15906.9,260.3,3048.6,99.3,1.341,127.58,1.369,40.0,1.57,
2023-04-06 15:30:00,OIL-SYN-006,1998.7,1928.7,Tipam,ROTARY_DRILLING,14.02,22.99,74.7,16.76,15336.3,266.3,3058.4,100,1.314,127.16,1.33,41.2,1.95,
2023-04-06 16:00:00,OIL-SYN-006,2013.6,1943.1,Tipam,ROTARY_DRILLING,14.49,19.36,93.9,17.61,15571.0,258.7,3028.6,99.0,1.36,127.06,1.393,55.0,2.28,
2023-04-06 16:30:00,OIL-SYN-006,2028.5,1957.5,Tipam,ROTARY_DRILLING,13.23,23.29,80.4,15.67,15957.7,255.3,3083.1,98.7,1.377,128.97,1.395,47.1,2.9,
2023-04-06 17:00:00,OIL-SYN-006,2043.4,1971.9,Tipam,ROTARY_DRILLING,15.5,23.79,90.3,17.2,15735.4,255.2,3183.3,97.9,1.342,126.47,1.382,41.3,2.41,
2023-04-06 17:30:00,OIL-SYN-006,2058.3,1986.3,Girujan,ROTARY_DRILLING,11.74,23.87,70.4,16.09,15428.1,268.7,3117.3,98.9,1.345,128.49,1.361,57.0,2.27,
2023-04-06 18:00:00,OIL-SYN-006,2073.2,2000.6,Girujan,ROTARY_DRILLING,13.74,20.36,102.8,16.62,15291.3,278.1,3246.8,98.4,1.348,128.15,1.389,59.1,3.55,
2023-04-06 18:30:00,OIL-SYN-006,2088.1,2015.0,Girujan,ROTARY_DRILLING,12.65,23.15,69.0,19.14,15355.2,259.6,2995.2,99.4,1.325,126.76,1.354,68.0,3.7,
2023-04-06 19:00:00,OIL-SYN-006,2103.0,2029.4,Girujan,ROTARY_DRILLING,15.5,19.37,67.1,16.67,15735.7,265.9,3174.6,98.3,1.36,128.91,1.371,77.9,0.53,
2023-04-06 19:30:00,OIL-SYN-006,2117.9,2043.8,Girujan,ROTARY_DRILLING,16.89,28.28,79.4,14.76,15813.4,267.2,3135.3,98.6,1.312,130.1,1.348,78.8,1.47,
2023-04-06 20:00:00,OIL-SYN-006,2132.8,2058.2,Girujan,ROTARY_DRILLING,10.4,29.69,97.6,15.5,15405.8,262.9,2970.1,98.9,1.349,127.1,1.366,68.0,1.97,
2023-04-06 20:30:00,OIL-SYN-006,2147.7,2072.6,Girujan,ROTARY_DRILLING,16.53,24.36,81.2,13.84,15823.6,262.3,3243.3,98.2,1.376,128.04,1.411,64.6,2.09,
2023-04-06 21:00:00,OIL-SYN-006,2162.6,2086.9,Girujan,ROTARY_DRILLING,14.99,23.93,83.8,19.59,15554.6,268.7,3043.3,98.3,1.38,126.93,1.415,70.8,1.25,
2023-04-06 21:30:00,OIL-SYN-006,2177.5,2101.3,Girujan,ROTARY_DRILLING,11.58,21.94,80.6,14.74,16605.3,265.1,3312.1,99.9,1.382,128.03,1.4,69.2,2.79,
2023-04-06 22:00:00,OIL-SYN-006,2192.5,2115.7,Girujan,ROTARY_DRILLING,14.28,23.89,76.5,15.01,15197.7,267.6,3063.8,100.0,1.349,127.9,1.385,77.0,2.35,
2023-04-06 22:30:00,OIL-SYN-006,2207.4,2130.1,Girujan,ROTARY_DRILLING,12.95,24.63,67.4,17.17,15629.8,263.6,3067.7,98.9,1.345,128.36,1.38,73.9,2.96,
2023-04-06 23:00:00,OIL-SYN-006,2222.3,2144.5,Girujan,ROTARY_DRILLING,14.39,25.56,84.0,20.0,16513.2,257.4,3220.0,98.6,1.371,127.97,1.406,68.6,2.97,
2023-04-06 23:30:00,OIL-SYN-006,2237.2,2158.9,Girujan,ROTARY_DRILLING,14.6,28.15,71.7,14.71,16011.3,265.8,3229.0,99.7,1.395,127.27,1.42,70.8,0.45,
2023-04-07 00:00:00,OIL-SYN-006,2252.1,2173.3,Girujan,ROTARY_DRILLING,13.1,27.97,72.7,18.6,16142.2,262.6,3154.7,98.7,1.373,128.41,1.417,66.4,2.49,
2023-04-07 00:30:00,OIL-SYN-006,2267.0,2187.6,Girujan,ROTARY_DRILLING,12.55,24.06,86.5,18.86,16412.3,261.7,3226.4,100,1.366,129.04,1.4,66.8,2.4,
2023-04-07 01:00:00,OIL-SYN-006,2281.9,2202.0,Girujan,ROTARY_DRILLING,10.5,25.62,66.0,17.18,16014.3,288.9,3235.1,98.1,1.386,127.03,1.402,78.9,1.96,
2023-04-07 01:30:00,OIL-SYN-006,2296.8,2216.4,Girujan,ROTARY_DRILLING,12.59,23.75,77.6,16.84,16133.1,278.6,3224.5,99.2,1.372,129.6,1.382,73.6,1.47,
2023-04-07 02:00:00,OIL-SYN-006,2311.7,2230.8,Girujan,ROTARY_DRILLING,11.13,27.52,89.0,19.14,16669.0,267.3,3133.5,99.5,1.373,128.04,1.388,75.6,1.7,
2023-04-07 02:30:00,OIL-SYN-006,2326.6,2245.2,Girujan,ROTARY_DRILLING,13.62,24.2,73.5,16.03,17081.1,280.2,3322.0,98.0,1.366,128.14,1.389,61.9,2.04,
2023-04-07 03:00:00,OIL-SYN-006,2341.5,2259.6,Girujan,ROTARY_DRILLING,15.44,26.15,72.9,16.12,16423.6,264.4,3170.9,100,1.379,127.76,1.413,78.9,1.4,
2023-04-07 03:30:00,OIL-SYN-006,2356.4,2273.9,Girujan,ROTARY_DRILLING,13.04,24.86,80.7,17.45,16651.0,271.4,3169.3,100,1.378,127.62,1.392,76.0,1.2,
2023-04-07 04:00:00,OIL-SYN-006,2371.3,2288.3,Girujan,ROTARY_DRILLING,11.06,25.47,91.9,18.7,16603.9,262.1,3022.5,98.9,1.379,128.42,1.4,78.2,2.03,
2023-04-07 04:30:00,OIL-SYN-006,2386.2,2302.7,Girujan,ROTARY_DRILLING,15.7,25.38,69.7,16.85,16720.0,287.0,3169.7,97.8,1.386,129.11,1.396,66.8,1.1,
2023-04-07 05:00:00,OIL-SYN-006,2401.1,2317.1,Girujan,ROTARY_DRILLING,13.13,21.02,60.1,18.61,15985.7,278.7,3154.4,98.7,1.374,128.09,1.398,73.1,2.23,
2023-04-07 05:30:00,OIL-SYN-006,2416.0,2331.5,Girujan,ROTARY_DRILLING,14.64,22.23,62.3,17.1,16092.3,263.3,3168.0,98.9,1.38,128.44,1.406,75.7,2.23,
2023-04-07 06:00:00,OIL-SYN-006,2430.9,2345.9,Girujan,ROTARY_DRILLING,16.52,24.63,71.0,16.66,16588.7,275.2,3142.8,98.4,1.376,128.72,1.391,68.4,1.36,
2023-04-07 06:30:00,OIL-SYN-006,2445.8,2360.2,Girujan,NPT,0,25.64,85.3,17.18,16577.4,269.9,3244.4,99.1,1.373,128.25,1.417,73.2,2.04,NPT
2023-04-07 07:00:00,OIL-SYN-006,2460.8,2374.6,Girujan,NPT,0,28.58,79.0,20.79,16705.1,258.3,3180.1,98.3,1.425,127.93,1.458,78.3,0.6,NPT
2023-04-07 07:30:00,OIL-SYN-006,2475.7,2389.0,Girujan,NPT,0,28.9,77.5,20.76,16504.5,270.5,3102.1,98.9,1.408,127.19,1.435,72.3,1.15,NPT
2023-04-07 08:00:00,OIL-SYN-006,2490.6,2403.4,Girujan,NPT,0,26.54,85.7,20.4,16628.5,279.6,3075.9,98.7,1.38,128.21,1.413,75.8,3.42,NPT
2023-04-07 08:30:00,OIL-SYN-006,2505.5,2417.8,Girujan,NPT,0,28.65,70.0,16.74,16550.8,278.3,3189.1,99.7,1.392,128.55,1.406,69.4,2.65,NPT
2023-04-07 09:00:00,OIL-SYN-006,2520.4,2432.2,Girujan,NPT,0,27.32,62.0,18.66,16140.0,285.7,3177.2,100.0,1.407,127.54,1.44,83.6,2.23,NPT
2023-04-07 09:30:00,OIL-SYN-006,2535.3,2446.5,Girujan,NPT,0,25.72,90.2,19.45,16644.7,272.7,3152.4,99.0,1.403,128.02,1.42,64.8,1.96,NPT
2023-04-07 10:00:00,OIL-SYN-006,2550.2,2460.9,Lakwa,NPT,0,27.19,64.9,18.83,16725.7,275.4,3212.1,99.0,1.379,128.73,1.404,47.2,5.69,NPT
2023-04-07 10:30:00,OIL-SYN-006,2565.1,2475.3,Lakwa,NPT,0,26.41,81.8,17.81,16493.7,280.4,3264.9,97.8,1.4,128.74,1.421,39.0,3.58,NPT
2023-04-07 11:00:00,OIL-SYN-006,2580.0,2489.7,Lakwa,ROTARY_DRILLING,12.53,26.39,74.1,19.72,16743.1,281.3,3327.2,98.1,1.411,127.59,1.443,41.1,5.43,
2023-04-07 11:30:00,OIL-SYN-006,2594.9,2504.1,Lakwa,ROTARY_DRILLING,13.66,23.97,70.6,18.11,16986.3,279.1,3408.6,99.6,1.418,128.32,1.457,34.9,4.79,
2023-04-07 12:00:00,OIL-SYN-006,2609.8,2518.5,Lakwa,ROTARY_DRILLING,16.88,24.7,74.5,17.76,16876.1,278.3,3237.8,98.5,1.422,128.7,1.449,46.2,4.27,
2023-04-07 12:30:00,OIL-SYN-006,2624.7,2532.9,Lakwa,ROTARY_DRILLING,12.25,18.77,80.0,17.91,17001.4,303.8,3158.6,99.6,1.414,129.11,1.443,38.9,5.18,
2023-04-07 13:00:00,OIL-SYN-006,2639.6,2547.2,Lakwa,ROTARY_DRILLING,14.01,29.23,68.8,16.94,16391.4,282.2,3236.8,98.0,1.409,128.81,1.435,46.8,3.91,
2023-04-07 13:30:00,OIL-SYN-006,2654.5,2561.6,Lakwa,ROTARY_DRILLING,12.48,23.34,83.5,18.87,16238.9,285.4,3236.7,99.7,1.412,127.15,1.429,57.1,4.68,
2023-04-07 14:00:00,OIL-SYN-006,2669.4,2576.0,Lakwa,ROTARY_DRILLING,12.03,25.87,61.2,19.73,16590.8,282.2,3384.8,99.2,1.416,128.63,1.445,51.5,3.8,
2023-04-07 14:30:00,OIL-SYN-006,2684.3,2590.4,Lakwa,ROTARY_DRILLING,12.21,27.12,75.6,20.53,17013.7,275.0,3183.6,98.5,1.422,128.81,1.462,45.4,4.87,
2023-04-07 15:00:00,OIL-SYN-006,2699.2,2604.8,Lakwa,ROTARY_DRILLING,18.78,24.63,77.0,21.08,16324.4,294.7,3409.0,99.9,1.425,128.36,1.464,49.6,4.86,
2023-04-07 15:30:00,OIL-SYN-006,2714.2,2619.2,Lakwa,ROTARY_DRILLING,11.03,25.03,64.8,19.12,16673.7,280.4,3443.5,99.1,1.431,128.91,1.443,47.3,4.02,
2023-04-07 16:00:00,OIL-SYN-006,2729.1,2633.5,Lakwa,ROTARY_DRILLING,17.2,28.37,72.7,17.02,17033.3,287.7,3325.3,99.2,1.425,125.85,1.45,42.6,3.71,
2023-04-07 16:30:00,OIL-SYN-006,2744.0,2647.9,Lakwa,ROTARY_DRILLING,13.04,27.64,72.8,21.43,16048.6,275.0,3181.8,97.4,1.42,128.82,1.462,50.0,4.83,
2023-04-07 17:00:00,OIL-SYN-006,2758.9,2662.3,Lakwa,ROTARY_DRILLING,12.0,26.35,76.9,19.11,16778.3,296.3,3399.7,99.5,1.421,127.47,1.441,48.9,4.3,
2023-04-07 17:30:00,OIL-SYN-006,2773.8,2676.7,Lakwa,ROTARY_DRILLING,16.39,27.5,64.2,18.92,16563.8,282.2,3287.3,99.6,1.415,129.49,1.435,43.3,3.86,
2023-04-07 18:00:00,OIL-SYN-006,2788.7,2691.1,Lakwa,ROTARY_DRILLING,14.78,21.51,74.1,18.74,17714.2,296.7,3413.6,98.9,1.442,126.99,1.483,46.4,4.33,
2023-04-07 18:30:00,OIL-SYN-006,2803.6,2705.5,Lakwa,ROTARY_DRILLING,11.6,24.88,63.7,19.0,17507.0,293.1,3339.6,99.6,1.452,126.09,1.482,42.7,3.33,
2023-04-07 19:00:00,OIL-SYN-006,2818.5,2719.8,Lakwa,ROTARY_DRILLING,11.58,29.79,86.9,19.77,16533.8,268.2,3507.6,98.3,1.434,126.84,1.451,43.3,4.4,
2023-04-07 19:30:00,OIL-SYN-006,2833.4,2734.2,Lakwa,ROTARY_DRILLING,13.79,25.46,70.5,20.62,16497.6,280.4,3261.1,98.3,1.418,127.44,1.446,39.5,4.39,
2023-04-07 20:00:00,OIL-SYN-006,2848.3,2748.6,Lakwa,ROTARY_DRILLING,16.0,26.74,70.6,19.85,16290.9,294.9,3343.6,99.9,1.406,127.47,1.426,38.5,3.6,
2023-04-07 20:30:00,OIL-SYN-006,2863.2,2763.0,Lakwa,ROTARY_DRILLING,13.95,25.78,77.0,21.06,16890.0,289.2,3213.0,100,1.445,129.45,1.471,44.6,3.87,
2023-04-07 21:00:00,OIL-SYN-006,2878.1,2777.4,Lakwa,ROTARY_DRILLING,13.58,27.28,60.8,19.47,17172.4,284.4,3352.1,74.7,1.446,124.08,1.482,54.7,4.85,MUD_LOSS
2023-04-07 21:30:00,OIL-SYN-006,2893.0,2791.8,Lakwa,ROTARY_DRILLING,13.54,23.21,50,19.13,17156.4,291.1,3204.2,82.1,1.433,119.24,1.478,34.9,4.53,MUD_LOSS
2023-04-07 22:00:00,OIL-SYN-006,2907.9,2806.1,Lakwa,ROTARY_DRILLING,17.01,28.28,74.7,21.2,17166.4,292.8,3129.8,89.1,1.447,121.42,1.474,46.0,4.6,MUD_LOSS
2023-04-07 22:30:00,OIL-SYN-006,2922.8,2820.5,Lakwa,ROTARY_DRILLING,13.63,24.9,69.2,20.08,17166.1,286.3,3343.9,77.0,1.457,118.11,1.495,48.2,3.47,MUD_LOSS
2023-04-07 23:00:00,OIL-SYN-006,2937.7,2834.9,Lakwa,ROTARY_DRILLING,12.08,28.46,64.5,21.08,17619.8,295.3,3237.8,79.3,1.428,119.93,1.446,49.4,4.75,MUD_LOSS
2023-04-07 23:30:00,OIL-SYN-006,2952.6,2849.3,Lakwa,ROTARY_DRILLING,15.07,25.16,61.0,17.96,17339.0,295.4,3362.8,77.7,1.437,121.97,1.474,39.0,4.36,MUD_LOSS
2023-04-08 00:00:00,OIL-SYN-006,2967.5,2863.7,Lakwa,ROTARY_DRILLING,17.81,27.86,69.7,20.49,17069.4,288.2,3296.6,76.8,1.467,123.31,1.505,54.8,4.25,MUD_LOSS
2023-04-08 00:30:00,OIL-SYN-006,2982.5,2878.1,Lakwa,ROTARY_DRILLING,11.33,22.6,61.5,22.2,17567.9,285.4,3334.1,83.7,1.451,121.25,1.487,46.2,3.74,MUD_LOSS
2023-04-08 01:00:00,OIL-SYN-006,2997.4,2892.5,Lakwa,ROTARY_DRILLING,12.32,26.56,63.8,18.65,17028.8,287.3,3370.4,77.4,1.457,121.38,1.476,38.6,4.25,MUD_LOSS
2023-04-08 01:30:00,OIL-SYN-006,3012.3,2906.8,Lakwa,ROTARY_DRILLING,14.46,25.68,60.2,21.63,17451.8,292.6,3343.5,79.8,1.495,120.86,1.511,42.6,4.3,MUD_LOSS
2023-04-08 02:00:00,OIL-SYN-006,3027.2,2921.2,Lakwa,ROTARY_DRILLING,11.57,25.2,59.8,21.94,17480.1,286.0,3273.2,99.9,1.448,128.37,1.488,45.0,2.66,
2023-04-08 02:30:00,OIL-SYN-006,3042.1,2935.6,Lakwa,ROTARY_DRILLING,16.99,27.47,56.3,17.81,17710.5,294.8,3362.9,99.3,1.461,127.74,1.504,39.0,4.39,
2023-04-08 03:00:00,OIL-SYN-006,3057.0,2950.0,Lakwa,ROTARY_DRILLING,13.75,28.0,58.8,19.83,17524.6,294.1,3349.4,98.9,1.453,129.19,1.479,37.6,4.81,
2023-04-08 03:30:00,OIL-SYN-006,3071.9,2964.4,Lakwa,ROTARY_DRILLING,10.5,24.63,71.9,22.26,17011.6,289.7,3355.8,98.7,1.462,127.79,1.491,48.1,3.26,
2023-04-08 04:00:00,OIL-SYN-006,3086.8,2978.8,Lakwa,ROTARY_DRILLING,14.47,28.82,58.7,21.52,16804.4,311.8,3323.8,99.2,1.461,128.11,1.495,51.5,3.07,
2023-04-08 04:30:00,OIL-SYN-006,3101.7,2993.1,Lakwa,ROTARY_DRILLING,16.12,31.11,70.7,22.28,16629.5,305.1,3434.1,99.4,1.487,128.38,1.505,44.3,4.51,
2023-04-08 05:00:00,OIL-SYN-006,3116.6,3007.5,Lakwa,ROTARY_DRILLING,12.44,24.0,69.2,20.97,16789.0,310.6,3306.6,98.9,1.476,127.78,1.497,51.0,5.5,
2023-04-08 05:30:00,OIL-SYN-006,3131.5,3021.9,Lakwa,ROTARY_DRILLING,13.69,25.68,61.8,23.11,17733.0,298.0,3398.3,97.4,1.465,129.56,1.505,44.4,4.0,
2023-04-08 06:00:00,OIL-SYN-006,3146.4,3036.3,Lakwa,ROTARY_DRILLING,13.54,24.08,64.1,21.61,17573.8,315.2,3417.0,99.2,1.487,127.21,1.519,46.4,3.93,
2023-04-08 06:30:00,OIL-SYN-006,3161.3,3050.7,Lakwa,ROTARY_DRILLING,17.42,27.17,57.6,20.51,17335.0,303.5,3437.9,98.5,1.451,128.96,1.477,44.9,4.18,
2023-04-08 07:00:00,OIL-SYN-006,3176.2,3065.1,Lakwa,ROTARY_DRILLING,13.07,25.64,81.9,19.9,17341.2,297.8,3371.2,99.7,1.453,127.96,1.48,49.2,3.12,
2023-04-08 07:30:00,OIL-SYN-006,3191.1,3079.4,Lakwa,ROTARY_DRILLING,12.0,23.03,76.0,23.93,17359.3,304.0,3390.3,98.8,1.471,127.46,1.491,49.0,4.87,
2023-04-08 08:00:00,OIL-SYN-006,3206.0,3093.8,Nahorkatiya Sand,ROTARY_DRILLING,17.23,28.2,60.7,23.41,17790.2,299.8,3356.3,98.7,1.495,127.7,1.533,44.7,1.34,
2023-04-08 08:30:00,OIL-SYN-006,3220.9,3108.2,Nahorkatiya Sand,ROTARY_DRILLING,11.81,26.08,56.6,22.04,17703.4,296.8,3309.9,99.0,1.489,129.19,1.53,48.0,0.59,
2023-04-08 09:00:00,OIL-SYN-006,3235.8,3122.6,Nahorkatiya Sand,ROTARY_DRILLING,14.7,34.09,65.8,22.0,17384.0,306.4,3531.9,99.0,1.474,129.32,1.517,40.4,1.02,
2023-04-08 09:30:00,OIL-SYN-006,3250.8,3137.0,Nahorkatiya Sand,ROTARY_DRILLING,14.46,29.12,63.4,20.93,17463.3,304.5,3432.9,99.2,1.498,127.86,1.542,43.2,1.3,
2023-04-08 10:00:00,OIL-SYN-006,3265.7,3151.4,Nahorkatiya Sand,ROTARY_DRILLING,13.84,30.77,67.5,22.25,17531.0,315.1,3431.1,99.6,1.479,129.11,1.498,50.0,1.71,
2023-04-08 10:30:00,OIL-SYN-006,3280.6,3165.7,Nahorkatiya Sand,ROTARY_DRILLING,15.49,29.45,65.1,21.61,18175.2,308.2,3394.3,100,1.493,128.44,1.536,42.5,2.73,
2023-04-08 11:00:00,OIL-SYN-006,3295.5,3180.1,Nahorkatiya Sand,ROTARY_DRILLING,9.18,26.11,52.2,23.34,17967.4,296.5,3381.3,98.2,1.476,127.69,1.514,49.9,1.83,
2023-04-08 11:30:00,OIL-SYN-006,3310.4,3194.5,Nahorkatiya Sand,ROTARY_DRILLING,12.4,22.06,63.8,24.31,17370.1,310.7,3533.2,98.8,1.476,129.27,1.501,48.6,2.88,
2023-04-08 12:00:00,OIL-SYN-006,3325.3,3208.9,Nahorkatiya Sand,ROTARY_DRILLING,12.36,27.17,69.0,21.59,18721.9,284.0,3575.2,99.5,1.484,127.87,1.517,45.1,1.57,
2023-04-08 12:30:00,OIL-SYN-006,3340.2,3223.3,Nahorkatiya Sand,ROTARY_DRILLING,9.26,26.29,50,20.11,17475.7,300.4,3413.1,98.0,1.491,128.63,1.532,39.7,0,
2023-04-08 13:00:00,OIL-SYN-006,3355.1,3237.7,Nahorkatiya Sand,ROTARY_DRILLING,15.23,26.67,70.4,21.37,17362.8,302.3,3347.0,100,1.483,127.93,1.499,46.5,2.05,
2023-04-08 13:30:00,OIL-SYN-006,3370,3252.0,Nahorkatiya Sand,ROTARY_DRILLING,2.8,23.18,61.0,50.9,18013.6,327.4,3450.5,99.1,1.492,128.1,1.51,54.8,2.99,STUCK_PIPE
2023-04-22 06:00:00,OIL-SYN-007,1000.0,965.0,Barail,ROTARY_DRILLING,16.55,21.62,87.1,14.97,13808.6,216.7,2903.1,97.7,1.23,129.67,1.274,50.7,1.19,
2023-04-22 06:30:00,OIL-SYN-007,1019.9,984.2,Barail,ROTARY_DRILLING,17.07,23.79,81.1,13.76,13883.4,210.7,2808.1,98.4,1.257,128.05,1.281,49.1,1.47,
2023-04-22 07:00:00,OIL-SYN-007,1039.9,1003.5,Barail,ROTARY_DRILLING,16.81,22.78,101.8,13.89,14626.0,224.7,2793.8,98.7,1.247,129.52,1.289,48.0,1.49,
2023-04-22 07:30:00,OIL-SYN-007,1059.8,1022.7,Barail,ROTARY_DRILLING,18.65,23.35,83.1,12.06,14781.5,229.0,2975.9,99.2,1.222,126.92,1.246,40.0,2.55,
2023-04-22 08:00:00,OIL-SYN-007,1079.7,1042.0,Barail,ROTARY_DRILLING,14.1,19.18,95.7,11.05,14384.7,217.3,2845.0,100,1.219,126.6,1.255,44.6,1.1,
2023-04-22 08:30:00,OIL-SYN-007,1099.7,1061.2,Barail,ROTARY_DRILLING,15.11,21.35,87.5,13.75,14418.5,217.8,2853.2,99.4,1.232,128.16,1.271,44.3,0.97,
2023-04-22 09:00:00,OIL-SYN-007,1119.6,1080.4,Barail,ROTARY_DRILLING,17.16,18.74,92.1,12.79,14320.6,236.2,2940.8,99.7,1.247,127.34,1.282,41.2,1.58,
2023-04-22 09:30:00,OIL-SYN-007,1139.6,1099.7,Barail,ROTARY_DRILLING,13.91,24.29,86.9,13.94,14634.1,227.5,2869.0,98.4,1.251,129.19,1.295,36.4,2.39,
2023-04-22 10:00:00,OIL-SYN-007,1159.5,1118.9,Barail,ROTARY_DRILLING,18.0,21.13,97.3,14.31,14426.3,232.7,2949.4,100,1.263,129.67,1.302,35.1,2.25,
2023-04-22 10:30:00,OIL-SYN-007,1179.4,1138.2,Barail,ROTARY_DRILLING,15.21,21.2,94.3,12.16,14415.1,231.3,2982.7,97.6,1.272,129.31,1.296,39.8,1.45,
2023-04-22 11:00:00,OIL-SYN-007,1199.4,1157.4,Barail,ROTARY_DRILLING,16.51,23.18,98.6,14.16,14582.6,215.5,2915.3,98.9,1.251,128.59,1.272,46.3,0.86,
2023-04-22 11:30:00,OIL-SYN-007,1219.3,1176.6,Barail,ROTARY_DRILLING,20.25,25.27,92.8,12.01,14300.1,232.5,3039.0,99.6,1.27,128.34,1.285,48.6,1.34,
2023-04-22 12:00:00,OIL-SYN-007,1239.2,1195.9,Barail,ROTARY_DRILLING,14.23,16.61,73.6,12.79,14651.2,233.5,2815.8,99.6,1.242,128.41,1.262,51.9,1.42,
2023-04-22 12:30:00,OIL-SYN-007,1259.2,1215.1,Barail,ROTARY_DRILLING,17.65,23.21,83.7,12.5,14739.1,249.9,2981.7,98.5,1.278,128.37,1.301,50.4,2.02,
2023-04-22 13:00:00,OIL-SYN-007,1279.1,1234.4,Barail,ROTARY_DRILLING,20.11,22.32,94.7,13.55,14736.0,241.7,2802.3,99.0,1.263,127.2,1.279,51.9,1.96,
2023-04-22 13:30:00,OIL-SYN-007,1299.1,1253.6,Barail,ROTARY_DRILLING,17.19,24.3,89.9,13.18,14715.2,233.1,2938.8,97.7,1.269,128.52,1.291,36.4,1.69,
2023-04-22 14:00:00,OIL-SYN-007,1319.0,1272.8,Barail,ROTARY_DRILLING,16.17,24.91,79.4,15.24,14788.9,240.3,2856.4,99.3,1.267,129.02,1.311,44.3,2.72,
2023-04-22 14:30:00,OIL-SYN-007,1338.9,1292.1,Barail,ROTARY_DRILLING,14.13,20.14,97.6,13.15,14224.3,241.6,2970.4,98.6,1.242,127.67,1.282,44.0,2.11,
2023-04-22 15:00:00,OIL-SYN-007,1358.9,1311.3,Barail,ROTARY_DRILLING,15.7,17.25,88.8,15.33,15053.1,245.4,3019.2,99.4,1.28,127.35,1.308,38.4,1.39,
2023-04-22 15:30:00,OIL-SYN-007,1378.8,1330.5,Barail,ROTARY_DRILLING,15.9,17.14,92.8,15.78,14390.6,238.4,2995.3,98.6,1.277,127.22,1.319,42.9,2.12,
2023-04-22 16:00:00,OIL-SYN-007,1398.7,1349.8,Barail,ROTARY_DRILLING,19.86,20.31,92.7,15.42,14357.9,247.8,2918.2,97.3,1.287,128.62,1.305,40.6,1.89,
2023-04-22 16:30:00,OIL-SYN-007,1418.7,1369.0,Tipam,ROTARY_DRILLING,19.9,18.81,100.1,16.25,15376.8,231.9,2915.4,98.6,1.286,129.55,1.305,49.7,1.38,
2023-04-22 17:00:00,OIL-SYN-007,1438.6,1388.3,Tipam,ROTARY_DRILLING,17.36,25.51,79.0,15.34,14609.0,241.9,2966.3,98.4,1.265,128.51,1.305,48.8,1.73,
2023-04-22 17:30:00,OIL-SYN-007,1458.6,1407.5,Tipam,ROTARY_DRILLING,15.95,20.64,94.3,13.38,14189.4,237.7,2942.5,99.4,1.288,128.91,1.323,53.7,1.69,
2023-04-22 18:00:00,OIL-SYN-007,1478.5,1426.7,Tipam,ROTARY_DRILLING,18.74,21.4,79.8,15.13,14968.4,243.5,2929.3,98.6,1.282,129.62,1.326,37.9,1.58,
2023-04-22 18:30:00,OIL-SYN-007,1498.4,1446.0,Tipam,ROTARY_DRILLING,16.23,18.19,89.5,11.67,15049.2,231.6,2998.9,99.5,1.279,129.2,1.317,42.5,1.48,
2023-04-22 19:00:00,OIL-SYN-007,1518.4,1465.2,Tipam,ROTARY_DRILLING,14.52,21.94,95.4,14.02,15319.8,259.1,3049.3,100,1.315,127.05,1.348,35.4,1.33,
2023-04-22 19:30:00,OIL-SYN-007,1538.3,1484.5,Tipam,ROTARY_DRILLING,15.97,20.38,73.1,15.26,14830.7,241.0,2967.1,99.2,1.265,126.16,1.294,46.8,1.76,
2023-04-22 20:00:00,OIL-SYN-007,1558.2,1503.7,Tipam,ROTARY_DRILLING,11.97,24.83,70.0,13.95,14676.9,259.6,2978.5,98.7,1.305,128.91,1.336,40.6,3.24,
2023-04-22 20:30:00,OIL-SYN-007,1578.2,1522.9,Tipam,ROTARY_DRILLING,15.2,25.74,77.4,14.61,15591.5,245.5,2962.9,99.0,1.311,126.65,1.348,44.6,1.24,
2023-04-22 21:00:00,OIL-SYN-007,1598.1,1542.2,Tipam,ROTARY_DRILLING,18.31,27.59,100.3,16.57,15977.0,255.2,3015.5,86.9,1.289,124.2,1.308,36.6,2.06,MUD_LOSS
2023-04-22 21:30:00,OIL-SYN-007,1618.1,1561.4,Tipam,ROTARY_DRILLING,9.07,18.25,82.0,14.99,15251.1,248.8,2939.8,83.0,1.299,121.83,1.334,49.3,2.42,MUD_LOSS
2023-04-22 22:00:00,OIL-SYN-007,1638.0,1580.7,Tipam,ROTARY_DRILLING,14.78,18.81,75.1,14.49,15452.1,247.3,2913.0,89.0,1.318,125.75,1.342,49.7,1.32,MUD_LOSS
2023-04-22 22:30:00,OIL-SYN-007,1657.9,1599.9,Tipam,ROTARY_DRILLING,15.22,19.87,76.9,15.47,15668.8,231.7,3182.1,75.0,1.299,122.13,1.317,41.6,0.65,MUD_LOSS
2023-04-22 23:00:00,OIL-SYN-007,1677.9,1619.1,Tipam,ROTARY_DRILLING,16.17,24.59,85.3,17.03,15358.0,254.1,3032.4,76.2,1.292,122.58,1.316,44.8,1.8,MUD_LOSS
2023-04-22 23:30:00,OIL-SYN-007,1697.8,1638.4,Tipam,ROTARY_DRILLING,18.34,24.98,86.3,17.29,15081.5,251.2,3027.9,88.4,1.33,123.67,1.356,45.9,2.48,MUD_LOSS
2023-04-23 00:00:00,OIL-SYN-007,1717.7,1657.6,Tipam,ROTARY_DRILLING,13.26,22.34,96.9,15.99,15649.1,250.3,3070.8,85.3,1.312,122.44,1.329,39.0,1.79,MUD_LOSS
2023-04-23 00:30:00,OIL-SYN-007,1737.7,1676.9,Tipam,ROTARY_DRILLING,22.67,20.9,85.5,17.11,15119.1,259.4,2984.1,99.6,1.341,127.05,1.358,40.2,2.09,
2023-04-23 01:00:00,OIL-SYN-007,1757.6,1696.1,Tipam,ROTARY_DRILLING,20.09,24.91,96.1,18.48,15737.6,259.4,2999.9,99.7,1.317,128.51,1.345,50.2,1.34,
2023-04-23 01:30:00,OIL-SYN-007,1777.5,1715.3,Tipam,ROTARY_DRILLING,10.74,23.39,90.4,14.83,14542.5,257.8,3107.7,97.9,1.317,128.25,1.342,40.5,0,
2023-04-23 02:00:00,OIL-SYN-007,1797.5,1734.6,Tipam,ROTARY_DRILLING,13.56,21.5,63.9,15.93,15664.3,266.6,2995.6,99.9,1.31,128.09,1.353,40.8,2.48,
2023-04-23 02:30:00,OIL-SYN-007,1817.4,1753.8,Tipam,ROTARY_DRILLING,14.72,23.01,82.2,17.3,15536.8,265.5,3146.3,99.9,1.332,127.3,1.37,46.9,1.67,
2023-04-23 03:00:00,OIL-SYN-007,1837.4,1773.1,Tipam,ROTARY_DRILLING,16.53,23.18,82.4,17.06,15507.9,254.1,3084.8,99.3,1.329,127.66,1.355,37.5,2.19,
2023-04-23 03:30:00,OIL-SYN-007,1857.3,1792.3,Tipam,ROTARY_DRILLING,17.16,26.66,87.8,14.96,15656.7,249.2,3013.6,98.4,1.33,128.08,1.359,47.9,2.17,
2023-04-23 04:00:00,OIL-SYN-007,1877.2,1811.5,Tipam,ROTARY_DRILLING,15.33,19.83,86.7,17.1,14666.0,259.2,2998.0,99.8,1.331,128.29,1.353,55.2,2.09,
2023-04-23 04:30:00,OIL-SYN-007,1897.2,1830.8,Tipam,ROTARY_DRILLING,17.84,26.33,80.4,16.22,15177.8,250.5,3094.2,100,1.33,128.52,1.34,43.8,1.07,
2023-04-23 05:00:00,OIL-SYN-007,1917.1,1850.0,Tipam,ROTARY_DRILLING,13.46,25.01,78.6,16.71,15434.3,254.4,2972.8,100,1.339,128.1,1.372,42.1,1.38,
2023-04-23 05:30:00,OIL-SYN-007,1937.0,1869.2,Tipam,ROTARY_DRILLING,14.97,22.29,77.1,15.36,15363.7,262.7,3128.2,99.0,1.318,127.85,1.34,43.9,1.8,
2023-04-23 06:00:00,OIL-SYN-007,1957.0,1888.5,Tipam,ROTARY_DRILLING,15.14,21.78,89.0,16.98,15811.0,261.1,3079.6,98.9,1.338,127.68,1.352,42.2,0.56,
2023-04-23 06:30:00,OIL-SYN-007,1976.9,1907.7,Tipam,ROTARY_DRILLING,3.64,23.79,95.9,33.72,15598.2,287.4,3066.9,99.4,1.32,127.54,1.347,48.9,2.04,STUCK_PIPE
2023-04-23 07:00:00,OIL-SYN-007,1996.9,1927.0,Tipam,ROTARY_DRILLING,3.07,27.07,80.4,38.92,15601.2,269.7,3178.5,97.7,1.357,127.2,1.374,47.4,3.71,STUCK_PIPE
2023-04-23 07:30:00,OIL-SYN-007,2016.8,1946.2,Tipam,ROTARY_DRILLING,4.06,24.01,91.4,31.54,15738.2,287.0,3045.5,99.5,1.359,129.14,1.384,51.7,2.36,STUCK_PIPE
2023-04-23 08:00:00,OIL-SYN-007,2036.7,1965.4,Tipam,ROTARY_DRILLING,3.41,24.9,76.7,40.24,15699.4,283.8,3142.0,99.4,1.355,127.54,1.396,40.7,2.09,STUCK_PIPE
2023-04-23 08:30:00,OIL-SYN-007,2056.7,1984.7,Girujan,ROTARY_DRILLING,3.45,22.53,72.6,32.29,15040.7,287.9,3149.9,97.6,1.357,127.26,1.377,67.2,2.17,STUCK_PIPE
2023-04-23 09:00:00,OIL-SYN-007,2076.6,2003.9,Girujan,ROTARY_DRILLING,3.52,20.66,87.8,30.51,15751.5,303.5,3194.3,98.0,1.346,129.19,1.378,75.3,1.3,STUCK_PIPE
2023-04-23 09:30:00,OIL-SYN-007,2096.5,2023.2,Girujan,ROTARY_DRILLING,3.77,24.68,76.2,32.97,15450.2,291.9,3210.9,98.8,1.329,128.86,1.357,73.0,0.99,STUCK_PIPE
2023-04-23 10:00:00,OIL-SYN-007,2116.5,2042.4,Girujan,ROTARY_DRILLING,14.91,23.36,81.7,17.46,16330.2,261.3,3186.5,99.5,1.364,127.77,1.401,67.5,2.31,
2023-04-23 10:30:00,OIL-SYN-007,2136.4,2061.6,Girujan,ROTARY_DRILLING,17.56,31.08,82.2,17.3,15698.3,252.4,3121.1,99.5,1.374,127.38,1.406,71.8,1.0,
2023-04-23 11:00:00,OIL-SYN-007,2156.4,2080.9,Girujan,ROTARY_DRILLING,13.75,19.27,75.9,19.29,16208.5,264.9,3127.8,99.6,1.348,128.3,1.363,78.9,1.87,
2023-04-23 11:30:00,OIL-SYN-007,2176.3,2100.1,Girujan,ROTARY_DRILLING,10.87,23.72,75.3,16.82,16591.0,264.5,3273.3,98.4,1.354,125.89,1.389,73.3,0.95,
2023-04-23 12:00:00,OIL-SYN-007,2196.2,2119.4,Girujan,ROTARY_DRILLING,15.47,28.76,99.0,17.92,16801.7,273.0,3137.9,98.9,1.36,128.61,1.395,66.3,1.84,
2023-04-23 12:30:00,OIL-SYN-007,2216.2,2138.6,Girujan,ROTARY_DRILLING,11.43,27.07,74.5,19.94,16541.4,281.0,3149.1,100.0,1.37,127.58,1.385,69.7,1.16,
2023-04-23 13:00:00,OIL-SYN-007,2236.1,2157.8,Girujan,ROTARY_DRILLING,14.22,27.04,75.8,16.94,15870.0,268.0,3121.5,99.3,1.366,127.46,1.384,72.7,2.32,
2023-04-23 13:30:00,OIL-SYN-007,2256.0,2177.1,Girujan,ROTARY_DRILLING,18.07,24.87,80.9,14.48,16605.3,258.0,3119.9,99.6,1.372,128.02,1.386,81.9,0,
2023-04-23 14:00:00,OIL-SYN-007,2276.0,2196.3,Girujan,ROTARY_DRILLING,10.79,28.5,79.4,18.91,15925.7,260.4,3214.7,99.8,1.399,126.52,1.439,66.2,0.67,
2023-04-23 14:30:00,OIL-SYN-007,2295.9,2215.6,Girujan,ROTARY_DRILLING,10.82,26.0,82.0,18.19,16489.8,271.4,3073.0,97.9,1.378,127.34,1.4,77.4,1.83,
2023-04-23 15:00:00,OIL-SYN-007,2315.8,2234.8,Girujan,ROTARY_DRILLING,13.64,26.04,79.8,19.88,16405.7,275.7,3181.9,99.4,1.412,126.3,1.441,78.1,1.23,
2023-04-23 15:30:00,OIL-SYN-007,2335.8,2254.0,Girujan,ROTARY_DRILLING,16.93,26.37,73.3,16.95,15801.2,267.3,3182.4,97.6,1.382,128.27,1.426,73.2,0.4,
2023-04-23 16:00:00,OIL-SYN-007,2355.7,2273.3,Girujan,ROTARY_DRILLING,14.94,24.45,57.3,17.82,15791.6,262.6,3251.8,98.9,1.4,126.89,1.415,72.1,1.96,
2023-04-23 16:30:00,OIL-SYN-007,2375.7,2292.5,Girujan,ROTARY_DRILLING,18.72,26.73,78.4,19.03,16673.8,266.4,3138.6,99.6,1.364,129.14,1.406,68.7,1.22,
2023-04-23 17:00:00,OIL-SYN-007,2395.6,2311.8,Girujan,ROTARY_DRILLING,15.05,24.83,78.3,19.2,15770.5,276.9,3160.1,98.4,1.371,127.64,1.383,72.0,2.11,
2023-04-23 17:30:00,OIL-SYN-007,2415.5,2331.0,Girujan,ROTARY_DRILLING,17.89,23.0,70.7,17.84,16367.3,275.3,3059.5,99.3,1.407,130.21,1.429,71.5,1.65,
2023-04-23 18:00:00,OIL-SYN-007,2435.5,2350.2,Girujan,ROTARY_DRILLING,11.17,23.13,78.3,18.56,16778.4,265.9,3204.2,98.4,1.385,127.72,1.42,86.8,2.15,
2023-04-23 18:30:00,OIL-SYN-007,2455.4,2369.5,Girujan,ROTARY_DRILLING,11.97,22.13,78.6,18.83,17196.0,269.9,3242.9,97.7,1.372,128.45,1.382,66.4,2.1,
2023-04-23 19:00:00,OIL-SYN-007,2475.3,2388.7,Girujan,ROTARY_DRILLING,14.73,26.0,84.0,18.43,16506.9,283.4,3328.8,99.7,1.416,127.4,1.449,73.8,2.79,
2023-04-23 19:30:00,OIL-SYN-007,2495.3,2407.9,Girujan,ROTARY_DRILLING,9.67,24.71,72.8,19.97,17221.5,269.6,3299.4,99.9,1.375,127.36,1.412,55.1,0.8,
2023-04-23 20:00:00,OIL-SYN-007,2515.2,2427.2,Girujan,ROTARY_DRILLING,15.92,23.69,84.5,18.64,16379.7,277.5,3167.8,99.5,1.408,126.55,1.439,83.0,2.58,
2023-04-23 20:30:00,OIL-SYN-007,2535.2,2446.4,Girujan,ROTARY_DRILLING,16.84,22.38,65.3,17.85,16340.5,271.0,3232.7,96.8,1.395,127.7,1.434,68.9,1.72,
2023-04-23 21:00:00,OIL-SYN-007,2555.1,2465.7,Lakwa,ROTARY_DRILLING,12.43,27.75,64.7,18.56,16806.4,275.3,3187.9,100,1.408,128.31,1.424,44.9,4.92,
2023-04-23 21:30:00,OIL-SYN-007,2575.0,2484.9,Lakwa,ROTARY_DRILLING,12.04,27.32,83.3,16.92,16697.3,285.8,3158.0,97.6,1.429,129.53,1.468,42.0,3.13,
2023-04-23 22:00:00,OIL-SYN-007,2595.0,2504.1,Lakwa,ROTARY_DRILLING,12.7,25.41,75.0,19.86,15937.6,281.3,3085.9,98.6,1.425,126.84,1.447,40.4,4.27,
2023-04-23 22:30:00,OIL-SYN-007,2614.9,2523.4,Lakwa,ROTARY_DRILLING,17.38,25.79,68.2,18.46,16465.2,282.0,3209.7,98.8,1.414,128.39,1.425,35.3,3.45,
2023-04-23 23:00:00,OIL-SYN-007,2634.8,2542.6,Lakwa,ROTARY_DRILLING,13.48,28.26,53.1,18.91,17308.1,285.0,3331.5,98.7,1.395,129.29,1.415,51.5,5.38,
2023-04-23 23:30:00,OIL-SYN-007,2654.8,2561.9,Lakwa,ROTARY_DRILLING,12.39,23.76,78.5,19.39,17324.0,274.4,3233.3,99.7,1.404,128.84,1.441,30.5,3.58,
2023-04-24 00:00:00,OIL-SYN-007,2674.7,2581.1,Lakwa,ROTARY_DRILLING,9.99,30.75,78.6,20.51,16402.7,286.1,3292.1,100.0,1.427,127.84,1.469,50.5,4.14,
2023-04-24 00:30:00,OIL-SYN-007,2694.7,2600.3,Lakwa,ROTARY_DRILLING,16.58,24.03,71.6,19.08,16458.2,277.4,3252.2,99.4,1.42,128.01,1.451,46.2,4.41,
2023-04-24 01:00:00,OIL-SYN-007,2714.6,2619.6,Lakwa,ROTARY_DRILLING,20.91,25.34,76.5,19.71,17396.8,276.6,3185.8,99.1,1.434,128.29,1.478,49.4,4.27,
2023-04-24 01:30:00,OIL-SYN-007,2734.5,2638.8,Lakwa,ROTARY_DRILLING,10.94,25.65,72.7,19.06,16999.9,295.3,3361.7,100,1.422,128.07,1.437,45.6,4.96,
2023-04-24 02:00:00,OIL-SYN-007,2754.5,2658.1,Lakwa,ROTARY_DRILLING,14.23,27.85,74.3,18.37,17248.6,283.5,3125.3,99.5,1.422,128.02,1.449,46.6,5.52,
2023-04-24 02:30:00,OIL-SYN-007,2774.4,2677.3,Lakwa,ROTARY_DRILLING,12.47,25.0,73.1,19.47,17365.7,288.3,3278.8,98.2,1.426,126.72,1.459,34.5,3.77,
2023-04-24 03:00:00,OIL-SYN-007,2794.3,2696.5,Lakwa,ROTARY_DRILLING,12.49,24.49,76.0,20.4,17594.8,279.8,3411.7,99.9,1.403,127.49,1.431,52.3,4.98,
2023-04-24 03:30:00,OIL-SYN-007,2814.3,2715.8,Lakwa,ROTARY_DRILLING,10.0,27.83,71.6,19.51,16915.8,308.5,3258.0,99.7,1.436,128.33,1.47,42.7,4.45,
2023-04-24 04:00:00,OIL-SYN-007,2834.2,2735.0,Lakwa,ROTARY_DRILLING,13.77,30.69,74.6,18.49,16918.5,292.0,3241.8,98.8,1.396,126.28,1.425,48.4,3.88,
2023-04-24 04:30:00,OIL-SYN-007,2854.2,2754.3,Lakwa,ROTARY_DRILLING,12.78,23.96,52.6,20.65,16912.9,290.8,3167.4,98.6,1.449,128.77,1.475,41.2,3.62,
2023-04-24 05:00:00,OIL-SYN-007,2874.1,2773.5,Lakwa,ROTARY_DRILLING,13.15,27.56,82.5,20.63,16475.1,295.1,3382.8,98.7,1.427,127.21,1.458,43.2,4.38,
2023-04-24 05:30:00,OIL-SYN-007,2894.0,2792.7,Lakwa,ROTARY_DRILLING,14.24,28.41,68.7,21.42,17103.9,297.9,3339.7,99.0,1.416,129.18,1.429,43.1,3.3,
2023-04-24 06:00:00,OIL-SYN-007,2914.0,2812.0,Lakwa,ROTARY_DRILLING,13.94,26.4,62.9,20.75,17474.4,293.6,3292.9,100,1.444,127.38,1.464,36.8,4.33,
2023-04-24 06:30:00,OIL-SYN-007,2933.9,2831.2,Lakwa,ROTARY_DRILLING,12.69,26.98,65.5,19.98,17542.1,298.7,3203.9,99.7,1.477,129.1,1.489,48.0,6.09,
2023-04-24 07:00:00,OIL-SYN-007,2953.8,2850.5,Lakwa,ROTARY_DRILLING,13.32,26.25,64.5,20.42,17077.2,281.4,3335.5,98.5,1.435,128.38,1.466,46.0,4.9,
2023-04-24 07:30:00,OIL-SYN-007,2973.8,2869.7,Lakwa,ROTARY_DRILLING,12.35,23.57,64.5,21.26,17204.4,299.3,3199.2,100,1.456,129.26,1.5,42.3,3.98,
2023-04-24 08:00:00,OIL-SYN-007,2993.7,2888.9,Lakwa,ROTARY_DRILLING,11.13,25.69,65.4,20.58,17309.7,289.7,3291.5,98.8,1.447,127.95,1.487,47.7,5.62,
2023-04-24 08:30:00,OIL-SYN-007,3013.6,2908.2,Lakwa,ROTARY_DRILLING,18.72,25.69,63.9,20.15,17262.6,301.0,3356.5,99.1,1.454,129.24,1.471,43.7,2.7,
2023-04-24 09:00:00,OIL-SYN-007,3033.6,2927.4,Lakwa,ROTARY_DRILLING,11.56,23.51,73.7,20.71,17672.4,293.8,3368.0,98.3,1.444,127.85,1.466,47.3,3.33,
2023-04-24 09:30:00,OIL-SYN-007,3053.5,2946.6,Lakwa,ROTARY_DRILLING,13.62,26.27,74.9,20.63,18138.6,287.9,3399.9,98.4,1.453,129.2,1.478,41.5,4.55,
2023-04-24 10:00:00,OIL-SYN-007,3073.5,2965.9,Lakwa,ROTARY_DRILLING,12.21,28.73,69.6,19.12,16758.1,304.2,3354.4,100,1.466,128.6,1.494,37.5,4.71,
2023-04-24 10:30:00,OIL-SYN-007,3093.4,2985.1,Lakwa,ROTARY_DRILLING,14.95,29.12,57.3,21.98,17609.2,300.4,3435.2,98.6,1.459,127.23,1.492,52.6,4.99,
2023-04-24 11:00:00,OIL-SYN-007,3113.3,3004.4,Lakwa,ROTARY_DRILLING,11.26,24.99,80.0,20.6,17378.2,293.5,3322.8,97.9,1.459,125.94,1.471,39.8,3.46,
2023-04-24 11:30:00,OIL-SYN-007,3133.3,3023.6,Lakwa,ROTARY_DRILLING,13.94,27.66,54.6,22.42,17830.4,301.9,3359.4,97.8,1.469,127.79,1.512,41.8,4.58,
2023-04-24 12:00:00,OIL-SYN-007,3153.2,3042.8,Lakwa,ROTARY_DRILLING,13.48,31.36,53.1,21.58,17977.8,298.1,3297.0,99.3,1.498,127.72,1.534,44.9,3.12,
2023-04-24 12:30:00,OIL-SYN-007,3173.1,3062.1,Lakwa,ROTARY_DRILLING,12.89,28.8,65.6,23.07,16832.5,302.3,3431.6,98.2,1.461,126.52,1.482,51.7,3.95,
2023-04-24 13:00:00,OIL-SYN-007,3193.1,3081.3,Lakwa,ROTARY_DRILLING,10.12,26.95,67.4,21.66,16829.3,288.3,3468.2,97.7,1.494,128.55,1.508,46.5,2.49,
2023-04-24 13:30:00,OIL-SYN-007,3213.0,3100.6,Nahorkatiya Sand,ROTARY_DRILLING,12.61,24.84,73.8,23.01,17294.0,312.1,3260.5,100.0,1.47,127.66,1.508,41.0,2.64,
2023-04-24 14:00:00,OIL-SYN-007,3233.0,3119.8,Nahorkatiya Sand,ROTARY_DRILLING,13.15,23.74,66.7,20.99,17241.8,299.5,3370.4,99.3,1.478,128.76,1.498,48.2,1.37,
2023-04-24 14:30:00,OIL-SYN-007,3252.9,3139.0,Nahorkatiya Sand,ROTARY_DRILLING,12.4,27.76,50,21.39,17820.3,299.3,3368.3,99.0,1.485,127.65,1.496,42.3,2.46,
2023-04-24 15:00:00,OIL-SYN-007,3272.8,3158.3,Nahorkatiya Sand,ROTARY_DRILLING,8.41,30.15,64.2,23.13,17947.6,310.8,3389.9,98.2,1.484,128.26,1.527,49.1,2.26,
2023-04-24 15:30:00,OIL-SYN-007,3292.8,3177.5,Nahorkatiya Sand,ROTARY_DRILLING,14.58,28.65,65.5,22.72,17799.0,294.3,3238.2,99.3,1.493,128.77,1.508,49.6,1.56,
2023-04-24 16:00:00,OIL-SYN-007,3312.7,3196.8,Nahorkatiya Sand,ROTARY_DRILLING,10.46,22.63,69.8,20.95,17676.2,306.6,3506.9,100,1.481,128.68,1.518,39.3,0.82,
2023-04-24 16:30:00,OIL-SYN-007,3332.6,3216.0,Nahorkatiya Sand,ROTARY_DRILLING,10.93,26.25,61.6,21.87,18113.9,310.3,3437.4,98.6,1.491,128.42,1.515,43.3,1.85,
2023-04-24 17:00:00,OIL-SYN-007,3352.6,3235.2,Nahorkatiya Sand,ROTARY_DRILLING,13.83,29.72,50.0,19.52,17736.2,311.8,3386.5,100,1.478,127.98,1.508,49.9,2.72,
2023-04-24 17:30:00,OIL-SYN-007,3372.5,3254.5,Nahorkatiya Sand,ROTARY_DRILLING,9.15,24.0,63.3,23.42,17821.6,309.3,3492.3,98.6,1.516,128.34,1.551,53.7,1.05,
2023-04-24 18:00:00,OIL-SYN-007,3392.5,3273.7,Nahorkatiya Sand,ROTARY_DRILLING,16.4,28.15,59.1,23.25,18352.6,288.7,3433.9,98.5,1.487,128.42,1.508,46.5,0.32,
2023-04-24 18:30:00,OIL-SYN-007,3412.4,3293.0,Nahorkatiya Sand,ROTARY_DRILLING,14.82,27.38,66.2,24.7,17882.0,301.6,3515.3,100,1.466,128.86,1.487,42.8,1.92,
2023-04-24 19:00:00,OIL-SYN-007,3432.3,3312.2,Nahorkatiya Sand,ROTARY_DRILLING,15.98,29.8,71.8,22.86,17857.3,297.0,3436.2,98.9,1.465,127.71,1.482,45.5,1.66,
2023-04-24 19:30:00,OIL-SYN-007,3452.3,3331.4,Nahorkatiya Sand,ROTARY_DRILLING,13.24,25.2,62.0,22.83,18006.7,308.5,3445.0,98.5,1.523,128.05,1.557,41.7,1.77,
2023-04-24 20:00:00,OIL-SYN-007,3472.2,3350.7,Nahorkatiya Sand,ROTARY_DRILLING,9.26,28.36,55.1,21.01,18330.3,326.1,3451.8,98.7,1.492,128.64,1.531,42.9,2.76,
2023-04-24 20:30:00,OIL-SYN-007,3492.1,3369.9,Nahorkatiya Sand,ROTARY_DRILLING,17.4,27.96,52.7,23.34,17560.1,316.4,3540.1,99.2,1.515,127.77,1.539,38.0,2.03,
2023-04-24 21:00:00,OIL-SYN-007,3512.1,3389.2,Nahorkatiya Sand,ROTARY_DRILLING,12.53,25.46,65.0,22.76,17243.8,315.4,3527.7,99.1,1.52,127.17,1.54,44.7,1.25,
2023-04-24 21:30:00,OIL-SYN-007,3532.0,3408.4,Nahorkatiya Sand,ROTARY_DRILLING,13.63,27.1,72.4,21.83,18048.8,305.0,3439.6,97.6,1.516,128.85,1.531,46.7,3.97,
2023-04-24 22:00:00,OIL-SYN-007,3551.9,3427.6,Nahorkatiya Sand,ROTARY_DRILLING,14.3,27.9,81.0,21.56,18143.7,318.9,3693.0,99.8,1.51,129.59,1.533,49.7,1.54,
2023-04-24 22:30:00,OIL-SYN-007,3571.9,3446.9,Nahorkatiya Sand,ROTARY_DRILLING,12.8,24.05,54.2,23.25,18254.5,304.4,3404.8,98.8,1.526,127.97,1.538,46.0,1.7,
2023-04-24 23:00:00,OIL-SYN-007,3591.8,3466.1,Nahorkatiya Sand,ROTARY_DRILLING,5.74,29.78,61.9,23.34,18807.5,302.7,3533.9,98.7,1.523,129.2,1.543,50.2,1.32,
2023-04-24 23:30:00,OIL-SYN-007,3611.8,3485.3,Nahorkatiya Sand,ROTARY_DRILLING,10.41,33.37,66.6,23.06,18561.1,306.4,3413.3,97.9,1.532,128.3,1.575,48.8,2.98,
2023-04-25 00:00:00,OIL-SYN-007,3631.7,3504.6,Nahorkatiya Sand,ROTARY_DRILLING,14.05,28.74,61.1,21.81,18139.6,304.3,3563.4,100,1.525,128.61,1.554,51.6,1.75,
2023-04-25 00:30:00,OIL-SYN-007,3651.6,3523.8,Nahorkatiya Sand,ROTARY_DRILLING,9.93,31.18,54.8,23.06,18442.7,329.4,3463.1,99.4,1.519,127.98,1.536,42.8,2.07,
2023-04-25 01:00:00,OIL-SYN-007,3671.6,3543.1,Nahorkatiya Sand,ROTARY_DRILLING,13.44,32.65,53.4,22.41,18163.9,325.3,3399.7,99.8,1.534,127.48,1.56,46.5,2.07,
2023-04-25 01:30:00,OIL-SYN-007,3691.5,3562.3,Nahorkatiya Sand,ROTARY_DRILLING,7.13,25.61,57.1,19.91,18694.2,330.8,3537.5,99.5,1.554,127.22,1.57,53.2,1.07,
2023-04-25 02:00:00,OIL-SYN-007,3711.4,3581.5,Barail,ROTARY_DRILLING,10.69,28.96,56.8,22.57,18949.9,326.5,3426.3,98.3,1.506,129.3,1.543,49.5,3.12,
2023-04-25 02:30:00,OIL-SYN-007,3731.4,3600.8,Barail,ROTARY_DRILLING,13.47,33.67,52.0,20.3,18335.7,322.2,3575.4,99.9,1.546,128.38,1.571,47.1,2.38,
2023-04-25 03:00:00,OIL-SYN-007,3751.3,3620.0,Barail,ROTARY_DRILLING,9.83,31.0,69.8,22.8,18880.9,322.8,3551.3,98.6,1.552,127.56,1.591,41.2,2.32,
2023-04-25 03:30:00,OIL-SYN-007,3771.3,3639.3,Barail,ROTARY_DRILLING,11.59,28.5,62.6,24.96,18033.7,311.6,3496.7,100,1.554,128.23,1.572,47.5,1.32,
2023-04-25 04:00:00,OIL-SYN-007,3791.2,3658.5,Barail,ROTARY_DRILLING,12.3,29.89,69.7,23.36,19046.5,333.4,3546.3,99.0,1.542,127.89,1.555,43.7,2.14,
2023-04-25 04:30:00,OIL-SYN-007,3811.1,3677.7,Barail,ROTARY_DRILLING,12.35,27.27,63.2,24.04,18604.2,319.9,3635.2,98.9,1.54,127.53,1.554,41.8,1.99,
2023-04-25 05:00:00,OIL-SYN-007,3831.1,3697.0,Barail,ROTARY_DRILLING,12.9,27.74,50.7,24.77,18442.2,330.8,3661.6,99.2,1.568,129.22,1.587,42.8,2.12,
2023-04-25 05:30:00,OIL-SYN-007,3851.0,3716.2,Barail,ROTARY_DRILLING,6.91,30.42,50,24.2,18867.9,328.9,3485.4,99.1,1.533,128.44,1.556,45.8,1.68,
2023-04-25 06:00:00,OIL-SYN-007,3870.9,3735.5,Barail,ROTARY_DRILLING,11.65,28.01,59.1,24.4,18695.4,330.0,3519.0,99.7,1.547,129.07,1.575,59.4,1.08,
2023-04-25 06:30:00,OIL-SYN-007,3890.9,3754.7,Barail,ROTARY_DRILLING,14.65,28.61,52.8,24.17,19523.0,317.9,3633.0,99.9,1.526,128.07,1.545,48.4,2.55,
2023-04-25 07:00:00,OIL-SYN-007,3910.8,3773.9,Barail,ROTARY_DRILLING,8.58,29.3,63.3,24.42,18185.0,334.4,3622.5,98.1,1.557,126.43,1.572,49.5,1.91,
2023-04-25 07:30:00,OIL-SYN-007,3930.8,3793.2,Barail,ROTARY_DRILLING,17.14,28.52,60.4,25.2,19001.0,333.9,3639.5,98.4,1.508,127.61,1.542,44.0,2.68,
2023-04-25 08:00:00,OIL-SYN-007,3950.7,3812.4,Barail,ROTARY_DRILLING,14.05,28.09,61.8,24.45,19181.9,323.2,3786.3,98.7,1.574,129.37,1.596,39.3,1.96,
2023-04-25 08:30:00,OIL-SYN-007,3970.6,3831.7,Barail,ROTARY_DRILLING,13.23,29.94,60.3,21.94,19190.1,326.1,3562.0,99.1,1.584,127.61,1.601,53.0,3.61,
2023-04-25 09:00:00,OIL-SYN-007,3990.6,3850.9,Barail,ROTARY_DRILLING,12.73,28.44,50,21.98,19361.1,317.0,3505.0,99.6,1.545,127.12,1.557,50.8,1.77,
2023-04-25 09:30:00,OIL-SYN-007,4010.5,3870.1,Barail,ROTARY_DRILLING,15.69,30.83,50,23.61,19551.3,326.3,3547.3,98.9,1.571,126.78,1.6,42.5,1.77,
2023-04-25 10:00:00,OIL-SYN-007,4030.4,3889.4,Barail,ROTARY_DRILLING,6.07,27.16,62.8,24.69,18572.4,336.3,3457.1,99.4,1.594,129.45,1.635,40.5,2.51,
2023-04-25 10:30:00,OIL-SYN-007,4050.4,3908.6,Barail,ROTARY_DRILLING,9.7,29.87,53.8,28.15,19310.0,333.8,3571.5,100,1.583,129.34,1.603,47.3,0.8,
2023-04-25 11:00:00,OIL-SYN-007,4070.3,3927.9,Barail,ROTARY_DRILLING,11.97,28.23,57.5,25.72,19395.2,319.5,3773.3,98.8,1.575,127.46,1.605,41.5,0.78,
2023-04-25 11:30:00,OIL-SYN-007,4090.3,3947.1,Barail,ROTARY_DRILLING,5.57,33.62,60.1,25.27,19625.4,337.2,3616.6,98.1,1.582,128.1,1.607,47.2,2.17,
2023-04-25 12:00:00,OIL-SYN-007,4110.2,3966.3,Barail,ROTARY_DRILLING,14.78,30.27,66.4,25.37,19722.1,334.9,3634.5,99.5,1.565,129.01,1.576,40.8,2.66,
2023-04-25 12:30:00,OIL-SYN-007,4130.1,3985.6,Barail,ROTARY_DRILLING,10.95,30.79,59.4,26.33,18828.3,333.5,3515.8,98.7,1.578,128.51,1.616,40.8,1.78,
2023-04-25 13:00:00,OIL-SYN-007,4150.1,4004.8,Barail,ROTARY_DRILLING,11.24,29.95,52.7,24.43,19260.3,341.3,3729.9,99.3,1.574,128.3,1.584,34.7,1.52,
2023-04-25 13:30:00,OIL-SYN-007,4170,4024.0,Barail,ROTARY_DRILLING,13.69,31.52,50,26.4,19029.4,341.6,3739.8,99.5,1.587,127.6,1.631,36.2,1.28,
2023-05-09 06:00:00,OIL-SYN-008,1000.0,965.0,Barail,ROTARY_DRILLING,15.47,22.11,90.6,14.73,14285.6,238.5,2834.4,99.0,1.223,127.94,1.243,40.8,0,
2023-05-09 06:30:00,OIL-SYN-008,1014.9,979.4,Barail,ROTARY_DRILLING,17.63,18.51,93.4,13.21,13783.5,218.5,2952.5,98.3,1.233,128.55,1.275,38.9,2.02,
2023-05-09 07:00:00,OIL-SYN-008,1029.8,993.8,Barail,ROTARY_DRILLING,18.93,17.73,86.1,10.92,14359.3,219.0,2996.0,97.5,1.213,126.67,1.233,43.0,1.35,
2023-05-09 07:30:00,OIL-SYN-008,1044.7,1008.2,Barail,ROTARY_DRILLING,13.82,25.66,89.3,14.8,13419.6,233.2,2937.6,99.3,1.26,126.23,1.299,46.8,1.75,
2023-05-09 08:00:00,OIL-SYN-008,1059.6,1022.5,Barail,ROTARY_DRILLING,20.31,24.12,83.5,12.08,14831.7,223.3,2849.2,99.9,1.239,128.31,1.275,43.2,0.21,
2023-05-09 08:30:00,OIL-SYN-008,1074.5,1036.9,Barail,ROTARY_DRILLING,18.73,20.79,86.1,14.36,14183.7,222.4,2880.5,98.5,1.246,128.36,1.287,43.1,2.23,
2023-05-09 09:00:00,OIL-SYN-008,1089.4,1051.3,Barail,ROTARY_DRILLING,18.62,25.47,85.1,12.29,14002.7,235.1,2838.4,99.4,1.249,128.4,1.27,46.0,1.54,
2023-05-09 09:30:00,OIL-SYN-008,1104.3,1065.7,Barail,ROTARY_DRILLING,18.12,24.68,93.4,16.57,14098.2,211.4,2844.9,98.3,1.251,129.03,1.283,42.4,3.59,
2023-05-09 10:00:00,OIL-SYN-008,1119.2,1080.1,Barail,ROTARY_DRILLING,18.38,18.34,94.7,12.46,14349.3,229.9,2804.6,99.9,1.228,127.4,1.257,43.7,1.26,
2023-05-09 10:30:00,OIL-SYN-008,1134.2,1094.5,Barail,ROTARY_DRILLING,17.17,14.62,82.5,13.03,13746.1,233.5,2941.6,97.3,1.261,129.23,1.295,42.4,2.31,
2023-05-09 11:00:00,OIL-SYN-008,1149.1,1108.8,Barail,ROTARY_DRILLING,16.58,21.8,92.0,13.0,14346.2,221.1,2879.0,98.5,1.241,128.33,1.259,45.2,1.96,
2023-05-09 11:30:00,OIL-SYN-008,1164.0,1123.2,Barail,ROTARY_DRILLING,13.66,18.19,90.3,14.04,14259.2,239.0,2993.8,98.2,1.272,127.49,1.293,50.7,3.41,
2023-05-09 12:00:00,OIL-SYN-008,1178.9,1137.6,Barail,ROTARY_DRILLING,10.38,22.7,85.5,15.41,14626.7,234.0,2896.0,100,1.266,127.0,1.289,49.1,2.45,
2023-05-09 12:30:00,OIL-SYN-008,1193.8,1152.0,Barail,ROTARY_DRILLING,12.4,27.87,82.8,12.14,13895.6,223.4,2812.2,100.0,1.257,128.73,1.273,42.2,1.75,
2023-05-09 13:00:00,OIL-SYN-008,1208.7,1166.4,Barail,ROTARY_DRILLING,15.44,20.11,76.4,15.95,14750.6,243.6,2900.7,98.7,1.263,128.9,1.283,49.6,2.63,
2023-05-09 13:30:00,OIL-SYN-008,1223.6,1180.8,Barail,ROTARY_DRILLING,19.28,21.16,79.2,12.66,14870.0,228.5,2781.5,98.6,1.281,127.87,1.325,39.2,1.01,
2023-05-09 14:00:00,OIL-SYN-008,1238.5,1195.1,Barail,ROTARY_DRILLING,16.66,24.36,83.8,13.47,14164.2,221.4,2877.5,100,1.246,126.78,1.283,53.1,1.6,
2023-05-09 14:30:00,OIL-SYN-008,1253.4,1209.5,Barail,ROTARY_DRILLING,14.23,24.01,94.5,14.96,14640.4,240.8,2776.3,99.4,1.272,128.51,1.295,47.2,0.56,
2023-05-09 15:00:00,OIL-SYN-008,1268.3,1223.9,Barail,ROTARY_DRILLING,15.53,25.85,102.7,15.11,14486.1,238.8,2952.4,99.3,1.271,129.25,1.296,34.5,1.01,
2023-05-09 15:30:00,OIL-SYN-008,1283.2,1238.3,Barail,ROTARY_DRILLING,19.98,23.76,84.5,15.96,14890.8,232.8,2739.1,98.5,1.252,129.1,1.286,40.3,1.2,
2023-05-09 16:00:00,OIL-SYN-008,1298.1,1252.7,Barail,ROTARY_DRILLING,19.39,21.08,90.3,15.25,14375.7,235.8,2993.5,99.6,1.25,127.61,1.282,51.0,0.89,
2023-05-09 16:30:00,OIL-SYN-008,1313.0,1267.1,Barail,ROTARY_DRILLING,19.42,25.57,92.0,13.3,15030.3,241.1,3088.7,99.5,1.249,127.64,1.286,40.5,1.61,
2023-05-09 17:00:00,OIL-SYN-008,1327.9,1281.4,Barail,ROTARY_DRILLING,15.74,20.44,74.7,13.2,14667.7,235.9,2924.9,99.8,1.274,126.34,1.298,50.0,1.69,
2023-05-09 17:30:00,OIL-SYN-008,1342.8,1295.8,Barail,ROTARY_DRILLING,16.15,23.0,70.3,14.14,14718.6,243.1,2884.8,98.2,1.257,127.65,1.275,38.2,3.11,
2023-05-09 18:00:00,OIL-SYN-008,1357.7,1310.2,Barail,ROTARY_DRILLING,21.44,20.81,88.3,13.21,14893.9,240.0,2746.6,100,1.276,126.58,1.304,46.6,1.81,
2023-05-09 18:30:00,OIL-SYN-008,1372.6,1324.6,Barail,ROTARY_DRILLING,12.65,21.36,89.3,12.51,14346.1,223.8,2904.7,99.5,1.284,127.84,1.322,51.5,1.52,
2023-05-09 19:00:00,OIL-SYN-008,1387.5,1339.0,Barail,ROTARY_DRILLING,14.75,19.05,97.9,12.59,14949.2,246.0,2906.0,99.3,1.274,126.62,1.303,41.9,1.46,
2023-05-09 19:30:00,OIL-SYN-008,1402.5,1353.4,Tipam,ROTARY_DRILLING,18.43,19.08,94.5,15.28,14289.8,231.3,2999.5,99.8,1.297,127.31,1.328,42.6,1.67,
2023-05-09 20:00:00,OIL-SYN-008,1417.4,1367.8,Tipam,ROTARY_DRILLING,19.38,25.48,88.9,14.86,13663.0,250.1,2883.4,98.6,1.282,128.58,1.295,44.3,1.04,
2023-05-09 20:30:00,OIL-SYN-008,1432.3,1382.1,Tipam,ROTARY_DRILLING,15.77,19.95,72.6,14.18,14403.0,238.2,3084.1,98.3,1.269,127.11,1.308,46.1,0,
2023-05-09 21:00:00,OIL-SYN-008,1447.2,1396.5,Tipam,ROTARY_DRILLING,17.55,20.35,90.6,12.86,14221.5,232.0,2989.0,100.0,1.281,127.77,1.292,39.2,2.24,
2023-05-09 21:30:00,OIL-SYN-008,1462.1,1410.9,Tipam,ROTARY_DRILLING,13.31,26.68,82.4,12.76,14479.8,235.3,2896.0,100,1.247,126.98,1.291,38.8,1.67,
2023-05-09 22:00:00,OIL-SYN-008,1477.0,1425.3,Tipam,ROTARY_DRILLING,14.68,19.33,75.4,14.92,14702.9,240.4,2896.2,99.4,1.26,128.38,1.272,41.6,1.22,
2023-05-09 22:30:00,OIL-SYN-008,1491.9,1439.7,Tipam,ROTARY_DRILLING,15.31,21.82,82.8,16.05,14356.7,232.8,2884.0,98.4,1.302,128.61,1.326,48.1,1.15,
2023-05-09 23:00:00,OIL-SYN-008,1506.8,1454.1,Tipam,ROTARY_DRILLING,17.85,23.94,108.4,15.68,14667.5,243.7,3034.5,98.4,1.266,129.18,1.284,40.8,2.53,
2023-05-09 23:30:00,OIL-SYN-008,1521.7,1468.4,Tipam,ROTARY_DRILLING,15.93,18.95,103.6,13.56,14558.0,235.3,3039.8,99.0,1.288,127.62,1.325,43.2,1.43,
2023-05-10 00:00:00,OIL-SYN-008,1536.6,1482.8,Tipam,ROTARY_DRILLING,16.58,25.15,73.2,14.77,14606.0,264.3,2986.8,99.4,1.296,127.6,1.32,48.4,2.96,
2023-05-10 00:30:00,OIL-SYN-008,1551.5,1497.2,Tipam,ROTARY_DRILLING,17.13,27.43,86.4,16.91,14908.1,235.6,3144.5,98.5,1.322,128.19,1.341,43.4,1.2,
2023-05-10 01:00:00,OIL-SYN-008,1566.4,1511.6,Tipam,ROTARY_DRILLING,17.71,25.65,98.4,15.85,14397.6,253.9,3091.2,100.0,1.289,127.8,1.309,42.8,2.65,
2023-05-10 01:30:00,OIL-SYN-008,1581.3,1526.0,Tipam,ROTARY_DRILLING,15.6,22.69,81.6,14.45,14635.1,254.8,3028.4,99.7,1.292,126.96,1.335,46.5,1.1,
2023-05-10 02:00:00,OIL-SYN-008,1596.2,1540.4,Tipam,ROTARY_DRILLING,14.01,25.38,85.3,14.41,14475.9,244.1,2889.3,98.0,1.294,127.78,1.312,43.1,3.36,
2023-05-10 02:30:00,OIL-SYN-008,1611.1,1554.7,Tipam,ROTARY_DRILLING,15.22,21.85,80.1,14.79,15101.5,253.2,2846.8,99.2,1.314,128.05,1.347,46.9,2.1,
2023-05-10 03:00:00,OIL-SYN-008,1626.0,1569.1,Tipam,ROTARY_DRILLING,18.36,20.61,77.2,14.45,15188.6,249.3,2993.5,100.0,1.308,127.71,1.328,47.1,1.99,
2023-05-10 03:30:00,OIL-SYN-008,1640.9,1583.5,Tipam,ROTARY_DRILLING,18.54,15.58,94.0,13.02,14739.5,243.3,2947.6,98.2,1.32,127.6,1.356,52.6,0.36,
2023-05-10 04:00:00,OIL-SYN-008,1655.8,1597.9,Tipam,ROTARY_DRILLING,11.91,23.35,74.8,12.12,15244.2,256.9,3105.6,99.6,1.331,127.72,1.37,42.5,0.64,
2023-05-10 04:30:00,OIL-SYN-008,1670.8,1612.3,Tipam,ROTARY_DRILLING,12.56,24.43,82.3,14.62,14794.7,250.3,2977.7,99.9,1.311,127.94,1.335,49.0,2.74,
2023-05-10 05:00:00,OIL-SYN-008,1685.7,1626.7,Tipam,ROTARY_DRILLING,19.01,23.51,72.1,13.82,15433.8,258.6,3018.4,99.3,1.334,128.83,1.368,47.4,2.75,
2023-05-10 05:30:00,OIL-SYN-008,1700.6,1641.0,Tipam,ROTARY_DRILLING,16.72,20.67,85.3,16.86,14829.2,258.4,3109.3,99.6,1.298,128.99,1.316,41.3,2.17,
2023-05-10 06:00:00,OIL-SYN-008,1715.5,1655.4,Tipam,ROTARY_DRILLING,4.38,21.03,81.0,25.96,15015.7,271.1,3026.5,99.8,1.298,127.04,1.324,50.1,1.69,STUCK_PIPE
2023-05-10 06:30:00,OIL-SYN-008,1730.4,1669.8,Tipam,ROTARY_DRILLING,4.91,25.66,78.8,33.74,15158.1,268.8,2896.6,98.5,1.325,128.73,1.362,45.4,0.94,STUCK_PIPE
2023-05-10 07:00:00,OIL-SYN-008,1745.3,1684.2,Tipam,ROTARY_DRILLING,4.14,21.33,75.6,31.62,15037.6,292.9,2943.9,99.7,1.307,128.24,1.341,43.2,1.82,STUCK_PIPE
2023-05-10 07:30:00,OIL-SYN-008,1760.2,1698.6,Tipam,ROTARY_DRILLING,5.08,24.95,83.5,36.01,15130.5,279.8,3122.8,98.4,1.314,125.62,1.331,49.1,2.26,STUCK_PIPE
2023-05-10 08:00:00,OIL-SYN-008,1775.1,1713.0,Tipam,ROTARY_DRILLING,3.2,24.12,79.2,30.9,14502.8,274.5,3030.1,98.9,1.36,126.38,1.389,42.9,0.77,STUCK_PIPE
2023-05-10 08:30:00,OIL-SYN-008,1790.0,1727.3,Tipam,ROTARY_DRILLING,2.95,21.04,82.5,25.87,15044.8,280.4,3105.4,99.2,1.297,127.69,1.321,36.9,1.82,STUCK_PIPE
2023-05-10 09:00:00,OIL-SYN-008,1804.9,1741.7,Tipam,ROTARY_DRILLING,3.68,20.63,88.0,29.79,15370.9,284.7,3110.7,98.3,1.301,127.59,1.312,41.2,3.05,STUCK_PIPE
2023-05-10 09:30:00,OIL-SYN-008,1819.8,1756.1,Tipam,ROTARY_DRILLING,4.5,26.8,78.5,37.41,15950.2,259.5,3044.0,99.7,1.291,128.9,1.328,39.3,0.54,STUCK_PIPE
2023-05-10 10:00:00,OIL-SYN-008,1834.7,1770.5,Tipam,ROTARY_DRILLING,2.94,24.03,74.4,38.37,15121.5,291.3,3047.1,99.6,1.344,127.95,1.372,60.0,0.83,STUCK_PIPE
2023-05-10 10:30:00,OIL-SYN-008,1849.6,1784.9,Tipam,ROTARY_DRILLING,3.26,21.13,80.4,34.49,15520.0,298.3,2946.2,98.4,1.337,128.15,1.352,44.5,0.22,STUCK_PIPE
2023-05-10 11:00:00,OIL-SYN-008,1864.5,1799.3,Tipam,ROTARY_DRILLING,16.02,22.82,86.2,17.78,15757.4,250.9,3107.6,99.0,1.318,126.43,1.345,47.4,2.08,
2023-05-10 11:30:00,OIL-SYN-008,1879.4,1813.7,Tipam,ROTARY_DRILLING,14.27,17.27,68.0,16.93,15359.6,254.1,3118.6,99.4,1.337,127.49,1.367,49.6,1.17,
2023-05-10 12:00:00,OIL-SYN-008,1894.3,1828.0,Tipam,ROTARY_DRILLING,13.65,17.04,77.4,17.03,15374.0,261.1,3052.8,99.0,1.34,128.32,1.361,48.8,1.87,
2023-05-10 12:30:00,OIL-SYN-008,1909.2,1842.4,Tipam,ROTARY_DRILLING,17.71,25.84,70.5,14.65,15242.1,241.1,3096.9,98.3,1.319,128.98,1.36,40.3,1.95,
2023-05-10 13:00:00,OIL-SYN-008,1924.2,1856.8,Tipam,ROTARY_DRILLING,19.19,22.9,86.3,18.19,15935.3,263.6,3165.3,99.7,1.353,127.54,1.371,50.1,1.49,
2023-05-10 13:30:00,OIL-SYN-008,1939.1,1871.2,Tipam,ROTARY_DRILLING,17.32,19.92,86.3,16.07,15070.0,257.7,3004.9,99.1,1.344,128.35,1.382,53.0,1.18,
2023-05-10 14:00:00,OIL-SYN-008,1954.0,1885.6,Tipam,ROTARY_DRILLING,15.89,23.44,79.0,17.38,15970.4,254.0,2975.1,98.8,1.358,129.32,1.378,58.2,2.79,
2023-05-10 14:30:00,OIL-SYN-008,1968.9,1900.0,Tipam,ROTARY_DRILLING,17.73,24.65,75.7,19.2,15388.7,267.5,3339.6,98.5,1.33,127.41,1.363,39.9,1.51,
2023-05-10 15:00:00,OIL-SYN-008,1983.8,1914.3,Tipam,ROTARY_DRILLING,16.84,25.09,82.2,17.88,15306.3,250.3,3092.6,97.9,1.318,127.44,1.333,55.5,1.55,
2023-05-10 15:30:00,OIL-SYN-008,1998.7,1928.7,Tipam,ROTARY_DRILLING,13.41,25.01,92.6,19.08,15653.6,258.6,3149.3,98.6,1.324,128.49,1.367,49.5,1.92,
2023-05-10 16:00:00,OIL-SYN-008,2013.6,1943.1,Tipam,ROTARY_DRILLING,12.88,23.12,72.7,14.94,15096.7,265.1,3229.3,99.9,1.348,126.42,1.364,44.2,1.53,
2023-05-10 16:30:00,OIL-SYN-008,2028.5,1957.5,Tipam,ROTARY_DRILLING,13.6,21.89,71.8,15.74,15769.0,272.2,2891.7,99.2,1.325,127.06,1.342,41.4,1.78,
2023-05-10 17:00:00,OIL-SYN-008,2043.4,1971.9,Tipam,ROTARY_DRILLING,12.37,28.68,64.6,15.21,15789.4,257.6,3127.7,98.3,1.358,126.99,1.381,54.6,1.37,
2023-05-10 17:30:00,OIL-SYN-008,2058.3,1986.3,Girujan,ROTARY_DRILLING,14.36,24.27,73.4,17.22,15618.0,252.0,3208.4,98.5,1.342,128.25,1.386,78.5,1.12,
2023-05-10 18:00:00,OIL-SYN-008,2073.2,2000.6,Girujan,ROTARY_DRILLING,13.94,24.74,68.4,16.85,15300.6,255.3,2994.6,98.5,1.326,126.51,1.347,80.8,0.9,
2023-05-10 18:30:00,OIL-SYN-008,2088.1,2015.0,Girujan,ROTARY_DRILLING,22.11,23.38,72.9,20.24,15597.1,269.4,3105.7,99.7,1.344,128.91,1.362,73.5,2.44,
2023-05-10 19:00:00,OIL-SYN-008,2103.0,2029.4,Girujan,ROTARY_DRILLING,16.05,28.01,78.8,14.61,16385.8,268.5,3167.4,99.4,1.351,128.72,1.372,77.7,1.45,
2023-05-10 19:30:00,OIL-SYN-008,2117.9,2043.8,Girujan,ROTARY_DRILLING,15.05,19.29,73.5,18.82,14787.1,263.5,3116.8,100,1.354,127.54,1.373,64.6,0.05,
2023-05-10 20:00:00,OIL-SYN-008,2132.8,2058.2,Girujan,ROTARY_DRILLING,16.64,20.57,83.2,15.65,15491.9,258.4,3213.6,99.1,1.351,127.29,1.395,71.6,1.1,
2023-05-10 20:30:00,OIL-SYN-008,2147.7,2072.6,Girujan,ROTARY_DRILLING,12.97,22.26,79.2,16.19,15661.5,270.5,3196.6,98.6,1.358,126.65,1.378,72.3,1.22,
2023-05-10 21:00:00,OIL-SYN-008,2162.6,2086.9,Girujan,ROTARY_DRILLING,13.98,21.6,65.6,16.49,15468.9,276.2,2920.4,98.2,1.358,127.63,1.391,64.4,3.76,
2023-05-10 21:30:00,OIL-SYN-008,2177.5,2101.3,Girujan,ROTARY_DRILLING,19.13,23.78,70.5,16.7,16227.4,258.0,3066.6,99.8,1.355,127.35,1.37,58.8,0.78,
2023-05-10 22:00:00,OIL-SYN-008,2192.5,2115.7,Girujan,ROTARY_DRILLING,14.72,23.49,67.3,18.98,16072.4,273.1,3265.9,98.5,1.352,127.5,1.391,77.9,1.4,
2023-05-10 22:30:00,OIL-SYN-008,2207.4,2130.1,Girujan,ROTARY_DRILLING,14.35,24.41,61.5,15.73,15671.9,278.8,3266.4,107.0,1.387,138.49,1.397,65.0,9.79,KICK
2023-05-10 23:00:00,OIL-SYN-008,2222.3,2144.5,Girujan,ROTARY_DRILLING,15.03,26.44,94.5,16.5,16206.3,274.4,3103.7,105.0,1.357,134.78,1.392,76.7,9.31,KICK
2023-05-10 23:30:00,OIL-SYN-008,2237.2,2158.9,Girujan,ROTARY_DRILLING,13.35,25.87,79.5,16.77,16381.5,269.3,3350.7,105.6,1.383,139.84,1.424,68.0,10.15,KICK
2023-05-11 00:00:00,OIL-SYN-008,2252.1,2173.3,Girujan,ROTARY_DRILLING,16.6,21.06,78.0,17.94,16670.0,272.4,3312.5,109.6,1.365,136.0,1.393,75.1,6.2,KICK
2023-05-11 00:30:00,OIL-SYN-008,2267.0,2187.6,Girujan,ROTARY_DRILLING,16.9,24.26,88.8,19.44,16432.5,279.0,3220.0,104.8,1.361,134.17,1.403,77.4,11.54,KICK
2023-05-11 01:00:00,OIL-SYN-008,2281.9,2202.0,Girujan,ROTARY_DRILLING,11.21,22.99,96.6,17.56,16335.6,274.9,3300.3,107.3,1.376,139.15,1.413,75.3,7.74,KICK
2023-05-11 01:30:00,OIL-SYN-008,2296.8,2216.4,Girujan,ROTARY_DRILLING,15.34,28.06,75.9,17.49,15898.2,275.5,3112.7,108.7,1.385,138.52,1.419,68.1,6.96,KICK
2023-05-11 02:00:00,OIL-SYN-008,2311.7,2230.8,Girujan,ROTARY_DRILLING,16.96,22.23,86.2,19.19,16149.0,267.0,3092.7,108.8,1.372,135.51,1.402,75.3,8.26,KICK
2023-05-11 02:30:00,OIL-SYN-008,2326.6,2245.2,Girujan,ROTARY_DRILLING,12.55,23.62,85.2,17.22,16295.0,260.8,3112.9,103.7,1.378,139.92,1.422,69.7,10.28,KICK
2023-05-11 03:00:00,OIL-SYN-008,2341.5,2259.6,Girujan,ROTARY_DRILLING,12.72,27.39,70.9,17.16,15569.8,282.1,3302.5,98.3,1.374,126.37,1.403,70.7,1.83,
2023-05-11 03:30:00,OIL-SYN-008,2356.4,2273.9,Girujan,ROTARY_DRILLING,14.3,22.06,85.4,17.34,15999.1,274.6,3047.3,98.2,1.386,129.53,1.414,76.1,1.81,
2023-05-11 04:00:00,OIL-SYN-008,2371.3,2288.3,Girujan,ROTARY_DRILLING,6.92,25.69,77.7,16.72,15996.4,286.0,3153.7,98.0,1.393,128.56,1.426,67.7,2.66,
2023-05-11 04:30:00,OIL-SYN-008,2386.2,2302.7,Girujan,ROTARY_DRILLING,17.66,25.43,80.7,19.64,16585.3,288.0,3107.5,99.2,1.368,126.7,1.38,74.8,1.61,
2023-05-11 05:00:00,OIL-SYN-008,2401.1,2317.1,Girujan,ROTARY_DRILLING,19.33,30.22,73.0,19.0,16268.2,265.1,3257.1,98.7,1.375,127.53,1.394,68.6,2.31,
2023-05-11 05:30:00,OIL-SYN-008,2416.0,2331.5,Girujan,ROTARY_DRILLING,13.13,24.55,69.4,19.0,16356.7,271.8,3242.7,97.7,1.396,127.99,1.418,68.9,1.52,
2023-05-11 06:00:00,OIL-SYN-008,2430.9,2345.9,Girujan,ROTARY_DRILLING,13.18,23.33,81.3,19.79,16354.9,270.1,3123.1,97.7,1.382,128.33,1.407,66.4,2.79,
2023-05-11 06:30:00,OIL-SYN-008,2445.8,2360.2,Girujan,ROTARY_DRILLING,12.13,23.41,77.1,17.03,16469.3,268.9,3179.8,97.2,1.392,130.24,1.409,71.1,2.8,
2023-05-11 07:00:00,OIL-SYN-008,2460.8,2374.6,Girujan,ROTARY_DRILLING,15.97,26.81,88.0,17.54,16629.7,276.2,3342.7,98.3,1.401,126.21,1.438,67.6,1.03,
2023-05-11 07:30:00,OIL-SYN-008,2475.7,2389.0,Girujan,ROTARY_DRILLING,12.98,27.3,70.8,20.2,16205.8,289.4,3159.4,100,1.402,128.73,1.44,76.6,0.87,
2023-05-11 08:00:00,OIL-SYN-008,2490.6,2403.4,Girujan,ROTARY_DRILLING,16.44,28.82,65.6,19.45,17019.0,282.0,3120.3,99.1,1.416,128.45,1.438,75.0,2.72,
2023-05-11 08:30:00,OIL-SYN-008,2505.5,2417.8,Girujan,ROTARY_DRILLING,11.25,27.51,61.4,19.75,16268.3,267.4,3435.3,99.8,1.39,126.43,1.4,78.5,2.17,
2023-05-11 09:00:00,OIL-SYN-008,2520.4,2432.2,Girujan,ROTARY_DRILLING,13.17,20.8,77.6,19.95,16271.7,288.8,3234.1,98.6,1.403,127.62,1.433,72.4,2.84,
2023-05-11 09:30:00,OIL-SYN-008,2535.3,2446.5,Girujan,ROTARY_DRILLING,11.21,24.91,81.1,20.45,16287.3,280.0,3179.0,97.7,1.383,128.29,1.399,70.7,1.88,
2023-05-11 10:00:00,OIL-SYN-008,2550.2,2460.9,Lakwa,ROTARY_DRILLING,10.68,28.49,72.8,16.27,16685.8,274.7,3151.2,98.6,1.416,127.84,1.455,41.7,4.4,
2023-05-11 10:30:00,OIL-SYN-008,2565.1,2475.3,Lakwa,ROTARY_DRILLING,11.79,26.17,72.8,38.97,16812.4,279.9,3337.3,98.2,1.419,129.42,1.459,45.2,5.61,TORQUE_SPIKE
2023-05-11 11:00:00,OIL-SYN-008,2580.0,2489.7,Lakwa,ROTARY_DRILLING,12.44,27.31,74.0,36.39,15719.6,271.9,3369.2,99.6,1.413,129.29,1.446,49.3,4.5,TORQUE_SPIKE
2023-05-11 11:30:00,OIL-SYN-008,2594.9,2504.1,Lakwa,ROTARY_DRILLING,13.27,25.81,75.8,34.82,16390.4,273.4,3335.4,99.1,1.4,126.27,1.418,38.4,5.57,TORQUE_SPIKE
2023-05-11 12:00:00,OIL-SYN-008,2609.8,2518.5,Lakwa,ROTARY_DRILLING,19.33,23.57,71.9,38.0,16516.6,273.4,3312.2,99.8,1.375,128.66,1.404,45.9,3.93,TORQUE_SPIKE
2023-05-11 12:30:00,OIL-SYN-008,2624.7,2532.9,Lakwa,ROTARY_DRILLING,18.15,25.76,63.1,46.83,16790.8,276.2,3328.9,99.6,1.413,126.95,1.441,46.3,3.95,TORQUE_SPIKE
2023-05-11 13:00:00,OIL-SYN-008,2639.6,2547.2,Lakwa,ROTARY_DRILLING,14.88,23.88,66.7,40.49,16333.2,273.8,3185.7,97.2,1.413,127.48,1.43,49.5,3.74,TORQUE_SPIKE
2023-05-11 13:30:00,OIL-SYN-008,2654.5,2561.6,Lakwa,ROTARY_DRILLING,14.94,26.86,72.3,42.55,17232.2,286.8,3105.4,98.9,1.42,129.58,1.443,44.6,3.79,TORQUE_SPIKE
2023-05-11 14:00:00,OIL-SYN-008,2669.4,2576.0,Lakwa,ROTARY_DRILLING,12.36,25.09,85.1,48.72,16895.3,279.0,3416.1,98.7,1.406,128.41,1.419,52.5,5.05,TORQUE_SPIKE
2023-05-11 14:30:00,OIL-SYN-008,2684.3,2590.4,Lakwa,ROTARY_DRILLING,18.18,21.07,70.7,45.7,16939.0,292.6,3353.8,98.4,1.412,126.59,1.444,60.9,5.15,TORQUE_SPIKE
2023-05-11 15:00:00,OIL-SYN-008,2699.2,2604.8,Lakwa,ROTARY_DRILLING,10.62,28.46,63.0,34.38,16581.3,273.2,3328.1,97.7,1.427,126.66,1.456,42.6,5.57,TORQUE_SPIKE
2023-05-11 15:30:00,OIL-SYN-008,2714.2,2619.2,Lakwa,ROTARY_DRILLING,15.11,26.18,50.4,17.27,16722.7,293.9,3322.3,98.5,1.405,128.05,1.431,44.5,4.22,
2023-05-11 16:00:00,OIL-SYN-008,2729.1,2633.5,Lakwa,ROTARY_DRILLING,14.56,31.27,66.9,18.43,17337.1,276.3,3298.9,96.5,1.458,128.48,1.491,47.1,4.01,
2023-05-11 16:30:00,OIL-SYN-008,2744.0,2647.9,Lakwa,ROTARY_DRILLING,14.21,24.08,87.8,19.48,16931.7,284.4,3307.9,99.1,1.439,127.75,1.484,48.6,4.49,
2023-05-11 17:00:00,OIL-SYN-008,2758.9,2662.3,Lakwa,ROTARY_DRILLING,12.21,26.87,86.6,21.74,17405.6,292.5,3216.4,100,1.423,127.05,1.466,36.4,3.61,
2023-05-11 17:30:00,OIL-SYN-008,2773.8,2676.7,Lakwa,ROTARY_DRILLING,15.03,26.66,67.0,19.78,16734.4,295.3,3508.3,100,1.429,128.99,1.471,44.3,3.25,
2023-05-11 18:00:00,OIL-SYN-008,2788.7,2691.1,Lakwa,ROTARY_DRILLING,16.94,28.62,68.3,19.45,17218.4,286.9,3304.4,98.5,1.439,127.06,1.466,36.6,4.32,
2023-05-11 18:30:00,OIL-SYN-008,2803.6,2705.5,Lakwa,ROTARY_DRILLING,13.14,23.04,73.4,19.52,16392.8,304.0,3302.1,98.7,1.415,128.72,1.441,40.1,4.4,
2023-05-11 19:00:00,OIL-SYN-008,2818.5,2719.8,Lakwa,ROTARY_DRILLING,16.93,25.36,60.0,19.03,17262.8,297.8,3210.3,100,1.443,125.96,1.46,48.1,3.65,
2023-05-11 19:30:00,OIL-SYN-008,2833.4,2734.2,Lakwa,ROTARY_DRILLING,13.39,25.97,84.2,17.95,17081.9,289.5,3386.7,100,1.444,128.23,1.472,41.8,3.46,
2023-05-11 20:00:00,OIL-SYN-008,2848.3,2748.6,Lakwa,ROTARY_DRILLING,14.4,26.28,74.7,19.75,17417.9,296.9,3279.3,100.0,1.421,128.32,1.45,47.8,4.24,
2023-05-11 20:30:00,OIL-SYN-008,2863.2,2763.0,Lakwa,ROTARY_DRILLING,12.2,28.7,58.8,18.11,17111.9,290.4,3316.6,99.2,1.456,128.71,1.491,52.8,3.25,
2023-05-11 21:00:00,OIL-SYN-008,2878.1,2777.4,Lakwa,ROTARY_DRILLING,6.0,26.18,70.2,21.59,16560.8,285.2,3266.5,99.3,1.424,129.08,1.467,42.1,3.83,
2023-05-11 21:30:00,OIL-SYN-008,2893.0,2791.8,Lakwa,ROTARY_DRILLING,12.67,27.24,71.8,21.77,17560.3,283.5,3337.5,99.9,1.443,129.59,1.463,47.5,3.94,
2023-05-11 22:00:00,OIL-SYN-008,2907.9,2806.1,Lakwa,ROTARY_DRILLING,12.84,24.2,55.6,18.18,17301.2,298.7,3347.3,98.2,1.459,130.95,1.491,46.5,3.93,
2023-05-11 22:30:00,OIL-SYN-008,2922.8,2820.5,Lakwa,ROTARY_DRILLING,12.77,26.4,65.6,21.66,16984.8,296.5,3141.7,100,1.433,128.84,1.471,42.8,3.34,
2023-05-11 23:00:00,OIL-SYN-008,2937.7,2834.9,Lakwa,ROTARY_DRILLING,11.68,28.04,71.9,20.43,17071.8,295.1,3389.2,100,1.444,129.23,1.462,42.1,3.07,
2023-05-11 23:30:00,OIL-SYN-008,2952.6,2849.3,Lakwa,ROTARY_DRILLING,12.44,29.02,73.8,19.73,17511.1,302.0,3462.5,97.5,1.45,128.44,1.471,49.9,3.98,
2023-05-12 00:00:00,OIL-SYN-008,2967.5,2863.7,Lakwa,ROTARY_DRILLING,10.18,24.78,70.7,21.45,16788.9,310.0,3373.7,99.7,1.44,127.86,1.46,48.6,4.72,
2023-05-12 00:30:00,OIL-SYN-008,2982.5,2878.1,Lakwa,ROTARY_DRILLING,14.58,25.07,61.5,20.66,17184.1,288.8,3432.0,98.9,1.448,129.92,1.488,48.9,4.61,
2023-05-12 01:00:00,OIL-SYN-008,2997.4,2892.5,Lakwa,ROTARY_DRILLING,9.94,25.91,69.6,18.27,17018.9,300.9,3445.0,98.6,1.452,126.65,1.468,42.8,3.39,
2023-05-12 01:30:00,OIL-SYN-008,3012.3,2906.8,Lakwa,ROTARY_DRILLING,9.15,24.8,65.8,18.88,17565.7,305.0,3301.3,98.3,1.471,128.19,1.487,44.0,5.59,
2023-05-12 02:00:00,OIL-SYN-008,3027.2,2921.2,Lakwa,ROTARY_DRILLING,5.78,24.24,67.5,19.55,17123.4,275.4,3573.8,98.7,1.47,127.99,1.499,52.1,4.47,
2023-05-12 02:30:00,OIL-SYN-008,3042.1,2935.6,Lakwa,ROTARY_DRILLING,10.46,22.8,71.7,22.46,17166.1,304.9,3290.5,99.6,1.467,126.75,1.487,50.0,4.6,
2023-05-12 03:00:00,OIL-SYN-008,3057.0,2950.0,Lakwa,ROTARY_DRILLING,14.21,22.76,75.4,22.25,18230.6,305.9,3605.7,99.3,1.456,128.66,1.467,37.3,4.55,
2023-05-12 03:30:00,OIL-SYN-008,3071.9,2964.4,Lakwa,ROTARY_DRILLING,14.52,27.29,79.0,20.58,17146.2,297.2,3444.6,98.1,1.444,129.69,1.462,53.9,2.6,
2023-05-12 04:00:00,OIL-SYN-008,3086.8,2978.8,Lakwa,ROTARY_DRILLING,16.43,26.69,67.2,21.18,17695.7,299.0,3374.3,99.5,1.459,126.94,1.499,46.8,4.94,
2023-05-12 04:30:00,OIL-SYN-008,3101.7,2993.1,Lakwa,ROTARY_DRILLING,8.59,30.26,69.0,18.16,18097.3,299.1,3233.5,98.8,1.448,126.01,1.488,45.1,4.93,
2023-05-12 05:00:00,OIL-SYN-008,3116.6,3007.5,Lakwa,ROTARY_DRILLING,13.09,26.4,73.2,20.84,16971.7,301.2,3417.3,99.2,1.456,127.04,1.496,37.2,4.65,
2023-05-12 05:30:00,OIL-SYN-008,3131.5,3021.9,Lakwa,ROTARY_DRILLING,13.48,27.01,80.3,20.6,17523.8,297.1,3310.6,100,1.462,128.9,1.49,49.2,4.85,
2023-05-12 06:00:00,OIL-SYN-008,3146.4,3036.3,Lakwa,ROTARY_DRILLING,10.3,25.15,72.9,20.39,17634.4,294.5,3415.7,99.7,1.433,127.34,1.447,44.6,4.78,
2023-05-12 06:30:00,OIL-SYN-008,3161.3,3050.7,Lakwa,ROTARY_DRILLING,10.13,28.2,59.9,23.05,16962.4,296.1,3358.7,99.2,1.465,129.01,1.487,50.5,6.06,
2023-05-12 07:00:00,OIL-SYN-008,3176.2,3065.1,Lakwa,ROTARY_DRILLING,11.68,31.11,61.6,21.87,17097.4,302.8,3363.2,98.3,1.469,127.89,1.484,42.5,3.44,
2023-05-12 07:30:00,OIL-SYN-008,3191.1,3079.4,Lakwa,ROTARY_DRILLING,12.71,24.39,59.4,19.25,17460.8,295.1,3385.4,99.1,1.495,130.25,1.515,44.6,4.59,
2023-05-12 08:00:00,OIL-SYN-008,3206.0,3093.8,Nahorkatiya Sand,ROTARY_DRILLING,12.7,29.36,70.4,20.38,17492.7,305.6,3280.7,98.6,1.502,127.91,1.52,54.2,1.94,
2023-05-12 08:30:00,OIL-SYN-008,3220.9,3108.2,Nahorkatiya Sand,ROTARY_DRILLING,9.87,27.72,54.8,22.35,16985.7,321.1,3372.9,98.7,1.466,128.44,1.502,50.1,2.15,
2023-05-12 09:00:00,OIL-SYN-008,3235.8,3122.6,Nahorkatiya Sand,ROTARY_DRILLING,12.23,23.83,70.0,21.09,17937.5,312.7,3346.0,99.2,1.494,128.33,1.529,51.2,1.71,
2023-05-12 09:30:00,OIL-SYN-008,3250.8,3137.0,Nahorkatiya Sand,ROTARY_DRILLING,12.9,30.07,74.3,20.46,18080.7,298.5,3409.5,98.1,1.469,129.53,1.505,42.8,1.87,
2023-05-12 10:00:00,OIL-SYN-008,3265.7,3151.4,Nahorkatiya Sand,ROTARY_DRILLING,12.48,26.38,57.5,21.07,17690.2,300.6,3513.7,98.9,1.486,127.75,1.501,47.5,2.7,
2023-05-12 10:30:00,OIL-SYN-008,3280.6,3165.7,Nahorkatiya Sand,ROTARY_DRILLING,11.06,25.4,59.8,21.21,17973.8,315.7,3501.2,100,1.478,129.78,1.515,45.6,2.31,
2023-05-12 11:00:00,OIL-SYN-008,3295.5,3180.1,Nahorkatiya Sand,ROTARY_DRILLING,9.52,28.26,67.1,23.2,17828.4,314.2,3532.8,97.7,1.479,128.52,1.509,49.4,2.56,
2023-05-12 11:30:00,OIL-SYN-008,3310.4,3194.5,Nahorkatiya Sand,ROTARY_DRILLING,11.76,28.45,55.6,19.71,17161.1,307.5,3433.8,98.1,1.478,126.89,1.519,49.6,0.44,
2023-05-12 12:00:00,OIL-SYN-008,3325.3,3208.9,Nahorkatiya Sand,ROTARY_DRILLING,18.47,32.02,57.9,23.09,18121.5,305.4,3386.4,99.9,1.488,127.09,1.5,55.9,2.28,
2023-05-12 12:30:00,OIL-SYN-008,3340.2,3223.3,Nahorkatiya Sand,ROTARY_DRILLING,13.32,27.6,70.2,21.99,18179.8,313.0,3487.6,98.4,1.475,128.62,1.517,44.1,2.1,
2023-05-12 13:00:00,OIL-SYN-008,3355.1,3237.7,Nahorkatiya Sand,ROTARY_DRILLING,13.93,27.27,62.5,23.77,19068.6,304.0,3493.9,99.6,1.474,128.33,1.497,50.1,1.78,
2023-05-12 13:30:00,OIL-SYN-008,3370,3252.0,Nahorkatiya Sand,ROTARY_DRILLING,10.28,26.11,67.4,22.41,17865.2,303.0,3407.3,100,1.507,127.1,1.533,44.2,3.3,
2023-05-26 06:00:00,OIL-SYN-009,1000.0,965.0,Barail,ROTARY_DRILLING,17.86,21.23,92.5,13.25,13978.9,215.8,2928.3,97.9,1.218,128.09,1.244,42.2,1.05,
2023-05-26 06:30:00,OIL-SYN-009,1017.3,981.7,Barail,ROTARY_DRILLING,17.63,22.64,88.4,12.35,14086.2,239.7,2807.1,99.0,1.223,128.11,1.241,42.8,2.05,
2023-05-26 07:00:00,OIL-SYN-009,1034.5,998.3,Barail,ROTARY_DRILLING,19.04,19.34,87.5,10.35,14240.0,232.7,2852.9,99.5,1.252,127.01,1.294,46.8,1.01,
2023-05-26 07:30:00,OIL-SYN-009,1051.8,1015.0,Barail,ROTARY_DRILLING,17.56,20.95,86.1,14.39,14263.3,229.7,2894.9,100,1.22,128.8,1.264,43.6,1.71,
2023-05-26 08:00:00,OIL-SYN-009,1069.1,1031.6,Barail,ROTARY_DRILLING,16.28,23.82,98.1,11.42,14418.4,235.3,2899.5,98.8,1.259,130.51,1.293,40.0,1.68,
2023-05-26 08:30:00,OIL-SYN-009,1086.3,1048.3,Barail,ROTARY_DRILLING,20.49,23.07,92.9,12.42,14248.1,209.4,2873.4,98.7,1.235,127.46,1.261,36.5,1.47,
2023-05-26 09:00:00,OIL-SYN-009,1103.6,1065.0,Barail,ROTARY_DRILLING,15.96,17.09,87.9,15.61,14530.5,246.5,3004.0,98.1,1.234,130.41,1.25,38.8,3.1,
2023-05-26 09:30:00,OIL-SYN-009,1120.8,1081.6,Barail,ROTARY_DRILLING,19.3,21.04,86.8,14.78,13577.0,235.3,2818.8,100,1.216,128.23,1.231,43.6,1.91,
2023-05-26 10:00:00,OIL-SYN-009,1138.1,1098.3,Barail,ROTARY_DRILLING,17.71,21.75,94.4,13.88,13700.6,239.4,2854.7,98.0,1.254,127.97,1.285,39.9,1.01,
2023-05-26 10:30:00,OIL-SYN-009,1155.4,1114.9,Barail,ROTARY_DRILLING,20.79,22.28,87.7,12.23,14675.9,222.0,2938.4,98.8,1.235,128.93,1.267,47.5,1.29,
2023-05-26 11:00:00,OIL-SYN-009,1172.6,1131.6,Barail,ROTARY_DRILLING,16.78,19.69,102.0,13.54,14367.7,220.4,2908.4,99.1,1.25,126.65,1.266,48.7,1.67,
2023-05-26 11:30:00,OIL-SYN-009,1189.9,1148.3,Barail,ROTARY_DRILLING,15.47,20.49,89.8,13.42,14382.4,230.5,2894.0,99.5,1.264,128.29,1.297,37.7,2.71,
2023-05-26 12:00:00,OIL-SYN-009,1207.2,1164.9,Barail,ROTARY_DRILLING,15.28,25.51,77.4,13.36,14542.8,245.2,2879.4,99.6,1.252,129.19,1.288,45.0,1.48,
2023-05-26 12:30:00,OIL-SYN-009,1224.4,1181.6,Barail,ROTARY_DRILLING,11.21,25.98,101.7,13.14,13934.2,238.9,2769.1,97.8,1.284,126.61,1.329,51.6,1.95,
2023-05-26 13:00:00,OIL-SYN-009,1241.7,1198.2,Barail,ROTARY_DRILLING,18.88,22.61,96.3,15.21,14856.1,227.6,2999.2,98.6,1.277,128.81,1.32,54.1,1.66,
2023-05-26 13:30:00,OIL-SYN-009,1259.0,1214.9,Barail,ROTARY_DRILLING,15.36,24.22,83.9,16.35,14664.9,245.2,2836.1,96.5,1.264,127.69,1.277,43.1,2.56,
2023-05-26 14:00:00,OIL-SYN-009,1276.2,1231.6,Barail,ROTARY_DRILLING,14.97,23.06,79.3,13.18,14295.1,240.9,2994.5,99.6,1.269,129.99,1.302,42.5,1.71,
2023-05-26 14:30:00,OIL-SYN-009,1293.5,1248.2,Barail,ROTARY_DRILLING,18.38,18.86,78.1,13.82,14305.4,236.2,3070.1,99.8,1.243,126.92,1.285,41.5,2.72,
2023-05-26 15:00:00,OIL-SYN-009,1310.8,1264.9,Barail,ROTARY_DRILLING,19.01,24.76,92.0,12.09,14261.5,240.8,2921.6,100,1.24,127.59,1.281,38.7,0.63,
2023-05-26 15:30:00,OIL-SYN-009,1328.0,1281.5,Barail,ROTARY_DRILLING,21.89,25.71,90.1,14.62,14992.5,242.8,2995.0,98.4,1.25,127.94,1.271,49.0,1.46,
2023-05-26 16:00:00,OIL-SYN-009,1345.3,1298.2,Barail,ROTARY_DRILLING,14.19,18.98,92.0,14.91,14430.2,226.8,3032.6,98.8,1.274,127.88,1.309,41.3,2.39,
2023-05-26 16:30:00,OIL-SYN-009,1362.5,1314.9,Barail,ROTARY_DRILLING,14.44,24.69,83.4,12.84,14596.0,237.5,2975.4,99.7,1.299,127.75,1.31,47.4,0.28,
2023-05-26 17:00:00,OIL-SYN-009,1379.8,1331.5,Barail,ROTARY_DRILLING,15.41,19.27,73.3,16.35,13891.5,243.6,2966.2,98.5,1.257,128.09,1.268,49.3,2.18,
2023-05-26 17:30:00,OIL-SYN-009,1397.1,1348.2,Barail,ROTARY_DRILLING,12.36,17.44,89.9,14.23,14487.9,220.9,2891.2,98.5,1.276,129.51,1.307,44.5,2.27,
2023-05-26 18:00:00,OIL-SYN-009,1414.3,1364.8,Tipam,ROTARY_DRILLING,15.65,25.48,77.1,15.84,14507.6,235.3,2968.1,98.6,1.275,128.2,1.315,51.4,1.25,
2023-05-26 18:30:00,OIL-SYN-009,1431.6,1381.5,Tipam,ROTARY_DRILLING,16.47,23.44,89.4,13.68,14820.2,235.7,2870.9,98.1,1.281,127.89,1.323,47.9,1.71,
2023-05-26 19:00:00,OIL-SYN-009,1448.9,1398.2,Tipam,ROTARY_DRILLING,16.01,20.02,96.5,14.59,15007.4,239.8,2891.6,98.5,1.283,127.49,1.326,48.5,2.03,
2023-05-26 19:30:00,OIL-SYN-009,1466.1,1414.8,Tipam,ROTARY_DRILLING,16.44,19.15,86.0,15.64,15004.3,239.4,2871.9,99.5,1.262,130.34,1.294,42.5,1.93,
2023-05-26 20:00:00,OIL-SYN-009,1483.4,1431.5,Tipam,ROTARY_DRILLING,14.3,21.53,88.1,15.09,15157.9,228.9,3012.9,98.6,1.29,128.16,1.332,51.1,1.94,
2023-05-26 20:30:00,OIL-SYN-009,1500.7,1448.1,Tipam,ROTARY_DRILLING,16.75,25.12,83.4,15.36,15069.1,250.6,3119.3,98.8,1.301,126.64,1.345,41.6,1.27,
2023-05-26 21:00:00,OIL-SYN-009,1517.9,1464.8,Tipam,ROTARY_DRILLING,18.49,19.69,84.2,14.33,14869.3,243.8,2944.7,99.4,1.312,128.8,1.323,47.0,2.63,
2023-05-26 21:30:00,OIL-SYN-009,1535.2,1481.5,Tipam,ROTARY_DRILLING,16.96,21.84,80.5,16.01,15838.2,246.1,2978.3,98.9,1.28,127.9,1.319,43.3,0.55,
2023-05-26 22:00:00,OIL-SYN-009,1552.5,1498.1,Tipam,ROTARY_DRILLING,14.45,23.1,76.2,16.77,14647.6,242.0,2987.0,99.6,1.288,129.68,1.33,45.4,0.58,
2023-05-26 22:30:00,OIL-SYN-009,1569.7,1514.8,Tipam,ROTARY_DRILLING,15.22,21.96,84.8,14.61,14978.9,250.6,3007.1,98.9,1.282,127.53,1.303,42.4,2.35,
2023-05-26 23:00:00,OIL-SYN-009,1587.0,1531.4,Tipam,ROTARY_DRILLING,16.26,22.2,79.2,16.79,14632.2,238.9,2926.8,97.5,1.295,129.79,1.306,44.5,2.62,
2023-05-26 23:30:00,OIL-SYN-009,1604.2,1548.1,Tipam,ROTARY_DRILLING,13.45,21.57,80.1,14.13,15071.5,242.2,3084.6,97.1,1.29,127.65,1.309,46.3,1.3,
2023-05-27 00:00:00,OIL-SYN-009,1621.5,1564.8,Tipam,ROTARY_DRILLING,16.21,22.67,79.6,14.18,15411.9,257.2,2870.1,99.1,1.312,126.53,1.329,45.3,2.34,
2023-05-27 00:30:00,OIL-SYN-009,1638.8,1581.4,Tipam,ROTARY_DRILLING,14.54,22.42,92.8,15.3,15020.5,260.9,2972.6,98.5,1.276,128.49,1.293,49.1,0.71,
2023-05-27 01:00:00,OIL-SYN-009,1656.0,1598.1,Tipam,ROTARY_DRILLING,14.66,21.67,72.6,15.56,15465.0,256.6,2981.2,99.5,1.336,127.56,1.38,48.2,1.46,
2023-05-27 01:30:00,OIL-SYN-009,1673.3,1614.7,Tipam,ROTARY_DRILLING,17.79,20.38,80.8,17.48,14301.4,242.7,3107.6,99.4,1.331,128.2,1.356,46.6,2.11,
2023-05-27 02:00:00,OIL-SYN-009,1690.6,1631.4,Tipam,ROTARY_DRILLING,18.36,22.16,81.1,17.22,15268.5,254.9,3104.0,100,1.292,128.1,1.309,48.0,1.51,
2023-05-27 02:30:00,OIL-SYN-009,1707.8,1648.1,Tipam,ROTARY_DRILLING,14.58,19.89,71.1,16.77,14518.3,259.2,3009.1,100,1.3,129.59,1.344,40.1,0,
2023-05-27 03:00:00,OIL-SYN-009,1725.1,1664.7,Tipam,ROTARY_DRILLING,14.38,23.72,90.1,14.98,15662.9,245.0,2884.8,98.8,1.314,126.84,1.325,37.6,2.12,
2023-05-27 03:30:00,OIL-SYN-009,1742.4,1681.4,Tipam,ROTARY_DRILLING,15.87,22.59,92.9,14.19,14984.4,256.8,3173.7,99.4,1.325,128.54,1.363,43.2,1.27,
2023-05-27 04:00:00,OIL-SYN-009,1759.6,1698.0,Tipam,ROTARY_DRILLING,20.47,22.32,73.6,17.09,15956.3,259.1,3026.6,99.0,1.311,129.65,1.343,52.1,2.58,
2023-05-27 04:30:00,OIL-SYN-009,1776.9,1714.7,Tipam,ROTARY_DRILLING,14.68,22.65,79.3,17.02,15213.0,257.1,2894.1,98.6,1.315,130.23,1.358,51.5,2.24,
2023-05-27 05:00:00,OIL-SYN-009,1794.2,1731.4,Tipam,ROTARY_DRILLING,12.16,26.82,95.8,14.37,15119.2,241.2,3084.2,98.6,1.306,127.16,1.343,45.0,1.64,
2023-05-27 05:30:00,OIL-SYN-009,1811.4,1748.0,Tipam,ROTARY_DRILLING,15.7,20.53,96.3,15.5,15778.9,249.6,2972.1,99.0,1.329,127.48,1.352,47.4,1.59,
2023-05-27 06:00:00,OIL-SYN-009,1828.7,1764.7,Tipam,ROTARY_DRILLING,16.75,20.01,75.5,16.22,15868.6,236.4,3067.7,97.9,1.332,128.43,1.377,37.5,1.31,
2023-05-27 06:30:00,OIL-SYN-009,1845.9,1781.3,Tipam,ROTARY_DRILLING,15.1,22.41,71.5,10.7,15664.6,257.2,2968.9,99.1,1.314,129.34,1.352,51.8,1.36,
2023-05-27 07:00:00,OIL-SYN-009,1863.2,1798.0,Tipam,ROTARY_DRILLING,14.38,27.28,85.5,16.86,15351.4,255.8,2996.6,98.7,1.322,126.57,1.356,52.6,1.98,
2023-05-27 07:30:00,OIL-SYN-009,1880.5,1814.7,Tipam,ROTARY_DRILLING,12.49,25.85,91.0,18.67,15719.3,234.9,2992.7,98.2,1.375,128.35,1.401,42.5,2.82,
2023-05-27 08:00:00,OIL-SYN-009,1897.7,1831.3,Tipam,ROTARY_DRILLING,14.93,18.97,79.5,16.34,15563.0,252.2,2997.6,98.8,1.323,127.83,1.365,52.0,0,
2023-05-27 08:30:00,OIL-SYN-009,1915.0,1848.0,Tipam,ROTARY_DRILLING,12.06,22.8,86.5,16.04,15485.0,272.7,3165.3,100,1.328,127.15,1.348,45.1,2.76,
2023-05-27 09:00:00,OIL-SYN-009,1932.3,1864.6,Tipam,ROTARY_DRILLING,14.26,22.28,72.2,15.41,15259.8,257.8,2998.4,104.6,1.323,134.23,1.354,41.5,10.88,KICK
2023-05-27 09:30:00,OIL-SYN-009,1949.5,1881.3,Tipam,ROTARY_DRILLING,15.42,22.61,87.5,15.51,15087.9,258.3,3170.4,111.5,1.352,140.31,1.378,50.4,9.83,KICK
2023-05-27 10:00:00,OIL-SYN-009,1966.8,1898.0,Tipam,ROTARY_DRILLING,14.16,24.72,89.6,16.28,15696.7,250.8,3167.5,110.5,1.352,137.98,1.364,44.5,6.34,KICK
2023-05-27 10:30:00,OIL-SYN-009,1984.1,1914.6,Tipam,ROTARY_DRILLING,15.74,21.84,76.5,15.77,15203.4,261.3,3139.7,109.9,1.347,135.33,1.375,39.7,10.28,KICK
2023-05-27 11:00:00,OIL-SYN-009,2001.3,1931.3,Tipam,ROTARY_DRILLING,12.67,27.46,83.9,18.36,15764.1,260.6,3070.7,108.6,1.354,136.8,1.367,39.5,6.64,KICK
2023-05-27 11:30:00,OIL-SYN-009,2018.6,1947.9,Tipam,ROTARY_DRILLING,13.38,21.6,99.4,17.58,15544.2,262.0,3090.2,107.6,1.346,136.41,1.39,45.8,9.39,KICK
2023-05-27 12:00:00,OIL-SYN-009,2035.8,1964.6,Tipam,ROTARY_DRILLING,18.95,25.25,73.7,17.94,16077.5,259.3,3036.7,110.0,1.359,138.81,1.391,38.0,7.37,KICK
2023-05-27 12:30:00,OIL-SYN-009,2053.1,1981.3,Girujan,ROTARY_DRILLING,12.64,26.33,69.3,15.59,15846.9,261.8,3124.3,105.7,1.35,140.36,1.386,68.9,10.94,KICK
2023-05-27 13:00:00,OIL-SYN-009,2070.4,1997.9,Girujan,ROTARY_DRILLING,18.86,23.6,91.6,15.87,15273.5,270.3,3108.8,98.3,1.353,129.03,1.387,70.9,1.67,
2023-05-27 13:30:00,OIL-SYN-009,2087.6,2014.6,Girujan,ROTARY_DRILLING,15.44,25.56,86.6,18.06,16218.7,259.9,3160.1,100,1.348,127.48,1.385,58.1,2.17,
2023-05-27 14:00:00,OIL-SYN-009,2104.9,2031.2,Girujan,ROTARY_DRILLING,13.77,23.55,98.3,16.54,15596.8,261.3,3153.0,98.2,1.354,127.94,1.369,74.6,0.72,
2023-05-27 14:30:00,OIL-SYN-009,2122.2,2047.9,Girujan,ROTARY_DRILLING,16.18,21.77,81.2,15.27,16946.8,271.9,3175.6,99.3,1.368,126.19,1.406,64.8,1.9,
2023-05-27 15:00:00,OIL-SYN-009,2139.4,2064.6,Girujan,ROTARY_DRILLING,12.42,25.45,71.0,16.82,15746.2,258.2,3118.4,100,1.364,126.64,1.374,69.1,1.26,
2023-05-27 15:30:00,OIL-SYN-009,2156.7,2081.2,Girujan,ROTARY_DRILLING,15.11,23.86,70.3,19.57,15801.7,266.4,3237.6,99.5,1.354,128.34,1.373,75.1,2.78,
2023-05-27 16:00:00,OIL-SYN-009,2174.0,2097.9,Girujan,ROTARY_DRILLING,16.67,21.64,78.1,17.36,15675.7,261.2,3134.5,98.0,1.361,128.01,1.379,65.6,0.48,
2023-05-27 16:30:00,OIL-SYN-009,2191.2,2114.5,Girujan,ROTARY_DRILLING,14.47,21.94,86.9,17.52,16669.8,268.7,3020.8,98.6,1.35,129.54,1.382,70.5,1.08,
2023-05-27 17:00:00,OIL-SYN-009,2208.5,2131.2,Girujan,ROTARY_DRILLING,12.41,23.14,78.8,19.52,16185.0,257.9,3039.7,98.3,1.361,128.11,1.402,70.1,2.09,
2023-05-27 17:30:00,OIL-SYN-009,2225.8,2147.9,Girujan,ROTARY_DRILLING,14.83,24.6,69.0,17.78,16427.6,265.6,3310.7,99.0,1.382,127.54,1.422,71.8,2.77,
2023-05-27 18:00:00,OIL-SYN-009,2243.0,2164.5,Girujan,ROTARY_DRILLING,16.15,25.12,66.3,17.61,16808.3,267.9,3235.6,100,1.352,128.26,1.377,63.2,1.64,
2023-05-27 18:30:00,OIL-SYN-009,2260.3,2181.2,Girujan,ROTARY_DRILLING,12.11,27.71,76.7,19.02,16047.6,264.7,3230.5,99.1,1.367,128.88,1.411,75.7,1.89,
2023-05-27 19:00:00,OIL-SYN-009,2277.5,2197.8,Girujan,ROTARY_DRILLING,13.93,27.61,86.3,16.71,16093.4,248.9,3212.1,99.5,1.381,129.08,1.409,70.9,0.72,
2023-05-27 19:30:00,OIL-SYN-009,2294.8,2214.5,Girujan,ROTARY_DRILLING,14.96,26.44,76.2,17.84,15568.5,266.2,3151.2,98.4,1.382,128.0,1.41,66.0,2.21,
2023-05-27 20:00:00,OIL-SYN-009,2312.1,2231.2,Girujan,ROTARY_DRILLING,15.12,20.93,65.8,18.29,16184.1,280.5,3278.0,97.9,1.382,128.11,1.414,66.2,2.34,
2023-05-27 20:30:00,OIL-SYN-009,2329.3,2247.8,Girujan,ROTARY_DRILLING,10.8,19.8,85.9,18.46,16344.8,273.1,3027.8,99.7,1.385,128.62,1.427,70.6,1.61,
2023-05-27 21:00:00,OIL-SYN-009,2346.6,2264.5,Girujan,ROTARY_DRILLING,16.78,28.33,75.9,43.03,16342.9,264.9,3190.5,98.6,1.396,128.88,1.436,79.1,1.87,TORQUE_SPIKE
2023-05-27 21:30:00,OIL-SYN-009,2363.9,2281.1,Girujan,ROTARY_DRILLING,10.13,22.34,75.7,32.57,16598.1,284.5,3318.3,99.0,1.399,127.51,1.425,71.9,2.44,TORQUE_SPIKE
2023-05-27 22:00:00,OIL-SYN-009,2381.1,2297.8,Girujan,ROTARY_DRILLING,11.32,26.39,76.7,37.76,16183.2,260.9,2959.6,98.2,1.39,128.2,1.427,71.0,1.31,TORQUE_SPIKE
2023-05-27 22:30:00,OIL-SYN-009,2398.4,2314.5,Girujan,ROTARY_DRILLING,12.76,22.59,67.4,45.43,16649.1,280.1,3207.4,100,1.395,127.9,1.432,75.2,2.22,TORQUE_SPIKE
2023-05-27 23:00:00,OIL-SYN-009,2415.7,2331.1,Girujan,ROTARY_DRILLING,12.39,24.98,74.8,46.73,16782.6,262.8,3216.8,100,1.39,128.58,1.422,65.0,1.88,TORQUE_SPIKE
2023-05-27 23:30:00,OIL-SYN-009,2432.9,2347.8,Girujan,ROTARY_DRILLING,14.08,26.29,68.5,48.48,16918.2,271.1,3150.4,98.5,1.366,128.32,1.396,75.9,1.05,TORQUE_SPIKE
2023-05-28 00:00:00,OIL-SYN-009,2450.2,2364.4,Girujan,ROTARY_DRILLING,14.56,26.46,88.0,38.31,16508.9,277.7,3197.9,99.6,1.421,127.38,1.452,75.9,1.43,TORQUE_SPIKE
2023-05-28 00:30:00,OIL-SYN-009,2467.5,2381.1,Girujan,ROTARY_DRILLING,8.86,27.21,65.6,45.43,16527.1,288.6,3244.5,98.8,1.414,128.43,1.449,73.5,2.07,TORQUE_SPIKE
2023-05-28 01:00:00,OIL-SYN-009,2484.7,2397.8,Girujan,ROTARY_DRILLING,16.52,25.77,82.8,20.6,16818.6,281.2,3351.2,100,1.394,126.93,1.424,70.2,2.15,
2023-05-28 01:30:00,OIL-SYN-009,2502.0,2414.4,Girujan,ROTARY_DRILLING,15.28,23.57,75.9,19.2,16132.9,268.5,3341.8,98.4,1.399,128.72,1.424,74.7,0.76,
2023-05-28 02:00:00,OIL-SYN-009,2519.2,2431.1,Girujan,ROTARY_DRILLING,12.72,27.28,63.6,17.61,16526.4,268.3,3234.8,97.5,1.38,129.23,1.422,79.2,1.86,
2023-05-28 02:30:00,OIL-SYN-009,2536.5,2447.7,Girujan,ROTARY_DRILLING,12.91,22.57,68.1,18.98,16244.3,272.6,3284.1,99.3,1.398,127.46,1.438,69.3,1.98,
2023-05-28 03:00:00,OIL-SYN-009,2553.8,2464.4,Lakwa,ROTARY_DRILLING,15.44,25.09,73.4,19.23,16473.2,265.9,3171.0,98.8,1.372,128.09,1.385,43.2,4.89,
2023-05-28 03:30:00,OIL-SYN-009,2571.0,2481.1,Lakwa,ROTARY_DRILLING,14.46,30.5,61.7,18.88,16153.5,267.9,3211.5,100,1.42,128.33,1.452,43.4,3.53,
2023-05-28 04:00:00,OIL-SYN-009,2588.3,2497.7,Lakwa,ROTARY_DRILLING,12.74,23.69,85.2,19.37,17444.9,261.8,3280.6,99.6,1.405,128.26,1.44,44.5,3.36,
2023-05-28 04:30:00,OIL-SYN-009,2605.6,2514.4,Lakwa,ROTARY_DRILLING,14.07,25.04,74.0,19.15,16301.8,285.3,3285.1,100,1.407,128.14,1.448,50.7,4.53,
2023-05-28 05:00:00,OIL-SYN-009,2622.8,2531.0,Lakwa,ROTARY_DRILLING,13.94,25.76,76.8,18.91,17151.3,283.1,3448.5,97.7,1.388,128.08,1.399,44.3,4.77,
2023-05-28 05:30:00,OIL-SYN-009,2640.1,2547.7,Lakwa,ROTARY_DRILLING,10.89,26.72,62.2,17.66,16487.4,281.3,3342.0,100,1.411,128.02,1.424,48.3,3.43,
2023-05-28 06:00:00,OIL-SYN-009,2657.4,2564.4,Lakwa,ROTARY_DRILLING,12.94,25.56,58.7,19.55,17421.7,274.9,3166.2,99.1,1.418,126.74,1.432,40.7,4.02,
2023-05-28 06:30:00,OIL-SYN-009,2674.6,2581.0,Lakwa,ROTARY_DRILLING,11.72,26.0,76.6,18.06,17011.4,286.1,3426.0,97.9,1.415,127.56,1.433,51.2,4.03,
2023-05-28 07:00:00,OIL-SYN-009,2691.9,2597.7,Lakwa,ROTARY_DRILLING,15.73,26.42,70.4,20.59,17274.8,281.2,3209.2,100,1.411,127.06,1.435,52.9,4.1,
2023-05-28 07:30:00,OIL-SYN-009,2709.2,2614.3,Lakwa,ROTARY_DRILLING,13.75,20.62,66.4,16.97,16979.3,272.7,3137.0,98.8,1.42,129.08,1.431,48.6,5.18,
2023-05-28 08:00:00,OIL-SYN-009,2726.4,2631.0,Lakwa,ROTARY_DRILLING,7.84,27.45,59.6,18.94,17183.6,291.4,3190.2,98.8,1.416,126.97,1.431,40.5,4.36,
2023-05-28 08:30:00,OIL-SYN-009,2743.7,2647.7,Lakwa,ROTARY_DRILLING,11.57,26.68,82.8,22.54,17086.0,270.1,3186.9,99.6,1.435,128.21,1.462,41.9,3.53,
2023-05-28 09:00:00,OIL-SYN-009,2760.9,2664.3,Lakwa,ROTARY_DRILLING,19.2,28.15,56.6,19.44,17204.9,283.0,3260.1,98.7,1.429,129.6,1.457,44.4,4.61,
2023-05-28 09:30:00,OIL-SYN-009,2778.2,2681.0,Lakwa,ROTARY_DRILLING,13.58,26.1,70.9,18.85,16905.7,293.6,3147.9,99.9,1.436,127.71,1.476,44.0,5.63,
2023-05-28 10:00:00,OIL-SYN-009,2795.5,2697.6,Lakwa,ROTARY_DRILLING,19.34,22.42,77.0,22.09,17707.6,292.8,3365.7,99.0,1.425,127.22,1.449,43.5,3.67,CEMENTING_ISSUE
2023-05-28 10:30:00,OIL-SYN-009,2812.7,2714.3,Lakwa,ROTARY_DRILLING,11.35,29.73,56.7,18.96,17887.2,290.5,3328.1,99.6,1.418,128.88,1.456,43.9,5.3,CEMENTING_ISSUE
2023-05-28 11:00:00,OIL-SYN-009,2830.0,2730.9,Lakwa,ROTARY_DRILLING,10.97,28.65,76.9,21.84,17396.9,277.0,3288.7,98.3,1.425,128.59,1.453,41.1,4.44,CEMENTING_ISSUE
2023-05-28 11:30:00,OIL-SYN-009,2847.3,2747.6,Lakwa,ROTARY_DRILLING,13.64,28.65,52.0,19.82,18415.4,312.6,3288.7,98.4,1.438,126.65,1.476,42.4,5.21,CEMENTING_ISSUE
2023-05-28 12:00:00,OIL-SYN-009,2864.5,2764.3,Lakwa,ROTARY_DRILLING,16.04,27.65,75.7,21.2,18608.8,287.6,3353.5,99.1,1.45,130.07,1.465,46.9,4.01,CEMENTING_ISSUE
2023-05-28 12:30:00,OIL-SYN-009,2881.8,2780.9,Lakwa,ROTARY_DRILLING,9.9,27.42,61.8,20.72,18359.8,288.9,3417.0,98.3,1.423,127.81,1.445,50.5,5.18,CEMENTING_ISSUE
2023-05-28 13:00:00,OIL-SYN-009,2899.1,2797.6,Lakwa,ROTARY_DRILLING,12.05,22.81,79.7,19.5,17843.7,289.5,3298.4,98.1,1.442,129.47,1.463,42.6,3.47,CEMENTING_ISSUE
2023-05-28 13:30:00,OIL-SYN-009,2916.3,2814.2,Lakwa,ROTARY_DRILLING,11.66,24.05,68.3,20.61,18468.8,285.7,3313.9,100.0,1.434,127.18,1.473,49.5,4.15,CEMENTING_ISSUE
2023-05-28 14:00:00,OIL-SYN-009,2933.6,2830.9,Lakwa,ROTARY_DRILLING,6.76,31.49,57.5,19.34,16816.5,306.1,3368.3,98.9,1.421,128.64,1.443,56.1,4.85,
2023-05-28 14:30:00,OIL-SYN-009,2950.8,2847.6,Lakwa,ROTARY_DRILLING,10.66,26.85,56.4,20.18,17080.0,286.8,3383.7,99.2,1.425,128.11,1.45,42.2,3.65,
2023-05-28 15:00:00,OIL-SYN-009,2968.1,2864.2,Lakwa,ROTARY_DRILLING,8.66,25.35,64.5,20.48,17095.8,307.9,3230.9,98.5,1.449,128.66,1.493,46.4,4.57,
2023-05-28 15:30:00,OIL-SYN-009,2985.4,2880.9,Lakwa,ROTARY_DRILLING,15.42,25.45,70.7,18.23,17190.0,304.9,3267.3,98.2,1.469,130.08,1.487,43.9,4.17,
2023-05-28 16:00:00,OIL-SYN-009,3002.6,2897.5,Lakwa,ROTARY_DRILLING,11.38,24.04,74.6,20.05,17733.4,297.4,3346.9,99.7,1.481,126.7,1.5,47.5,3.39,
2023-05-28 16:30:00,OIL-SYN-009,3019.9,2914.2,Lakwa,ROTARY_DRILLING,17.71,24.13,75.3,20.8,17169.8,297.9,3240.0,100.0,1.461,126.25,1.501,43.4,5.11,
2023-05-28 17:00:00,OIL-SYN-009,3037.2,2930.9,Lakwa,ROTARY_DRILLING,13.45,26.14,71.4,19.76,17263.8,299.3,3312.4,99.4,1.475,128.64,1.488,42.3,4.04,
2023-05-28 17:30:00,OIL-SYN-009,3054.4,2947.5,Lakwa,ROTARY_DRILLING,16.58,21.73,58.7,22.64,16940.4,294.0,3178.1,100,1.462,127.52,1.476,50.3,5.16,
2023-05-28 18:00:00,OIL-SYN-009,3071.7,2964.2,Lakwa,ROTARY_DRILLING,13.95,25.57,57.9,19.86,17839.6,302.8,3405.3,98.5,1.45,128.76,1.485,36.9,4.55,
2023-05-28 18:30:00,OIL-SYN-009,3089.0,2980.8,Lakwa,ROTARY_DRILLING,12.6,26.59,68.1,20.7,17216.4,299.7,3484.5,98.2,1.458,128.12,1.496,50.4,2.83,
2023-05-28 19:00:00,OIL-SYN-009,3106.2,2997.5,Lakwa,ROTARY_DRILLING,12.62,29.91,59.4,22.42,17894.5,292.8,3304.4,99.3,1.473,127.14,1.508,32.2,3.32,
2023-05-28 19:30:00,OIL-SYN-009,3123.5,3014.2,Lakwa,ROTARY_DRILLING,12.99,20.07,65.7,19.46,17326.3,295.1,3425.4,99.7,1.46,129.06,1.495,37.4,5.22,
2023-05-28 20:00:00,OIL-SYN-009,3140.8,3030.8,Lakwa,ROTARY_DRILLING,11.98,30.1,54.0,20.47,17080.7,304.4,3300.1,98.5,1.465,129.43,1.481,44.4,3.32,
2023-05-28 20:30:00,OIL-SYN-009,3158.0,3047.5,Lakwa,ROTARY_DRILLING,15.31,29.58,52.2,22.33,17511.1,301.5,3459.0,100,1.454,127.72,1.478,46.2,2.6,
2023-05-28 21:00:00,OIL-SYN-009,3175.3,3064.1,Lakwa,ROTARY_DRILLING,10.36,27.05,65.7,20.72,17173.4,296.4,3397.1,100,1.481,127.73,1.521,56.3,4.38,
2023-05-28 21:30:00,OIL-SYN-009,3192.5,3080.8,Lakwa,ROTARY_DRILLING,13.16,29.3,69.0,20.71,17289.2,314.5,3355.9,99.1,1.476,126.45,1.493,43.4,3.87,
2023-05-28 22:00:00,OIL-SYN-009,3209.8,3097.5,Nahorkatiya Sand,ROTARY_DRILLING,11.3,21.9,71.1,19.49,17855.9,285.4,3508.3,99.0,1.472,127.44,1.485,46.6,1.14,
2023-05-28 22:30:00,OIL-SYN-009,3227.1,3114.1,Nahorkatiya Sand,NPT,0,26.07,66.1,21.09,17389.5,293.9,3513.0,99.1,1.487,128.74,1.531,40.8,1.77,NPT
2023-05-28 23:00:00,OIL-SYN-009,3244.3,3130.8,Nahorkatiya Sand,NPT,0,28.67,62.6,22.42,18173.5,300.6,3540.0,99.4,1.455,127.86,1.47,49.9,2.5,NPT
2023-05-28 23:30:00,OIL-SYN-009,3261.6,3147.4,Nahorkatiya Sand,NPT,0,28.29,62.7,20.8,17930.4,302.4,3412.9,97.9,1.487,126.67,1.498,47.6,1.98,NPT
2023-05-29 00:00:00,OIL-SYN-009,3278.9,3164.1,Nahorkatiya Sand,NPT,0,26.28,60.8,23.72,18075.4,324.3,3307.9,100,1.506,128.0,1.537,39.0,1.97,NPT
2023-05-29 00:30:00,OIL-SYN-009,3296.1,3180.8,Nahorkatiya Sand,NPT,0,23.67,73.2,20.33,17622.0,310.2,3378.8,98.8,1.499,128.98,1.537,49.9,1.74,NPT
2023-05-29 01:00:00,OIL-SYN-009,3313.4,3197.4,Nahorkatiya Sand,NPT,0,26.01,58.2,19.33,17891.9,303.0,3411.3,100,1.512,128.47,1.537,42.9,1.73,NPT
2023-05-29 01:30:00,OIL-SYN-009,3330.7,3214.1,Nahorkatiya Sand,NPT,0,21.48,50,21.81,17442.2,308.3,3484.3,99.2,1.481,127.84,1.504,45.4,2.18,NPT
2023-05-29 02:00:00,OIL-SYN-009,3347.9,3230.7,Nahorkatiya Sand,NPT,0,26.06,59.5,19.62,18662.1,296.2,3404.4,100,1.505,127.19,1.516,51.2,1.74,NPT
2023-05-29 02:30:00,OIL-SYN-009,3365.2,3247.4,Nahorkatiya Sand,ROTARY_DRILLING,11.63,27.85,77.5,20.54,18016.1,295.5,3438.1,98.7,1.499,127.11,1.535,45.5,1.45,
2023-05-29 03:00:00,OIL-SYN-009,3382.5,3264.1,Nahorkatiya Sand,ROTARY_DRILLING,14.72,24.51,81.0,22.54,17459.5,287.1,3465.6,98.6,1.478,127.44,1.511,52.6,1.78,
2023-05-29 03:30:00,OIL-SYN-009,3399.7,3280.7,Nahorkatiya Sand,ROTARY_DRILLING,9.84,26.53,63.6,22.87,17899.8,310.1,3423.2,99.8,1.496,128.66,1.526,48.4,3.29,
2023-05-29 04:00:00,OIL-SYN-009,3417.0,3297.4,Nahorkatiya Sand,ROTARY_DRILLING,12.69,28.26,67.2,25.84,18912.6,301.9,3448.5,98.9,1.515,127.93,1.531,41.4,1.95,
2023-05-29 04:30:00,OIL-SYN-009,3434.2,3314.0,Nahorkatiya Sand,ROTARY_DRILLING,11.57,33.38,57.2,21.93,18221.0,305.6,3373.2,99.0,1.501,128.28,1.514,44.2,2.22,
2023-05-29 05:00:00,OIL-SYN-009,3451.5,3330.7,Nahorkatiya Sand,ROTARY_DRILLING,13.21,29.01,65.6,21.89,18192.5,322.1,3493.3,98.5,1.511,128.03,1.554,45.5,1.62,
2023-05-29 05:30:00,OIL-SYN-009,3468.8,3347.4,Nahorkatiya Sand,ROTARY_DRILLING,11.6,28.63,59.4,23.22,18010.8,306.5,3556.4,99.5,1.499,127.2,1.535,55.4,2.36,
2023-05-29 06:00:00,OIL-SYN-009,3486.0,3364.0,Nahorkatiya Sand,ROTARY_DRILLING,12.82,29.31,67.8,24.1,17919.6,309.9,3398.9,98.7,1.494,127.46,1.534,42.3,1.64,
2023-05-29 06:30:00,OIL-SYN-009,3503.3,3380.7,Nahorkatiya Sand,ROTARY_DRILLING,11.99,27.92,53.6,22.97,18364.3,304.1,3502.5,100,1.515,128.22,1.541,45.6,2.17,
2023-05-29 07:00:00,OIL-SYN-009,3520.6,3397.3,Nahorkatiya Sand,ROTARY_DRILLING,13.84,33.42,62.5,22.42,17742.1,308.1,3575.1,99.6,1.503,125.44,1.521,40.0,2.2,
2023-05-29 07:30:00,OIL-SYN-009,3537.8,3414.0,Nahorkatiya Sand,ROTARY_DRILLING,9.43,25.01,60.2,20.84,17966.7,309.6,3421.4,97.7,1.527,126.89,1.569,45.8,2.35,
2023-05-29 08:00:00,OIL-SYN-009,3555.1,3430.7,Nahorkatiya Sand,ROTARY_DRILLING,14.4,27.85,82.9,22.39,18788.6,306.3,3457.9,99.3,1.522,128.93,1.54,46.3,3.05,
2023-05-29 08:30:00,OIL-SYN-009,3572.4,3447.3,Nahorkatiya Sand,ROTARY_DRILLING,16.6,30.39,56.9,22.02,18068.5,303.2,3488.0,98.2,1.484,126.51,1.508,45.9,0.81,
2023-05-29 09:00:00,OIL-SYN-009,3589.6,3464.0,Nahorkatiya Sand,ROTARY_DRILLING,14.86,30.72,69.5,22.42,18144.6,324.5,3368.3,99.2,1.536,127.65,1.559,34.3,2.09,
2023-05-29 09:30:00,OIL-SYN-009,3606.9,3480.6,Nahorkatiya Sand,ROTARY_DRILLING,19.12,28.19,60.6,24.09,18424.8,318.8,3597.9,98.1,1.486,128.39,1.515,46.9,1.73,
2023-05-29 10:00:00,OIL-SYN-009,3624.2,3497.3,Nahorkatiya Sand,ROTARY_DRILLING,9.58,24.46,54.2,23.85,18334.7,316.2,3533.0,99.5,1.496,126.19,1.536,40.0,1.67,
2023-05-29 10:30:00,OIL-SYN-009,3641.4,3514.0,Nahorkatiya Sand,ROTARY_DRILLING,12.12,29.88,53.5,22.97,18035.1,316.6,3373.0,98.5,1.528,127.48,1.541,43.3,1.73,
2023-05-29 11:00:00,OIL-SYN-009,3658.7,3530.6,Nahorkatiya Sand,ROTARY_DRILLING,9.31,30.64,64.5,22.44,17654.3,319.5,3507.7,100.0,1.524,127.9,1.555,51.6,2.35,
2023-05-29 11:30:00,OIL-SYN-009,3675.9,3547.3,Nahorkatiya Sand,ROTARY_DRILLING,13.81,29.43,65.4,22.51,18859.2,315.6,3585.8,98.1,1.537,128.35,1.575,43.0,1.78,
2023-05-29 12:00:00,OIL-SYN-009,3693.2,3563.9,Nahorkatiya Sand,ROTARY_DRILLING,12.24,30.75,68.8,26.3,18864.2,299.9,3517.5,99.1,1.522,128.86,1.557,46.3,1.94,
2023-05-29 12:30:00,OIL-SYN-009,3710.5,3580.6,Barail,ROTARY_DRILLING,10.87,31.4,50,23.03,18501.7,307.7,3428.7,99.0,1.537,127.87,1.57,48.3,1.93,
2023-05-29 13:00:00,OIL-SYN-009,3727.7,3597.3,Barail,ROTARY_DRILLING,15.8,28.44,58.3,23.95,18875.2,336.5,3567.6,98.5,1.54,128.97,1.578,42.4,2.05,
2023-05-29 13:30:00,OIL-SYN-009,3745,3613.9,Barail,ROTARY_DRILLING,16.44,33.83,53.5,22.82,17862.4,314.3,3510.7,98.6,1.539,128.85,1.555,46.3,1.37,
2023-06-12 06:00:00,OIL-SYN-010,1000.0,965.0,Barail,ROTARY_DRILLING,17.55,20.52,97.8,11.81,13467.8,232.5,2907.9,98.0,1.223,126.72,1.244,44.6,1.8,
2023-06-12 06:30:00,OIL-SYN-010,1019.1,983.5,Barail,ROTARY_DRILLING,16.62,20.32,100.1,13.24,14731.2,231.8,2953.9,98.3,1.238,126.48,1.258,42.8,1.29,
2023-06-12 07:00:00,OIL-SYN-010,1038.2,1001.9,Barail,ROTARY_DRILLING,16.56,23.1,92.7,14.27,14575.4,231.0,2806.7,98.4,1.218,127.7,1.234,40.1,1.17,
2023-06-12 07:30:00,OIL-SYN-010,1057.4,1020.4,Barail,ROTARY_DRILLING,15.3,20.8,100.0,12.79,14837.8,222.9,2899.9,98.5,1.229,128.21,1.248,41.5,0.63,
2023-06-12 08:00:00,OIL-SYN-010,1076.5,1038.8,Barail,ROTARY_DRILLING,16.49,23.37,100.3,14.02,13961.5,226.4,2991.7,98.9,1.245,127.84,1.263,48.9,1.88,
2023-06-12 08:30:00,OIL-SYN-010,1095.6,1057.3,Barail,ROTARY_DRILLING,14.46,23.65,91.5,14.32,14160.9,230.4,2782.2,99.3,1.258,127.81,1.3,49.9,2.1,
2023-06-12 09:00:00,OIL-SYN-010,1114.7,1075.7,Barail,ROTARY_DRILLING,18.74,20.06,76.1,13.74,13993.3,238.5,2730.2,99.2,1.265,127.12,1.308,43.9,2.88,
2023-06-12 09:30:00,OIL-SYN-010,1133.8,1094.2,Barail,ROTARY_DRILLING,19.79,18.28,94.8,14.48,14480.3,234.9,2788.2,99.1,1.263,127.29,1.29,42.0,2.15,
2023-06-12 10:00:00,OIL-SYN-010,1153.0,1112.6,Barail,ROTARY_DRILLING,22.73,21.1,81.1,14.07,13933.5,231.2,2904.4,98.6,1.282,126.75,1.296,52.2,0.48,
2023-06-12 10:30:00,OIL-SYN-010,1172.1,1131.1,Barail,ROTARY_DRILLING,16.32,21.02,87.0,12.79,14270.1,228.2,2934.8,100,1.248,127.03,1.273,46.5,1.38,
2023-06-12 11:00:00,OIL-SYN-010,1191.2,1149.5,Barail,ROTARY_DRILLING,10.27,28.37,95.6,12.81,13935.0,228.0,2812.2,97.8,1.238,128.45,1.248,41.6,1.8,
2023-06-12 11:30:00,OIL-SYN-010,1210.3,1168.0,Barail,ROTARY_DRILLING,13.35,16.81,91.3,14.19,13937.1,235.5,2938.5,99.6,1.27,127.1,1.282,41.3,3.08,
2023-06-12 12:00:00,OIL-SYN-010,1229.4,1186.4,Barail,ROTARY_DRILLING,12.7,22.4,81.0,12.79,15073.5,235.7,3028.7,99.9,1.247,126.77,1.269,48.7,1.11,
2023-06-12 12:30:00,OIL-SYN-010,1248.6,1204.9,Barail,ROTARY_DRILLING,13.57,23.45,96.0,13.96,14931.5,233.0,2863.2,99.2,1.258,127.13,1.29,42.6,3.18,
2023-06-12 13:00:00,OIL-SYN-010,1267.7,1223.3,Barail,ROTARY_DRILLING,18.8,19.74,74.1,13.21,14401.0,226.4,2995.9,99.5,1.282,129.47,1.32,53.8,2.49,
2023-06-12 13:30:00,OIL-SYN-010,1286.8,1241.8,Barail,ROTARY_DRILLING,16.75,22.76,95.5,11.77,14314.8,230.1,2871.8,98.6,1.274,128.02,1.286,44.4,1.15,
2023-06-12 14:00:00,OIL-SYN-010,1305.9,1260.2,Barail,ROTARY_DRILLING,20.64,23.34,90.9,14.78,14902.0,243.1,2750.7,99.3,1.235,126.91,1.275,45.3,1.47,
2023-06-12 14:30:00,OIL-SYN-010,1325.0,1278.7,Barail,ROTARY_DRILLING,14.49,24.68,93.3,15.34,14723.9,233.5,2910.4,98.7,1.273,129.19,1.292,38.8,3.42,
2023-06-12 15:00:00,OIL-SYN-010,1344.2,1297.1,Barail,ROTARY_DRILLING,19.73,17.64,94.2,11.75,15357.6,234.7,2951.8,99.2,1.291,127.7,1.332,44.6,1.51,
2023-06-12 15:30:00,OIL-SYN-010,1363.3,1315.6,Barail,ROTARY_DRILLING,18.87,18.55,90.7,14.08,15133.6,236.5,3091.0,98.7,1.275,128.09,1.32,41.2,2.73,
2023-06-12 16:00:00,OIL-SYN-010,1382.4,1334.0,Barail,ROTARY_DRILLING,16.03,26.92,90.7,15.54,14681.6,229.3,2919.2,100,1.268,126.24,1.281,49.7,2.2,
2023-06-12 16:30:00,OIL-SYN-010,1401.5,1352.5,Tipam,ROTARY_DRILLING,15.88,22.2,76.6,13.91,15074.5,245.8,3059.3,99.7,1.27,126.82,1.301,47.6,1.88,
2023-06-12 17:00:00,OIL-SYN-010,1420.6,1370.9,Tipam,ROTARY_DRILLING,15.88,22.97,83.7,13.64,14380.6,238.6,2938.3,99.0,1.267,128.84,1.293,46.8,0.4,
2023-06-12 17:30:00,OIL-SYN-010,1439.7,1389.4,Tipam,ROTARY_DRILLING,21.95,19.37,95.4,13.5,14516.1,252.5,3153.7,99.4,1.277,126.73,1.3,41.3,1.87,
2023-06-12 18:00:00,OIL-SYN-010,1458.9,1407.8,Tipam,ROTARY_DRILLING,17.91,25.07,80.3,13.32,14832.3,224.2,3046.1,98.8,1.266,126.42,1.31,48.8,1.82,
2023-06-12 18:30:00,OIL-SYN-010,1478.0,1426.3,Tipam,ROTARY_DRILLING,14.38,20.01,80.0,14.53,14774.3,231.0,3036.6,98.8,1.286,128.74,1.305,46.9,3.46,
2023-06-12 19:00:00,OIL-SYN-010,1497.1,1444.7,Tipam,ROTARY_DRILLING,15.68,18.55,94.8,16.4,15037.2,232.0,2791.2,99.1,1.28,128.45,1.301,38.0,1.59,
2023-06-12 19:30:00,OIL-SYN-010,1516.2,1463.2,Tipam,ROTARY_DRILLING,13.44,20.97,101.2,16.38,14191.0,242.8,2822.8,99.6,1.284,127.98,1.317,40.3,2.43,
2023-06-12 20:00:00,OIL-SYN-010,1535.3,1481.6,Tipam,ROTARY_DRILLING,17.26,25.59,76.9,15.75,14509.0,238.6,2983.1,98.8,1.278,128.86,1.303,43.3,1.02,
2023-06-12 20:30:00,OIL-SYN-010,1554.5,1500.1,Tipam,ROTARY_DRILLING,17.7,24.33,91.1,14.41,15337.1,236.0,2935.3,98.8,1.295,128.43,1.313,43.7,1.43,
2023-06-12 21:00:00,OIL-SYN-010,1573.6,1518.5,Tipam,ROTARY_DRILLING,16.6,22.11,84.0,16.38,16018.6,249.1,2928.8,99.0,1.309,128.01,1.337,45.4,1.66,
2023-06-12 21:30:00,OIL-SYN-010,1592.7,1537.0,Tipam,ROTARY_DRILLING,16.91,20.96,76.8,14.78,14521.0,254.2,3002.6,98.7,1.314,125.88,1.354,45.3,2.12,
2023-06-12 22:00:00,OIL-SYN-010,1611.8,1555.4,Tipam,ROTARY_DRILLING,16.3,23.4,90.4,15.24,15366.6,238.3,2970.5,98.9,1.259,127.69,1.285,52.9,1.84,
2023-06-12 22:30:00,OIL-SYN-010,1630.9,1573.9,Tipam,ROTARY_DRILLING,14.83,20.94,80.7,15.71,15128.0,240.2,3056.6,99.4,1.284,127.85,1.31,44.7,1.18,
2023-06-12 23:00:00,OIL-SYN-010,1650.1,1592.3,Tipam,ROTARY_DRILLING,13.22,23.34,77.6,14.46,15292.0,249.7,2982.7,100,1.323,128.0,1.337,46.8,3.01,
2023-06-12 23:30:00,OIL-SYN-010,1669.2,1610.8,Tipam,ROTARY_DRILLING,17.99,21.55,87.0,16.32,15201.9,248.3,3011.1,99.2,1.294,127.63,1.312,48.1,1.08,
2023-06-13 00:00:00,OIL-SYN-010,1688.3,1629.2,Tipam,ROTARY_DRILLING,14.63,23.34,74.9,14.58,14918.1,243.5,2919.1,98.7,1.298,128.58,1.32,41.9,1.85,
2023-06-13 00:30:00,OIL-SYN-010,1707.4,1647.7,Tipam,ROTARY_DRILLING,14.22,24.84,81.7,16.38,15627.2,247.7,2944.9,99.8,1.305,129.32,1.316,40.1,2.5,
2023-06-13 01:00:00,OIL-SYN-010,1726.5,1666.1,Tipam,ROTARY_DRILLING,15.33,26.21,84.0,15.59,15959.9,256.7,3162.7,99.0,1.299,128.73,1.339,43.2,3.13,
2023-06-13 01:30:00,OIL-SYN-010,1745.7,1684.6,Tipam,ROTARY_DRILLING,18.89,24.21,74.8,16.07,14789.1,243.2,3148.7,99.3,1.326,128.06,1.341,45.9,3.26,
2023-06-13 02:00:00,OIL-SYN-010,1764.8,1703.0,Tipam,ROTARY_DRILLING,17.39,21.8,81.3,15.02,14942.9,259.3,2951.5,98.9,1.3,126.57,1.321,50.9,2.53,
2023-06-13 02:30:00,OIL-SYN-010,1783.9,1721.5,Tipam,ROTARY_DRILLING,17.43,23.13,96.8,16.12,15757.4,246.9,3026.4,99.9,1.316,127.53,1.336,41.9,0.86,
2023-06-13 03:00:00,OIL-SYN-010,1803.0,1739.9,Tipam,ROTARY_DRILLING,18.47,24.86,103.3,14.47,15887.5,257.5,3073.3,98.8,1.309,126.78,1.325,45.2,1.29,
2023-06-13 03:30:00,OIL-SYN-010,1822.1,1758.4,Tipam,ROTARY_DRILLING,16.73,23.04,76.3,16.59,16373.0,256.8,3038.2,99.9,1.311,127.79,1.329,46.3,2.39,
2023-06-13 04:00:00,OIL-SYN-010,1841.3,1776.8,Tipam,ROTARY_DRILLING,15.81,23.91,78.1,16.53,15072.6,255.0,3105.3,99.0,1.351,128.16,1.383,50.7,1.11,
2023-06-13 04:30:00,OIL-SYN-010,1860.4,1795.3,Tipam,ROTARY_DRILLING,13.32,24.12,82.7,17.95,14613.4,259.6,3113.8,97.9,1.306,126.29,1.322,56.8,0.87,
2023-06-13 05:00:00,OIL-SYN-010,1879.5,1813.7,Tipam,ROTARY_DRILLING,14.43,23.1,76.9,16.54,15812.6,259.3,2995.1,98.9,1.317,125.77,1.352,42.7,1.75,
2023-06-13 05:30:00,OIL-SYN-010,1898.6,1832.2,Tipam,ROTARY_DRILLING,15.33,20.63,81.2,14.63,15719.3,251.1,3103.2,98.8,1.339,127.13,1.365,45.9,1.02,
2023-06-13 06:00:00,OIL-SYN-010,1917.7,1850.6,Tipam,ROTARY_DRILLING,16.51,26.3,66.8,16.59,14883.2,251.1,3154.9,97.9,1.337,127.94,1.35,49.0,1.0,
2023-06-13 06:30:00,OIL-SYN-010,1936.9,1869.1,Tipam,ROTARY_DRILLING,9.78,25.59,99.4,16.27,15659.1,252.3,3140.6,99.4,1.347,128.22,1.381,45.4,2.52,
2023-06-13 07:00:00,OIL-SYN-010,1956.0,1887.5,Tipam,ROTARY_DRILLING,16.37,20.67,78.0,16.91,16059.5,254.1,3085.1,99.5,1.327,130.24,1.346,46.6,0,
2023-06-13 07:30:00,OIL-SYN-010,1975.1,1906.0,Tipam,ROTARY_DRILLING,15.89,23.43,77.1,16.84,15364.9,268.1,3128.5,96.9,1.392,127.88,1.424,46.7,2.6,
2023-06-13 08:00:00,OIL-SYN-010,1994.2,1924.4,Tipam,ROTARY_DRILLING,18.56,20.33,70.9,18.31,16111.1,255.3,3066.5,99.7,1.36,128.16,1.39,40.4,1.7,
2023-06-13 08:30:00,OIL-SYN-010,2013.3,1942.9,Tipam,ROTARY_DRILLING,16.21,26.9,75.1,16.89,15607.9,268.1,3020.6,99.0,1.356,126.9,1.393,41.4,3.45,
2023-06-13 09:00:00,OIL-SYN-010,2032.5,1961.3,Tipam,ROTARY_DRILLING,13.78,20.49,83.7,16.28,15481.4,250.9,3206.5,97.2,1.361,127.47,1.376,39.3,3.09,
2023-06-13 09:30:00,OIL-SYN-010,2051.6,1979.8,Girujan,ROTARY_DRILLING,13.57,22.47,82.4,17.25,16297.9,268.8,3182.5,99.4,1.362,128.76,1.399,69.3,2.27,
2023-06-13 10:00:00,OIL-SYN-010,2070.7,1998.2,Girujan,ROTARY_DRILLING,12.98,24.11,79.8,17.69,15392.6,277.3,3228.6,99.4,1.335,128.15,1.352,79.2,3.56,
2023-06-13 10:30:00,OIL-SYN-010,2089.8,2016.7,Girujan,ROTARY_DRILLING,14.92,23.01,77.8,17.1,16572.0,258.2,3044.4,99.7,1.341,129.13,1.381,67.8,1.45,
2023-06-13 11:00:00,OIL-SYN-010,2108.9,2035.1,Girujan,ROTARY_DRILLING,17.61,22.35,88.6,33.18,16427.7,261.1,3028.3,99.7,1.354,127.55,1.396,73.7,1.8,TORQUE_SPIKE
2023-06-13 11:30:00,OIL-SYN-010,2128.1,2053.6,Girujan,ROTARY_DRILLING,16.79,25.6,67.8,28.67,16009.1,273.6,3212.6,98.9,1.363,127.26,1.388,69.4,1.94,TORQUE_SPIKE
2023-06-13 12:00:00,OIL-SYN-010,2147.2,2072.0,Girujan,ROTARY_DRILLING,15.49,23.23,77.5,38.2,15867.5,272.6,3304.0,98.0,1.372,127.95,1.398,74.3,0.86,TORQUE_SPIKE
2023-06-13 12:30:00,OIL-SYN-010,2166.3,2090.5,Girujan,ROTARY_DRILLING,15.93,23.38,70.8,35.77,16487.1,246.4,2985.2,99.8,1.354,128.67,1.392,85.5,1.6,TORQUE_SPIKE
2023-06-13 13:00:00,OIL-SYN-010,2185.4,2108.9,Girujan,ROTARY_DRILLING,15.83,21.05,78.8,36.96,16616.5,270.4,2915.4,100.0,1.364,128.66,1.388,61.7,2.84,TORQUE_SPIKE
2023-06-13 13:30:00,OIL-SYN-010,2204.5,2127.4,Girujan,ROTARY_DRILLING,16.34,24.29,67.0,34.4,15721.2,248.2,3115.0,97.6,1.37,129.25,1.387,80.6,2.77,TORQUE_SPIKE
2023-06-13 14:00:00,OIL-SYN-010,2223.6,2145.8,Girujan,ROTARY_DRILLING,15.19,25.66,60.5,34.77,16376.7,278.8,3168.0,98.9,1.36,128.64,1.401,65.2,0.68,TORQUE_SPIKE
2023-06-13 14:30:00,OIL-SYN-010,2242.8,2164.3,Girujan,ROTARY_DRILLING,18.13,24.1,75.6,15.97,15853.3,264.8,3211.7,100.0,1.356,129.36,1.38,77.9,1.57,
2023-06-13 15:00:00,OIL-SYN-010,2261.9,2182.7,Girujan,ROTARY_DRILLING,13.86,24.79,87.9,16.84,17272.4,282.5,3022.0,100,1.377,125.86,1.401,72.2,1.73,
2023-06-13 15:30:00,OIL-SYN-010,2281.0,2201.2,Girujan,ROTARY_DRILLING,12.57,24.33,70.8,17.97,16535.4,273.8,3104.9,99.3,1.389,127.61,1.431,73.4,1.39,
2023-06-13 16:00:00,OIL-SYN-010,2300.1,2219.6,Girujan,ROTARY_DRILLING,12.49,24.65,76.1,17.28,16219.1,272.7,3130.7,98.0,1.357,126.23,1.39,71.1,0.81,
2023-06-13 16:30:00,OIL-SYN-010,2319.2,2238.1,Girujan,ROTARY_DRILLING,14.43,28.99,75.9,18.52,16551.3,274.4,3334.2,98.5,1.408,128.85,1.431,65.8,2.41,
2023-06-13 17:00:00,OIL-SYN-010,2338.4,2256.5,Girujan,ROTARY_DRILLING,11.73,24.05,70.3,18.34,15976.4,267.2,3130.2,98.8,1.389,128.37,1.416,65.1,3.43,
2023-06-13 17:30:00,OIL-SYN-010,2357.5,2275.0,Girujan,ROTARY_DRILLING,12.19,22.6,77.2,19.55,15558.1,280.1,3229.8,99.1,1.363,128.27,1.39,71.5,2.14,
2023-06-13 18:00:00,OIL-SYN-010,2376.6,2293.4,Girujan,ROTARY_DRILLING,14.14,25.88,65.6,18.72,16307.2,280.0,3302.8,100,1.399,128.2,1.415,70.1,2.46,
2023-06-13 18:30:00,OIL-SYN-010,2395.7,2311.9,Girujan,ROTARY_DRILLING,11.26,27.19,63.6,19.55,16148.7,275.6,3302.8,98.2,1.38,126.1,1.395,62.9,1.92,
2023-06-13 19:00:00,OIL-SYN-010,2414.8,2330.3,Girujan,ROTARY_DRILLING,12.88,26.3,78.4,15.73,16687.0,284.9,3268.1,99.5,1.401,128.53,1.439,67.1,1.2,
2023-06-13 19:30:00,OIL-SYN-010,2434.0,2348.8,Girujan,ROTARY_DRILLING,18.09,31.4,88.0,20.67,15876.1,280.6,3228.0,100,1.411,128.31,1.433,77.8,0.97,
2023-06-13 20:00:00,OIL-SYN-010,2453.1,2367.2,Girujan,ROTARY_DRILLING,12.51,22.97,64.2,19.84,16535.7,267.7,3261.7,98.1,1.406,127.98,1.425,67.7,2.26,
2023-06-13 20:30:00,OIL-SYN-010,2472.2,2385.7,Girujan,ROTARY_DRILLING,19.04,29.14,84.7,17.54,16980.7,280.1,3220.1,99.5,1.421,127.42,1.458,79.6,0,
2023-06-13 21:00:00,OIL-SYN-010,2491.3,2404.1,Girujan,ROTARY_DRILLING,13.37,25.73,87.4,17.86,16559.5,275.9,3268.6,97.7,1.393,128.4,1.422,68.0,1.28,
2023-06-13 21:30:00,OIL-SYN-010,2510.4,2422.6,Girujan,ROTARY_DRILLING,10.32,24.47,73.3,20.32,15938.9,266.0,3178.6,99.4,1.406,127.76,1.422,70.5,1.69,
2023-06-13 22:00:00,OIL-SYN-010,2529.6,2441.0,Girujan,ROTARY_DRILLING,11.06,22.42,81.8,18.04,17768.8,295.2,3235.2,98.1,1.398,128.93,1.442,71.0,1.83,CEMENTING_ISSUE
2023-06-13 22:30:00,OIL-SYN-010,2548.7,2459.5,Girujan,ROTARY_DRILLING,16.59,25.19,92.9,18.72,17490.6,282.3,3160.2,98.3,1.389,127.36,1.423,72.4,1.83,CEMENTING_ISSUE
2023-06-13 23:00:00,OIL-SYN-010,2567.8,2477.9,Lakwa,ROTARY_DRILLING,12.71,28.42,63.2,17.58,17669.7,281.4,3243.2,98.2,1.437,129.81,1.457,48.2,4.14,CEMENTING_ISSUE
2023-06-13 23:30:00,OIL-SYN-010,2586.9,2496.4,Lakwa,ROTARY_DRILLING,11.74,28.11,66.4,20.47,17428.2,270.4,3182.6,99.7,1.435,128.84,1.445,41.9,4.32,CEMENTING_ISSUE
2023-06-14 00:00:00,OIL-SYN-010,2606.0,2514.8,Lakwa,ROTARY_DRILLING,16.0,25.48,61.1,20.39,18080.5,274.3,3380.8,100.0,1.394,127.07,1.433,43.9,4.64,CEMENTING_ISSUE
2023-06-14 00:30:00,OIL-SYN-010,2625.2,2533.3,Lakwa,ROTARY_DRILLING,16.02,25.42,74.8,20.41,18294.3,279.1,3222.3,99.4,1.415,127.41,1.439,34.2,5.01,CEMENTING_ISSUE
2023-06-14 01:00:00,OIL-SYN-010,2644.3,2551.7,Lakwa,ROTARY_DRILLING,18.3,25.94,78.4,18.76,18568.1,280.4,3305.6,100,1.391,127.85,1.434,43.0,4.04,CEMENTING_ISSUE
2023-06-14 01:30:00,OIL-SYN-010,2663.4,2570.2,Lakwa,ROTARY_DRILLING,13.17,21.77,75.8,18.67,17036.3,282.4,3206.9,99.9,1.417,128.34,1.454,41.5,3.33,
2023-06-14 02:00:00,OIL-SYN-010,2682.5,2588.6,Lakwa,ROTARY_DRILLING,16.92,25.98,84.9,17.2,16995.2,285.5,3264.0,99.1,1.405,127.26,1.43,51.3,3.8,
2023-06-14 02:30:00,OIL-SYN-010,2701.6,2607.1,Lakwa,ROTARY_DRILLING,10.67,27.69,79.2,18.47,17261.1,300.5,3283.8,98.7,1.425,127.38,1.44,56.5,7.08,
2023-06-14 03:00:00,OIL-SYN-010,2720.8,2625.5,Lakwa,ROTARY_DRILLING,11.98,25.4,65.4,17.05,16512.0,298.7,3415.1,99.1,1.432,126.79,1.467,43.7,3.82,
2023-06-14 03:30:00,OIL-SYN-010,2739.9,2644.0,Lakwa,ROTARY_DRILLING,9.88,28.63,67.1,19.86,16435.3,280.5,3146.4,99.3,1.445,129.18,1.476,53.1,3.9,
2023-06-14 04:00:00,OIL-SYN-010,2759.0,2662.4,Lakwa,ROTARY_DRILLING,14.14,27.45,62.5,20.03,16650.2,273.3,3266.0,98.5,1.433,126.79,1.458,43.7,4.92,
2023-06-14 04:30:00,OIL-SYN-010,2778.1,2680.9,Lakwa,ROTARY_DRILLING,16.52,30.02,62.7,20.91,17022.0,281.3,3323.3,99.5,1.41,128.16,1.425,37.7,3.87,
2023-06-14 05:00:00,OIL-SYN-010,2797.2,2699.3,Lakwa,ROTARY_DRILLING,11.01,22.93,64.0,19.8,17449.5,270.3,3189.0,98.5,1.399,128.81,1.439,41.7,3.33,
2023-06-14 05:30:00,OIL-SYN-010,2816.4,2717.8,Lakwa,ROTARY_DRILLING,11.22,23.86,73.2,19.05,16474.6,292.2,3225.6,98.9,1.416,128.34,1.439,45.1,6.06,
2023-06-14 06:00:00,OIL-SYN-010,2835.5,2736.2,Lakwa,ROTARY_DRILLING,13.4,27.64,64.9,18.64,17081.2,280.3,3228.3,98.4,1.458,130.91,1.476,48.6,4.68,
2023-06-14 06:30:00,OIL-SYN-010,2854.6,2754.7,Lakwa,ROTARY_DRILLING,14.2,24.45,58.5,19.02,17315.4,289.6,3340.5,99.5,1.457,128.1,1.492,45.9,4.79,
2023-06-14 07:00:00,OIL-SYN-010,2873.7,2773.1,Lakwa,ROTARY_DRILLING,10.91,25.7,51.5,19.98,16889.5,289.3,3298.1,97.7,1.442,128.67,1.455,42.2,4.35,
2023-06-14 07:30:00,OIL-SYN-010,2892.8,2791.6,Lakwa,ROTARY_DRILLING,13.4,27.0,74.9,21.97,17602.2,292.7,3338.2,98.8,1.466,130.09,1.484,43.9,3.31,
2023-06-14 08:00:00,OIL-SYN-010,2911.9,2810.0,Lakwa,ROTARY_DRILLING,10.25,27.21,68.8,21.14,17025.8,304.8,3256.3,99.8,1.439,128.64,1.462,49.1,4.05,
2023-06-14 08:30:00,OIL-SYN-010,2931.1,2828.5,Lakwa,ROTARY_DRILLING,14.6,23.59,67.1,20.05,16860.3,293.2,3330.9,100,1.455,128.82,1.467,46.8,3.32,
2023-06-14 09:00:00,OIL-SYN-010,2950.2,2846.9,Lakwa,ROTARY_DRILLING,7.7,22.01,61.9,20.12,17360.8,295.4,3293.4,99.1,1.46,129.25,1.502,51.9,4.25,
2023-06-14 09:30:00,OIL-SYN-010,2969.3,2865.4,Lakwa,ROTARY_DRILLING,13.51,26.41,74.0,21.69,17775.9,288.6,3330.0,99.6,1.466,126.88,1.494,49.7,3.82,
2023-06-14 10:00:00,OIL-SYN-010,2988.4,2883.8,Lakwa,ROTARY_DRILLING,12.92,32.03,79.9,21.29,17219.4,297.8,3361.0,98.2,1.47,127.09,1.495,49.5,3.91,
2023-06-14 10:30:00,OIL-SYN-010,3007.5,2902.3,Lakwa,ROTARY_DRILLING,14.39,25.45,67.2,20.93,16862.1,300.0,3309.9,99.5,1.438,127.53,1.463,48.4,5.74,
2023-06-14 11:00:00,OIL-SYN-010,3026.7,2920.7,Lakwa,ROTARY_DRILLING,12.33,23.7,63.4,20.32,17342.1,292.1,3384.6,99.3,1.484,127.8,1.495,46.9,4.85,
2023-06-14 11:30:00,OIL-SYN-010,3045.8,2939.2,Lakwa,ROTARY_DRILLING,17.87,28.91,56.9,20.73,18075.6,290.7,3315.3,98.9,1.464,130.2,1.49,45.1,3.71,
2023-06-14 12:00:00,OIL-SYN-010,3064.9,2957.6,Lakwa,ROTARY_DRILLING,16.27,27.41,61.4,21.75,17432.8,289.5,3252.7,100,1.473,128.19,1.506,46.1,4.67,
2023-06-14 12:30:00,OIL-SYN-010,3084.0,2976.1,Lakwa,ROTARY_DRILLING,11.66,27.38,63.9,19.92,18523.0,297.7,3333.1,98.2,1.467,127.59,1.499,46.9,4.53,
2023-06-14 13:00:00,OIL-SYN-010,3103.1,2994.5,Lakwa,ROTARY_DRILLING,13.87,23.09,50,18.09,17497.6,294.9,3520.3,98.7,1.467,128.21,1.479,58.7,4.65,
2023-06-14 13:30:00,OIL-SYN-010,3122.3,3013.0,Lakwa,ROTARY_DRILLING,9.92,26.18,76.3,18.87,17232.9,290.5,3356.5,98.8,1.479,127.16,1.493,41.0,4.71,
2023-06-14 14:00:00,OIL-SYN-010,3141.4,3031.4,Lakwa,ROTARY_DRILLING,14.94,29.12,70.2,21.48,17356.8,303.8,3432.0,99.1,1.48,126.52,1.498,46.5,4.74,
2023-06-14 14:30:00,OIL-SYN-010,3160.5,3049.9,Lakwa,ROTARY_DRILLING,12.57,25.13,65.1,20.3,18157.5,315.3,3450.0,98.7,1.471,126.13,1.501,46.2,1.86,
2023-06-14 15:00:00,OIL-SYN-010,3179.6,3068.3,Lakwa,ROTARY_DRILLING,15.14,27.38,70.1,19.6,17848.1,304.9,3395.6,98.7,1.468,128.65,1.482,41.6,5.01,
2023-06-14 15:30:00,OIL-SYN-010,3198.7,3086.8,Lakwa,ROTARY_DRILLING,13.45,27.2,59.0,21.44,17547.3,295.9,3243.6,98.5,1.497,127.28,1.536,51.3,4.4,
2023-06-14 16:00:00,OIL-SYN-010,3217.9,3105.2,Nahorkatiya Sand,ROTARY_DRILLING,12.42,27.97,60.9,21.59,18272.9,316.7,3298.0,100,1.439,127.8,1.458,43.8,2.76,
2023-06-14 16:30:00,OIL-SYN-010,3237.0,3123.7,Nahorkatiya Sand,ROTARY_DRILLING,11.71,27.14,67.3,22.6,17216.9,290.8,3307.0,97.9,1.486,128.57,1.519,42.3,1.01,
2023-06-14 17:00:00,OIL-SYN-010,3256.1,3142.1,Nahorkatiya Sand,ROTARY_DRILLING,11.8,26.39,70.0,22.8,17534.3,305.4,3394.7,99.2,1.505,129.77,1.517,39.1,2.26,
2023-06-14 17:30:00,OIL-SYN-010,3275.2,3160.6,Nahorkatiya Sand,ROTARY_DRILLING,14.89,33.63,60.1,22.86,17533.4,307.6,3399.1,98.7,1.464,127.08,1.503,49.3,2.23,
2023-06-14 18:00:00,OIL-SYN-010,3294.3,3179.0,Nahorkatiya Sand,ROTARY_DRILLING,8.13,31.29,69.8,17.35,17515.3,296.7,3555.1,99.5,1.481,131.49,1.493,49.5,0.1,
2023-06-14 18:30:00,OIL-SYN-010,3313.5,3197.5,Nahorkatiya Sand,ROTARY_DRILLING,13.48,30.49,54.8,20.19,17942.0,312.4,3449.5,98.1,1.479,127.51,1.499,37.3,0.82,
2023-06-14 19:00:00,OIL-SYN-010,3332.6,3215.9,Nahorkatiya Sand,ROTARY_DRILLING,8.49,31.12,50,20.71,17893.8,307.3,3378.4,98.7,1.482,128.88,1.522,50.9,3.43,
2023-06-14 19:30:00,OIL-SYN-010,3351.7,3234.4,Nahorkatiya Sand,ROTARY_DRILLING,11.79,25.05,54.4,22.4,17978.4,312.5,3329.9,99.0,1.519,128.25,1.549,45.2,1.22,
2023-06-14 20:00:00,OIL-SYN-010,3370.8,3252.8,Nahorkatiya Sand,ROTARY_DRILLING,9.37,30.22,66.4,24.91,17697.2,302.3,3473.6,98.4,1.506,127.85,1.527,39.4,1.52,
2023-06-14 20:30:00,OIL-SYN-010,3389.9,3271.3,Nahorkatiya Sand,ROTARY_DRILLING,12.09,28.64,59.8,24.29,18048.6,314.7,3398.7,98.4,1.485,126.75,1.523,45.4,1.72,
2023-06-14 21:00:00,OIL-SYN-010,3409.1,3289.7,Nahorkatiya Sand,ROTARY_DRILLING,9.8,30.9,50,22.8,17968.5,304.8,3459.7,99.1,1.494,126.76,1.517,35.8,3.18,
2023-06-14 21:30:00,OIL-SYN-010,3428.2,3308.2,Nahorkatiya Sand,ROTARY_DRILLING,8.35,26.15,54.9,22.13,17593.3,321.5,3271.4,98.9,1.502,127.62,1.533,36.8,1.45,
2023-06-14 22:00:00,OIL-SYN-010,3447.3,3326.6,Nahorkatiya Sand,ROTARY_DRILLING,12.8,28.77,69.6,22.59,18413.7,310.7,3327.8,98.7,1.508,129.55,1.536,39.5,1.83,
2023-06-14 22:30:00,OIL-SYN-010,3466.4,3345.1,Nahorkatiya Sand,ROTARY_DRILLING,11.43,25.43,50,21.4,17570.8,317.8,3585.0,98.7,1.534,127.82,1.553,43.8,3.19,
2023-06-14 23:00:00,OIL-SYN-010,3485.5,3363.5,Nahorkatiya Sand,ROTARY_DRILLING,12.82,26.58,77.1,23.3,18311.6,308.3,3368.3,99.4,1.52,128.12,1.552,42.6,1.5,
2023-06-14 23:30:00,OIL-SYN-010,3504.7,3382.0,Nahorkatiya Sand,ROTARY_DRILLING,12.22,29.0,50.4,20.18,17263.1,315.0,3472.6,99.8,1.507,127.95,1.533,37.0,1.91,
2023-06-15 00:00:00,OIL-SYN-010,3523.8,3400.4,Nahorkatiya Sand,ROTARY_DRILLING,11.33,26.63,64.7,22.45,17981.0,321.6,3460.3,99.4,1.513,128.12,1.553,47.3,2.86,
2023-06-15 00:30:00,OIL-SYN-010,3542.9,3418.9,Nahorkatiya Sand,ROTARY_DRILLING,7.19,23.64,50,23.45,17865.9,310.9,3503.6,99.0,1.527,128.98,1.557,49.3,2.2,
2023-06-15 01:00:00,OIL-SYN-010,3562.0,3437.3,Nahorkatiya Sand,ROTARY_DRILLING,11.15,32.33,67.0,22.81,18030.1,310.5,3443.7,99.4,1.524,128.85,1.555,40.0,0.26,
2023-06-15 01:30:00,OIL-SYN-010,3581.1,3455.8,Nahorkatiya Sand,ROTARY_DRILLING,17.14,28.96,62.4,23.59,18696.9,323.8,3488.4,99.6,1.523,128.52,1.555,48.9,1.93,
2023-06-15 02:00:00,OIL-SYN-010,3600.3,3474.2,Nahorkatiya Sand,ROTARY_DRILLING,5.9,28.83,57.6,21.85,18062.6,308.3,3483.1,98.5,1.501,127.0,1.512,39.0,2.32,
2023-06-15 02:30:00,OIL-SYN-010,3619.4,3492.7,Nahorkatiya Sand,ROTARY_DRILLING,9.3,30.87,58.2,21.39,17793.5,323.8,3414.8,100,1.501,127.78,1.543,48.3,0.73,
2023-06-15 03:00:00,OIL-SYN-010,3638.5,3511.1,Nahorkatiya Sand,ROTARY_DRILLING,8.07,35.49,62.8,21.56,18427.8,323.4,3559.9,99.6,1.537,125.57,1.573,50.0,1.96,
2023-06-15 03:30:00,OIL-SYN-010,3657.6,3529.6,Nahorkatiya Sand,ROTARY_DRILLING,9.23,26.89,61.5,21.93,18480.2,317.6,3472.2,98.0,1.502,128.35,1.514,43.3,0.79,
2023-06-15 04:00:00,OIL-SYN-010,3676.7,3548.0,Nahorkatiya Sand,ROTARY_DRILLING,15.82,30.3,50,23.82,18216.1,315.3,3618.6,98.9,1.539,128.45,1.565,43.1,2.18,
2023-06-15 04:30:00,OIL-SYN-010,3695.8,3566.5,Nahorkatiya Sand,ROTARY_DRILLING,13.82,29.74,50,22.76,19122.2,320.9,3692.8,99.8,1.527,129.9,1.571,52.1,1.71,
2023-06-15 05:00:00,OIL-SYN-010,3715.0,3584.9,Barail,ROTARY_DRILLING,11.91,28.13,65.0,22.14,18187.7,316.8,3470.8,99.4,1.535,128.73,1.546,50.9,0.37,
2023-06-15 05:30:00,OIL-SYN-010,3734.1,3603.4,Barail,ROTARY_DRILLING,8.07,27.54,63.5,23.91,18847.6,316.8,3539.1,99.6,1.517,128.35,1.545,55.0,0.83,
2023-06-15 06:00:00,OIL-SYN-010,3753.2,3621.8,Barail,ROTARY_DRILLING,15.13,26.5,63.8,24.42,18258.3,310.0,3513.0,99.9,1.572,127.75,1.608,51.8,2.29,
2023-06-15 06:30:00,OIL-SYN-010,3772.3,3640.3,Barail,ROTARY_DRILLING,14.02,27.32,59.2,24.44,18939.3,319.4,3376.1,99.2,1.536,129.09,1.555,46.7,2.3,
2023-06-15 07:00:00,OIL-SYN-010,3791.4,3658.7,Barail,ROTARY_DRILLING,16.91,24.97,67.6,22.75,17955.4,315.9,3544.4,98.2,1.531,128.02,1.571,43.6,1.2,
2023-06-15 07:30:00,OIL-SYN-010,3810.6,3677.2,Barail,ROTARY_DRILLING,7.76,25.13,53.6,21.79,18651.0,333.6,3515.0,98.1,1.548,129.12,1.586,42.2,2.36,
2023-06-15 08:00:00,OIL-SYN-010,3829.7,3695.6,Barail,ROTARY_DRILLING,13.01,27.0,57.3,24.11,17987.1,309.4,3699.5,99.0,1.533,129.5,1.576,37.7,2.26,
2023-06-15 08:30:00,OIL-SYN-010,3848.8,3714.1,Barail,ROTARY_DRILLING,12.02,25.52,54.6,23.03,19146.8,311.4,3657.9,99.2,1.564,128.97,1.595,41.2,2.22,
2023-06-15 09:00:00,OIL-SYN-010,3867.9,3732.5,Barail,ROTARY_DRILLING,10.08,25.93,50,23.82,18696.7,336.9,3486.3,97.5,1.55,128.5,1.567,35.6,0.79,
2023-06-15 09:30:00,OIL-SYN-010,3887.0,3751.0,Barail,ROTARY_DRILLING,11.45,31.31,50,21.73,18345.1,335.6,3628.0,99.1,1.57,128.05,1.599,39.2,3.59,
2023-06-15 10:00:00,OIL-SYN-010,3906.2,3769.4,Barail,ROTARY_DRILLING,13.36,26.29,52.4,22.7,18462.6,316.2,3515.1,99.6,1.547,126.6,1.559,46.4,2.5,
2023-06-15 10:30:00,OIL-SYN-010,3925.3,3787.9,Barail,ROTARY_DRILLING,9.35,33.15,54.2,24.71,18655.9,332.9,3689.2,98.7,1.561,127.69,1.593,38.5,2.76,
2023-06-15 11:00:00,OIL-SYN-010,3944.4,3806.3,Barail,ROTARY_DRILLING,12.52,27.45,67.6,25.25,19366.2,323.2,3676.0,97.8,1.554,128.79,1.598,44.4,2.5,
2023-06-15 11:30:00,OIL-SYN-010,3963.5,3824.8,Barail,ROTARY_DRILLING,14.73,29.66,63.8,25.92,18634.6,338.6,3594.1,99.0,1.572,129.67,1.591,49.3,3.0,
2023-06-15 12:00:00,OIL-SYN-010,3982.6,3843.2,Barail,ROTARY_DRILLING,14.7,26.94,50,23.58,19036.2,312.7,3523.1,98.5,1.555,129.24,1.579,44.1,1.61,
2023-06-15 12:30:00,OIL-SYN-010,4001.8,3861.7,Barail,ROTARY_DRILLING,9.74,28.33,50,23.5,18676.5,338.3,3712.2,99.2,1.557,127.91,1.598,46.6,2.24,
2023-06-15 13:00:00,OIL-SYN-010,4020.9,3880.1,Barail,ROTARY_DRILLING,12.86,28.51,60.8,25.93,19181.0,336.1,3533.5,98.3,1.56,127.91,1.574,38.8,1.7,
2023-06-15 13:30:00,OIL-SYN-010,4040,3898.6,Barail,ROTARY_DRILLING,14.44,32.95,56.8,23.29,18605.8,333.9,3578.9,99.9,1.583,128.15,1.61,45.2,2.72,
2023-06-29 06:00:00,OIL-SYN-011,1000.0,965.0,Barail,ROTARY_DRILLING,23.73,20.54,98.5,13.39,13808.1,226.5,2722.8,100.0,1.262,127.52,1.277,42.4,0.93,
2023-06-29 06:30:00,OIL-SYN-011,1016.0,980.4,Barail,ROTARY_DRILLING,13.25,20.03,85.4,12.97,13759.5,240.0,2935.2,99.7,1.24,129.1,1.282,43.4,1.16,
2023-06-29 07:00:00,OIL-SYN-011,1031.9,995.8,Barail,ROTARY_DRILLING,15.17,17.87,101.9,12.93,13594.9,234.8,2801.7,99.7,1.233,127.06,1.249,41.5,1.62,
2023-06-29 07:30:00,OIL-SYN-011,1047.9,1011.2,Barail,ROTARY_DRILLING,19.28,19.69,105.1,11.9,14027.7,227.8,2955.8,98.7,1.249,126.28,1.271,49.5,0.34,
2023-06-29 08:00:00,OIL-SYN-011,1063.9,1026.7,Barail,ROTARY_DRILLING,16.95,25.76,103.1,15.56,14787.9,228.3,2884.5,98.1,1.25,128.42,1.289,39.5,1.21,
2023-06-29 08:30:00,OIL-SYN-011,1079.9,1042.1,Barail,ROTARY_DRILLING,14.92,20.37,87.9,14.52,15051.8,220.8,2997.7,98.7,1.211,128.88,1.246,50.3,0.63,
2023-06-29 09:00:00,OIL-SYN-011,1095.8,1057.5,Barail,ROTARY_DRILLING,19.52,19.03,88.9,12.25,14196.8,232.9,2930.5,98.7,1.24,126.7,1.268,50.7,1.59,
2023-06-29 09:30:00,OIL-SYN-011,1111.8,1072.9,Barail,ROTARY_DRILLING,19.27,21.2,100.6,12.19,13723.3,221.9,2877.2,99.1,1.218,126.16,1.233,44.4,2.59,
2023-06-29 10:00:00,OIL-SYN-011,1127.8,1088.3,Barail,ROTARY_DRILLING,17.04,20.17,80.6,13.0,14017.4,239.1,2804.0,99.0,1.256,129.82,1.299,41.1,2.31,
2023-06-29 10:30:00,OIL-SYN-011,1143.8,1103.7,Barail,ROTARY_DRILLING,19.32,19.95,96.8,13.0,14010.0,219.4,2776.4,98.2,1.247,125.98,1.275,42.2,1.93,
2023-06-29 11:00:00,OIL-SYN-011,1159.7,1119.2,Barail,ROTARY_DRILLING,19.7,27.46,111.1,12.03,14799.8,229.5,2799.0,100.0,1.241,126.46,1.272,54.0,1.42,
2023-06-29 11:30:00,OIL-SYN-011,1175.7,1134.6,Barail,ROTARY_DRILLING,18.49,21.81,88.1,10.09,13786.4,243.8,2928.3,99.8,1.238,126.83,1.279,46.4,2.3,
2023-06-29 12:00:00,OIL-SYN-011,1191.7,1150.0,Barail,ROTARY_DRILLING,16.82,20.89,90.3,15.85,14249.6,231.2,2978.9,99.2,1.248,128.86,1.259,46.0,2.39,
2023-06-29 12:30:00,OIL-SYN-011,1207.7,1165.4,Barail,ROTARY_DRILLING,15.28,22.58,94.1,14.87,14298.2,224.6,2870.6,97.8,1.26,127.86,1.282,37.1,1.49,
2023-06-29 13:00:00,OIL-SYN-011,1223.6,1180.8,Barail,ROTARY_DRILLING,18.99,18.96,91.4,13.78,15062.0,233.3,2968.5,99.8,1.257,128.91,1.283,41.5,0.65,
2023-06-29 13:30:00,OIL-SYN-011,1239.6,1196.2,Barail,ROTARY_DRILLING,16.64,23.06,83.5,15.98,14743.2,239.7,2963.0,97.2,1.295,127.12,1.318,49.7,0.14,
2023-06-29 14:00:00,OIL-SYN-011,1255.6,1211.7,Barail,ROTARY_DRILLING,17.08,27.21,77.1,12.74,15139.4,233.8,3029.0,99.1,1.235,129.3,1.265,49.6,1.29,
2023-06-29 14:30:00,OIL-SYN-011,1271.6,1227.1,Barail,ROTARY_DRILLING,17.68,19.43,85.8,14.06,13758.7,236.7,2917.4,96.8,1.269,127.59,1.303,38.1,2.61,
2023-06-29 15:00:00,OIL-SYN-011,1287.5,1242.5,Barail,ROTARY_DRILLING,21.8,19.79,87.3,14.88,14257.6,245.2,3030.6,99.1,1.272,127.56,1.284,42.9,1.63,
2023-06-29 15:30:00,OIL-SYN-011,1303.5,1257.9,Barail,ROTARY_DRILLING,18.1,18.57,93.2,14.42,14019.4,249.7,2945.0,99.7,1.266,130.1,1.278,42.8,1.38,
2023-06-29 16:00:00,OIL-SYN-011,1319.5,1273.3,Barail,ROTARY_DRILLING,14.39,23.17,80.8,12.23,14370.9,247.5,2836.4,98.3,1.278,128.56,1.295,46.8,2.44,
2023-06-29 16:30:00,OIL-SYN-011,1335.5,1288.7,Barail,ROTARY_DRILLING,14.52,17.58,93.7,16.91,14998.8,246.0,3030.0,98.9,1.264,127.41,1.277,48.2,1.63,
2023-06-29 17:00:00,OIL-SYN-011,1351.4,1304.1,Barail,ROTARY_DRILLING,17.3,19.29,73.3,14.85,14575.2,226.2,2913.4,98.9,1.274,127.88,1.296,41.2,3.66,
2023-06-29 17:30:00,OIL-SYN-011,1367.4,1319.6,Barail,ROTARY_DRILLING,16.1,25.43,96.0,15.8,14393.6,231.1,3048.1,100,1.264,128.82,1.284,52.9,2.73,
2023-06-29 18:00:00,OIL-SYN-011,1383.4,1335.0,Barail,ROTARY_DRILLING,14.57,21.36,91.2,13.74,15810.8,235.7,3028.3,99.1,1.264,127.97,1.283,49.2,2.68,
2023-06-29 18:30:00,OIL-SYN-011,1399.4,1350.4,Barail,ROTARY_DRILLING,16.51,19.97,83.7,13.33,14355.8,241.6,2921.4,98.3,1.283,129.29,1.31,51.7,2.36,
2023-06-29 19:00:00,OIL-SYN-011,1415.3,1365.8,Tipam,ROTARY_DRILLING,19.12,19.69,93.4,14.4,14462.8,237.0,3000.1,98.6,1.279,127.78,1.301,39.6,1.83,
2023-06-29 19:30:00,OIL-SYN-011,1431.3,1381.2,Tipam,ROTARY_DRILLING,11.58,21.81,76.0,13.49,15646.2,233.2,2898.1,98.7,1.295,128.89,1.308,46.8,2.41,
2023-06-29 20:00:00,OIL-SYN-011,1447.3,1396.6,Tipam,ROTARY_DRILLING,15.9,18.85,83.6,12.42,14655.6,235.6,2966.9,98.5,1.291,128.12,1.315,43.2,2.02,
2023-06-29 20:30:00,OIL-SYN-011,1463.3,1412.1,Tipam,ROTARY_DRILLING,11.11,26.65,97.0,13.69,15497.4,239.1,2956.7,98.7,1.281,128.64,1.32,36.7,0.94,
2023-06-29 21:00:00,OIL-SYN-011,1479.2,1427.5,Tipam,ROTARY_DRILLING,19.45,18.87,101.5,16.59,14640.2,245.2,2938.0,99.2,1.283,127.12,1.327,45.9,1.47,
2023-06-29 21:30:00,OIL-SYN-011,1495.2,1442.9,Tipam,ROTARY_DRILLING,15.93,23.57,86.0,16.58,15165.4,238.9,2835.9,99.3,1.286,129.62,1.325,42.0,2.13,
2023-06-29 22:00:00,OIL-SYN-011,1511.2,1458.3,Tipam,ROTARY_DRILLING,18.59,20.61,108.5,14.16,15117.3,247.6,2934.6,96.5,1.302,126.45,1.336,45.3,2.32,
2023-06-29 22:30:00,OIL-SYN-011,1527.2,1473.7,Tipam,ROTARY_DRILLING,16.28,21.48,91.5,16.17,14731.6,237.1,3004.6,98.6,1.298,127.17,1.337,48.6,0.94,
2023-06-29 23:00:00,OIL-SYN-011,1543.1,1489.1,Tipam,ROTARY_DRILLING,10.62,25.25,62.2,13.71,14607.4,234.9,3124.0,99.4,1.311,128.36,1.344,49.7,2.0,
2023-06-29 23:30:00,OIL-SYN-011,1559.1,1504.6,Tipam,ROTARY_DRILLING,15.43,23.67,86.6,15.08,15269.9,241.6,2997.5,99.4,1.294,126.77,1.322,42.7,3.08,
2023-06-30 00:00:00,OIL-SYN-011,1575.1,1520.0,Tipam,ROTARY_DRILLING,14.04,20.61,77.2,13.65,15473.7,250.4,3000.7,99.6,1.274,128.48,1.288,46.0,0.89,
2023-06-30 00:30:00,OIL-SYN-011,1591.1,1535.4,Tipam,ROTARY_DRILLING,11.96,24.37,83.1,14.45,15871.4,236.9,3091.4,99.3,1.33,128.53,1.357,50.8,0.27,
2023-06-30 01:00:00,OIL-SYN-011,1607.0,1550.8,Tipam,ROTARY_DRILLING,15.66,23.82,84.3,16.66,15420.4,242.0,2934.8,97.8,1.294,126.3,1.33,45.1,4.14,
2023-06-30 01:30:00,OIL-SYN-011,1623.0,1566.2,Tipam,ROTARY_DRILLING,15.81,18.53,81.5,15.04,15012.1,250.7,2882.3,98.3,1.283,129.41,1.3,54.8,1.51,
2023-06-30 02:00:00,OIL-SYN-011,1639.0,1581.6,Tipam,ROTARY_DRILLING,13.5,23.95,75.5,12.73,14487.0,249.4,3104.3,98.7,1.273,129.01,1.283,48.7,1.16,
2023-06-30 02:30:00,OIL-SYN-011,1655.0,1597.0,Tipam,ROTARY_DRILLING,16.64,20.79,82.4,13.61,14822.7,237.5,3154.4,99.4,1.321,128.87,1.347,46.9,1.92,
2023-06-30 03:00:00,OIL-SYN-011,1670.9,1612.5,Tipam,ROTARY_DRILLING,16.35,21.33,86.3,15.9,14938.4,243.6,2988.1,98.3,1.335,129.81,1.372,48.3,1.88,
2023-06-30 03:30:00,OIL-SYN-011,1686.9,1627.9,Tipam,ROTARY_DRILLING,14.26,21.27,81.6,17.09,15032.6,242.4,2933.6,98.5,1.314,128.64,1.329,54.5,1.76,
2023-06-30 04:00:00,OIL-SYN-011,1702.9,1643.3,Tipam,ROTARY_DRILLING,17.24,24.43,77.8,17.27,15918.1,252.3,3096.0,99.0,1.291,127.3,1.313,45.9,2.31,
2023-06-30 04:30:00,OIL-SYN-011,1718.9,1658.7,Tipam,ROTARY_DRILLING,12.43,23.45,78.3,15.77,15060.8,244.9,2854.4,98.4,1.324,127.59,1.368,53.0,0,
2023-06-30 05:00:00,OIL-SYN-011,1734.8,1674.1,Tipam,ROTARY_DRILLING,12.96,21.96,73.4,15.42,15178.1,251.6,2968.7,100,1.299,128.8,1.334,54.3,2.11,
2023-06-30 05:30:00,OIL-SYN-011,1750.8,1689.5,Tipam,ROTARY_DRILLING,17.57,19.54,89.6,17.12,14953.4,243.7,3062.4,100.0,1.293,126.35,1.324,47.7,1.52,
2023-06-30 06:00:00,OIL-SYN-011,1766.8,1705.0,Tipam,ROTARY_DRILLING,14.89,21.63,74.3,15.49,15044.2,258.6,3023.7,98.0,1.314,127.21,1.327,47.0,1.16,
2023-06-30 06:30:00,OIL-SYN-011,1782.8,1720.4,Tipam,ROTARY_DRILLING,15.17,20.71,87.2,14.84,15591.2,255.1,2947.4,99.9,1.299,128.51,1.34,49.8,1.83,
2023-06-30 07:00:00,OIL-SYN-011,1798.7,1735.8,Tipam,ROTARY_DRILLING,16.22,26.03,93.7,17.59,15423.6,258.9,3055.5,99.4,1.342,128.07,1.376,40.2,3.47,
2023-06-30 07:30:00,OIL-SYN-011,1814.7,1751.2,Tipam,ROTARY_DRILLING,17.89,23.28,78.1,16.57,14977.9,254.0,3190.8,99.9,1.323,129.09,1.349,53.2,1.09,
2023-06-30 08:00:00,OIL-SYN-011,1830.7,1766.6,Tipam,ROTARY_DRILLING,14.95,22.08,76.1,14.63,15693.1,253.8,3137.7,98.0,1.315,128.75,1.344,48.0,0.59,
2023-06-30 08:30:00,OIL-SYN-011,1846.7,1782.0,Tipam,ROTARY_DRILLING,15.43,26.24,95.5,14.63,15845.9,261.2,3091.8,99.7,1.32,127.25,1.363,54.2,1.32,
2023-06-30 09:00:00,OIL-SYN-011,1862.6,1797.4,Tipam,ROTARY_DRILLING,22.35,23.05,77.3,17.25,15314.1,249.5,3034.7,99.9,1.318,128.43,1.354,40.2,1.96,
2023-06-30 09:30:00,OIL-SYN-011,1878.6,1812.9,Tipam,ROTARY_DRILLING,16.59,27.71,73.0,14.4,15670.0,252.8,3226.1,100,1.355,126.64,1.373,39.5,1.99,
2023-06-30 10:00:00,OIL-SYN-011,1894.6,1828.3,Tipam,ROTARY_DRILLING,15.29,28.98,80.2,17.32,15524.5,262.5,3036.6,98.8,1.341,127.11,1.384,37.5,1.33,
2023-06-30 10:30:00,OIL-SYN-011,1910.6,1843.7,Tipam,ROTARY_DRILLING,13.11,22.08,81.2,15.2,15629.8,258.3,3195.1,98.9,1.326,126.68,1.362,47.1,2.45,
2023-06-30 11:00:00,OIL-SYN-011,1926.5,1859.1,Tipam,ROTARY_DRILLING,16.94,22.38,70.2,15.43,16131.8,245.8,3128.0,99.3,1.347,127.67,1.382,47.1,1.34,
2023-06-30 11:30:00,OIL-SYN-011,1942.5,1874.5,Tipam,ROTARY_DRILLING,13.95,22.84,75.5,17.72,15565.5,244.8,3032.0,98.9,1.349,128.85,1.38,41.5,1.23,
2023-06-30 12:00:00,OIL-SYN-011,1958.5,1889.9,Tipam,ROTARY_DRILLING,13.33,21.57,72.1,18.1,15586.4,268.8,3151.9,98.5,1.335,129.91,1.374,45.3,0.84,
2023-06-30 12:30:00,OIL-SYN-011,1974.5,1905.4,Tipam,ROTARY_DRILLING,14.7,25.69,67.8,17.43,15742.4,252.0,3125.4,99.2,1.347,127.24,1.388,48.1,1.76,
2023-06-30 13:00:00,OIL-SYN-011,1990.4,1920.8,Tipam,ROTARY_DRILLING,16.89,19.56,81.6,16.39,15784.1,258.2,2894.0,99.4,1.33,128.39,1.373,41.2,2.24,
2023-06-30 13:30:00,OIL-SYN-011,2006.4,1936.2,Tipam,ROTARY_DRILLING,12.96,30.85,75.8,14.91,16406.0,260.3,3044.0,98.9,1.339,128.8,1.377,46.1,1.24,
2023-06-30 14:00:00,OIL-SYN-011,2022.4,1951.6,Tipam,ROTARY_DRILLING,16.32,21.83,82.1,17.56,15373.8,268.6,3170.5,99.2,1.337,128.26,1.381,42.8,0,
2023-06-30 14:30:00,OIL-SYN-011,2038.4,1967.0,Tipam,ROTARY_DRILLING,12.25,24.05,61.8,19.08,15942.1,261.4,2930.4,97.6,1.338,127.34,1.359,42.8,3.15,
2023-06-30 15:00:00,OIL-SYN-011,2054.3,1982.4,Girujan,ROTARY_DRILLING,15.13,23.46,83.4,14.98,16028.3,261.3,3112.8,98.3,1.354,127.39,1.379,82.7,1.78,
2023-06-30 15:30:00,OIL-SYN-011,2070.3,1997.9,Girujan,ROTARY_DRILLING,16.13,23.56,81.5,17.23,15938.8,262.3,3109.3,97.8,1.358,127.36,1.387,70.2,2.5,
2023-06-30 16:00:00,OIL-SYN-011,2086.3,2013.3,Girujan,ROTARY_DRILLING,14.27,24.64,82.2,15.39,15167.2,263.8,3098.6,100,1.364,128.16,1.399,68.5,0.99,
2023-06-30 16:30:00,OIL-SYN-011,2102.3,2028.7,Girujan,ROTARY_DRILLING,15.88,27.38,78.0,15.5,15761.3,271.3,3080.9,99.0,1.35,129.68,1.393,76.9,0.6,
2023-06-30 17:00:00,OIL-SYN-011,2118.2,2044.1,Girujan,ROTARY_DRILLING,14.29,23.66,68.3,18.67,15666.5,264.9,3019.1,99.0,1.34,129.45,1.363,77.6,2.67,
2023-06-30 17:30:00,OIL-SYN-011,2134.2,2059.5,Girujan,ROTARY_DRILLING,13.75,21.29,83.5,15.95,15967.3,267.8,3048.9,99.1,1.368,128.35,1.392,72.0,2.28,
2023-06-30 18:00:00,OIL-SYN-011,2150.2,2074.9,Girujan,ROTARY_DRILLING,15.53,24.35,75.5,15.63,15572.5,259.3,3198.2,98.8,1.355,127.57,1.389,64.7,2.22,
2023-06-30 18:30:00,OIL-SYN-011,2166.2,2090.3,Girujan,ROTARY_DRILLING,15.69,21.84,79.7,14.75,16442.7,268.8,3042.7,99.6,1.373,127.07,1.394,76.9,2.21,
2023-06-30 19:00:00,OIL-SYN-011,2182.1,2105.8,Girujan,ROTARY_DRILLING,17.24,20.06,81.3,15.78,16005.9,264.1,3239.8,99.5,1.366,130.22,1.387,77.2,1.07,
2023-06-30 19:30:00,OIL-SYN-011,2198.1,2121.2,Girujan,ROTARY_DRILLING,13.05,19.74,86.0,19.0,15950.2,270.3,3348.0,99.8,1.35,128.22,1.372,74.0,2.79,
2023-06-30 20:00:00,OIL-SYN-011,2214.1,2136.6,Girujan,ROTARY_DRILLING,15.93,23.4,79.9,17.0,15988.5,275.8,3170.3,99.3,1.358,126.62,1.378,74.1,0,
2023-06-30 20:30:00,OIL-SYN-011,2230.1,2152.0,Girujan,ROTARY_DRILLING,13.87,26.99,58.6,17.43,15869.1,270.7,3226.1,98.9,1.387,129.84,1.404,74.7,2.63,
2023-06-30 21:00:00,OIL-SYN-011,2246.0,2167.4,Girujan,ROTARY_DRILLING,15.09,26.35,89.5,18.47,15742.0,262.5,3105.3,99.3,1.389,128.1,1.429,79.8,3.63,
2023-06-30 21:30:00,OIL-SYN-011,2262.0,2182.8,Girujan,ROTARY_DRILLING,15.2,26.2,78.3,18.93,15988.2,274.6,3201.0,99.3,1.353,129.28,1.364,73.0,1.44,
2023-06-30 22:00:00,OIL-SYN-011,2278.0,2198.3,Girujan,ROTARY_DRILLING,20.62,28.7,63.6,15.99,15819.0,275.5,3199.7,99.2,1.349,128.58,1.387,66.3,2.03,
2023-06-30 22:30:00,OIL-SYN-011,2294.0,2213.7,Girujan,ROTARY_DRILLING,13.85,22.58,75.3,18.22,16172.0,285.1,3096.9,100,1.358,126.62,1.398,73.9,1.96,
2023-06-30 23:00:00,OIL-SYN-011,2309.9,2229.1,Girujan,ROTARY_DRILLING,13.34,24.12,78.6,20.38,16559.4,263.2,3268.3,99.3,1.369,127.77,1.41,68.0,1.79,
2023-06-30 23:30:00,OIL-SYN-011,2325.9,2244.5,Girujan,ROTARY_DRILLING,11.51,24.32,69.4,18.85,16827.7,265.8,3138.5,97.5,1.382,127.31,1.414,72.2,2.05,CEMENTING_ISSUE
2023-07-01 00:00:00,OIL-SYN-011,2341.9,2259.9,Girujan,ROTARY_DRILLING,16.2,27.72,67.6,17.9,17288.0,276.5,3202.4,99.1,1.372,127.32,1.411,65.7,2.52,CEMENTING_ISSUE
2023-07-01 00:30:00,OIL-SYN-011,2357.9,2275.3,Girujan,ROTARY_DRILLING,12.96,28.54,83.6,16.31,17236.4,272.4,3172.4,99.4,1.374,127.19,1.41,71.2,2.86,CEMENTING_ISSUE
2023-07-01 01:00:00,OIL-SYN-011,2373.8,2290.8,Girujan,ROTARY_DRILLING,14.61,28.89,73.5,17.49,17704.9,280.5,3102.6,98.8,1.385,128.52,1.413,68.2,2.0,CEMENTING_ISSUE
2023-07-01 01:30:00,OIL-SYN-011,2389.8,2306.2,Girujan,ROTARY_DRILLING,11.81,20.81,76.2,16.86,17669.3,261.3,3133.5,98.7,1.397,126.37,1.426,73.5,1.12,CEMENTING_ISSUE
2023-07-01 02:00:00,OIL-SYN-011,2405.8,2321.6,Girujan,ROTARY_DRILLING,18.34,18.55,66.5,17.68,17369.6,272.5,3012.6,98.5,1.387,126.84,1.424,64.6,1.7,CEMENTING_ISSUE
2023-07-01 02:30:00,OIL-SYN-011,2421.8,2337.0,Girujan,ROTARY_DRILLING,13.07,25.26,68.8,17.75,17221.2,282.4,3181.5,99.6,1.374,127.65,1.397,68.8,1.18,CEMENTING_ISSUE
2023-07-01 03:00:00,OIL-SYN-011,2437.7,2352.4,Girujan,ROTARY_DRILLING,15.45,23.16,88.5,15.07,18087.8,280.0,3257.9,100,1.384,129.1,1.421,66.6,1.32,CEMENTING_ISSUE
2023-07-01 03:30:00,OIL-SYN-011,2453.7,2367.8,Girujan,ROTARY_DRILLING,10.42,21.86,69.1,18.54,17853.7,280.0,3181.4,98.4,1.397,129.2,1.415,70.7,2.51,CEMENTING_ISSUE
2023-07-01 04:00:00,OIL-SYN-011,2469.7,2383.2,Girujan,ROTARY_DRILLING,18.35,25.66,66.1,17.43,16240.1,287.7,3086.3,98.9,1.373,128.21,1.386,70.1,1.09,
2023-07-01 04:30:00,OIL-SYN-011,2485.7,2398.7,Girujan,ROTARY_DRILLING,17.06,25.02,73.6,17.31,15927.5,285.5,3135.2,99.0,1.373,128.28,1.404,87.3,2.04,
2023-07-01 05:00:00,OIL-SYN-011,2501.6,2414.1,Girujan,ROTARY_DRILLING,14.95,26.7,69.0,19.42,16025.5,280.7,3230.7,97.8,1.402,128.51,1.437,70.8,1.83,
2023-07-01 05:30:00,OIL-SYN-011,2517.6,2429.5,Girujan,ROTARY_DRILLING,14.14,26.01,77.1,20.03,16639.5,272.3,3096.4,98.5,1.422,126.09,1.453,69.0,2.6,
2023-07-01 06:00:00,OIL-SYN-011,2533.6,2444.9,Girujan,ROTARY_DRILLING,15.75,28.77,58.7,18.8,16568.2,280.1,3259.9,98.6,1.396,127.7,1.418,67.9,1.32,
2023-07-01 06:30:00,OIL-SYN-011,2549.6,2460.3,Girujan,ROTARY_DRILLING,18.41,29.5,63.9,18.55,16658.2,276.9,3253.0,99.5,1.403,127.58,1.413,66.8,1.43,
2023-07-01 07:00:00,OIL-SYN-011,2565.5,2475.7,Lakwa,ROTARY_DRILLING,10.01,22.43,73.4,18.79,16886.5,291.5,3165.7,98.5,1.388,127.31,1.426,51.3,3.75,
2023-07-01 07:30:00,OIL-SYN-011,2581.5,2491.2,Lakwa,ROTARY_DRILLING,14.35,27.33,79.1,20.27,16396.0,285.1,3258.1,98.5,1.407,128.4,1.423,44.9,4.75,
2023-07-01 08:00:00,OIL-SYN-011,2597.5,2506.6,Lakwa,ROTARY_DRILLING,13.48,27.45,71.1,17.48,16125.6,289.3,3256.2,99.3,1.402,129.76,1.415,42.8,4.02,
2023-07-01 08:30:00,OIL-SYN-011,2613.5,2522.0,Lakwa,ROTARY_DRILLING,11.54,23.87,79.4,20.69,16622.4,279.6,3299.3,99.2,1.416,127.08,1.438,52.9,4.22,
2023-07-01 09:00:00,OIL-SYN-011,2629.4,2537.4,Lakwa,ROTARY_DRILLING,12.6,25.35,77.5,20.25,16488.7,273.6,3258.7,99.8,1.405,129.27,1.435,42.8,4.77,
2023-07-01 09:30:00,OIL-SYN-011,2645.4,2552.8,Lakwa,ROTARY_DRILLING,13.02,27.1,66.3,20.3,15912.6,299.9,3363.7,99.9,1.414,126.12,1.438,43.8,3.95,
2023-07-01 10:00:00,OIL-SYN-011,2661.4,2568.2,Lakwa,ROTARY_DRILLING,12.52,27.73,74.8,20.83,16759.1,280.6,3163.7,99.5,1.418,127.14,1.435,54.8,4.2,
2023-07-01 10:30:00,OIL-SYN-011,2677.4,2583.7,Lakwa,ROTARY_DRILLING,14.11,25.62,71.7,21.24,16705.5,295.5,3261.3,99.0,1.394,128.11,1.436,44.6,2.26,
2023-07-01 11:00:00,OIL-SYN-011,2693.3,2599.1,Lakwa,ROTARY_DRILLING,13.85,27.52,66.9,19.8,17072.2,280.7,3202.2,99.9,1.452,128.45,1.469,42.6,4.31,
2023-07-01 11:30:00,OIL-SYN-011,2709.3,2614.5,Lakwa,NPT,0,26.41,76.6,19.73,16611.3,283.7,3421.4,99.1,1.405,129.16,1.419,56.5,5.38,NPT
2023-07-01 12:00:00,OIL-SYN-011,2725.3,2629.9,Lakwa,NPT,0,29.96,51.1,19.28,16816.1,292.8,3401.8,98.1,1.434,128.67,1.46,44.2,4.04,NPT
2023-07-01 12:30:00,OIL-SYN-011,2741.3,2645.3,Lakwa,NPT,0,27.64,68.3,19.11,16231.3,275.6,3197.9,99.7,1.45,128.02,1.474,40.8,5.22,NPT
2023-07-01 13:00:00,OIL-SYN-011,2757.2,2660.7,Lakwa,NPT,0,25.73,64.6,19.36,16610.6,263.2,3320.5,98.8,1.416,127.97,1.428,46.2,3.0,NPT
2023-07-01 13:30:00,OIL-SYN-011,2773.2,2676.1,Lakwa,NPT,0,27.56,72.5,20.49,16931.3,264.5,3460.2,98.6,1.428,128.68,1.444,43.2,4.38,NPT
2023-07-01 14:00:00,OIL-SYN-011,2789.2,2691.6,Lakwa,NPT,0,29.34,89.8,20.89,15588.6,275.7,3275.0,99.6,1.447,128.1,1.481,45.3,3.36,NPT
2023-07-01 14:30:00,OIL-SYN-011,2805.2,2707.0,Lakwa,NPT,0,24.35,86.2,18.32,16639.7,271.3,3333.7,98.6,1.419,130.53,1.439,52.0,3.98,NPT
2023-07-01 15:00:00,OIL-SYN-011,2821.1,2722.4,Lakwa,NPT,0,26.21,78.4,18.61,16942.5,296.7,3300.7,98.9,1.415,127.36,1.425,52.2,5.35,NPT
2023-07-01 15:30:00,OIL-SYN-011,2837.1,2737.8,Lakwa,NPT,0,21.84,69.2,19.91,17408.4,276.9,3311.2,99.0,1.443,127.29,1.469,44.6,4.9,NPT
2023-07-01 16:00:00,OIL-SYN-011,2853.1,2753.2,Lakwa,ROTARY_DRILLING,13.02,26.51,62.9,19.96,17116.6,298.9,3295.8,99.0,1.441,127.55,1.459,46.3,4.44,
2023-07-01 16:30:00,OIL-SYN-011,2869.1,2768.6,Lakwa,ROTARY_DRILLING,15.43,27.63,73.4,20.37,16927.7,292.0,3398.5,98.6,1.422,124.95,1.448,49.9,3.43,
2023-07-01 17:00:00,OIL-SYN-011,2885.0,2784.1,Lakwa,ROTARY_DRILLING,12.21,29.6,63.5,20.16,16665.1,289.0,3248.6,98.4,1.452,126.6,1.483,46.9,4.18,
2023-07-01 17:30:00,OIL-SYN-011,2901.0,2799.5,Lakwa,ROTARY_DRILLING,17.6,24.33,63.1,20.11,17155.6,300.4,3294.8,98.8,1.454,127.9,1.485,52.0,4.65,
2023-07-01 18:00:00,OIL-SYN-011,2917.0,2814.9,Lakwa,ROTARY_DRILLING,10.89,22.1,72.0,19.87,17449.0,281.4,3323.9,98.5,1.438,129.07,1.45,52.9,4.19,
2023-07-01 18:30:00,OIL-SYN-011,2933.0,2830.3,Lakwa,ROTARY_DRILLING,13.47,24.98,62.6,19.28,17107.6,296.2,3226.4,99.5,1.449,128.53,1.48,38.9,5.26,
2023-07-01 19:00:00,OIL-SYN-011,2948.9,2845.7,Lakwa,ROTARY_DRILLING,16.83,24.95,65.9,20.89,17316.2,292.5,3522.6,100,1.447,128.54,1.475,45.8,4.62,
2023-07-01 19:30:00,OIL-SYN-011,2964.9,2861.1,Lakwa,ROTARY_DRILLING,13.09,26.45,54.3,21.47,17230.7,297.6,3358.2,98.8,1.439,128.63,1.482,40.8,2.78,
2023-07-01 20:00:00,OIL-SYN-011,2980.9,2876.5,Lakwa,ROTARY_DRILLING,8.95,26.54,70.3,22.25,16982.8,291.0,3336.2,100,1.446,128.9,1.474,38.8,3.55,
2023-07-01 20:30:00,OIL-SYN-011,2996.9,2892.0,Lakwa,ROTARY_DRILLING,17.96,26.76,66.2,20.58,17355.8,283.1,3199.2,99.6,1.456,127.32,1.485,41.8,3.43,
2023-07-01 21:00:00,OIL-SYN-011,3012.8,2907.4,Lakwa,ROTARY_DRILLING,15.74,25.31,70.7,20.69,16968.9,294.3,3344.0,99.3,1.447,129.99,1.462,38.0,6.99,
2023-07-01 21:30:00,OIL-SYN-011,3028.8,2922.8,Lakwa,ROTARY_DRILLING,14.96,31.41,70.9,21.8,17682.4,304.9,3397.8,100,1.449,128.41,1.466,52.3,4.73,
2023-07-01 22:00:00,OIL-SYN-011,3044.8,2938.2,Lakwa,ROTARY_DRILLING,14.68,26.82,76.0,18.94,16376.9,286.6,3283.5,98.6,1.458,130.08,1.493,50.6,5.34,
2023-07-01 22:30:00,OIL-SYN-011,3060.8,2953.6,Lakwa,ROTARY_DRILLING,11.38,22.81,76.7,19.39,17341.2,305.4,3256.0,99.9,1.449,128.97,1.483,41.7,3.75,
2023-07-01 23:00:00,OIL-SYN-011,3076.7,2969.0,Lakwa,ROTARY_DRILLING,13.19,30.14,75.5,20.28,16895.9,289.5,3301.7,98.0,1.496,129.05,1.529,48.8,3.5,
2023-07-01 23:30:00,OIL-SYN-011,3092.7,2984.5,Lakwa,ROTARY_DRILLING,11.27,25.34,67.6,21.34,17353.7,301.3,3448.9,99.4,1.438,128.19,1.461,46.2,3.49,
2023-07-02 00:00:00,OIL-SYN-011,3108.7,2999.9,Lakwa,ROTARY_DRILLING,13.85,27.51,63.9,19.9,16863.8,298.3,3530.7,96.7,1.482,128.31,1.506,47.6,7.62,
2023-07-02 00:30:00,OIL-SYN-011,3124.7,3015.3,Lakwa,ROTARY_DRILLING,14.89,28.29,65.6,20.4,18404.2,302.7,3439.9,87.8,1.479,121.98,1.524,48.1,5.13,MUD_LOSS
2023-07-02 01:00:00,OIL-SYN-011,3140.6,3030.7,Lakwa,ROTARY_DRILLING,15.28,27.04,66.0,22.79,17511.2,298.0,3451.8,80.5,1.441,123.34,1.456,40.6,3.39,MUD_LOSS
2023-07-02 01:30:00,OIL-SYN-011,3156.6,3046.1,Lakwa,ROTARY_DRILLING,12.55,28.27,62.2,20.72,17989.5,303.9,3258.5,74.9,1.465,123.95,1.509,39.8,3.58,MUD_LOSS
2023-07-02 02:00:00,OIL-SYN-011,3172.6,3061.5,Lakwa,ROTARY_DRILLING,17.02,22.62,65.5,22.01,18450.2,297.4,3192.9,89.2,1.469,120.28,1.491,40.3,3.87,MUD_LOSS
2023-07-02 02:30:00,OIL-SYN-011,3188.6,3077.0,Lakwa,ROTARY_DRILLING,15.65,30.2,56.3,21.49,18027.0,297.8,3394.4,82.4,1.485,124.3,1.514,46.6,3.64,MUD_LOSS
2023-07-02 03:00:00,OIL-SYN-011,3204.5,3092.4,Nahorkatiya Sand,ROTARY_DRILLING,11.75,25.64,63.3,20.81,17739.1,296.1,3458.1,74.2,1.485,118.83,1.498,37.4,2.08,MUD_LOSS
2023-07-02 03:30:00,OIL-SYN-011,3220.5,3107.8,Nahorkatiya Sand,ROTARY_DRILLING,11.1,28.86,61.7,21.23,17993.5,301.8,3578.2,81.7,1.489,118.46,1.513,41.7,2.86,MUD_LOSS
2023-07-02 04:00:00,OIL-SYN-011,3236.5,3123.2,Nahorkatiya Sand,ROTARY_DRILLING,13.77,28.36,73.8,20.64,17355.6,302.6,3456.8,89.4,1.481,125.1,1.502,48.2,2.5,MUD_LOSS
2023-07-02 04:30:00,OIL-SYN-011,3252.5,3138.6,Nahorkatiya Sand,ROTARY_DRILLING,13.68,31.72,62.4,19.73,17679.5,296.8,3401.7,79.7,1.47,124.1,1.507,51.5,2.98,MUD_LOSS
2023-07-02 05:00:00,OIL-SYN-011,3268.4,3154.0,Nahorkatiya Sand,ROTARY_DRILLING,11.18,27.48,57.2,22.86,17769.4,309.4,3381.1,98.9,1.486,128.3,1.521,43.9,2.34,
2023-07-02 05:30:00,OIL-SYN-011,3284.4,3169.4,Nahorkatiya Sand,ROTARY_DRILLING,15.53,27.22,75.1,22.82,18352.3,307.1,3312.9,99.5,1.508,127.88,1.528,46.0,1.29,
2023-07-02 06:00:00,OIL-SYN-011,3300.4,3184.9,Nahorkatiya Sand,ROTARY_DRILLING,11.21,28.34,62.0,20.36,17692.0,309.0,3368.3,98.7,1.496,129.12,1.538,45.3,2.56,
2023-07-02 06:30:00,OIL-SYN-011,3316.4,3200.3,Nahorkatiya Sand,ROTARY_DRILLING,11.64,29.28,75.7,22.01,17929.7,310.2,3467.7,99.8,1.502,129.06,1.516,38.0,0.59,
2023-07-02 07:00:00,OIL-SYN-011,3332.3,3215.7,Nahorkatiya Sand,ROTARY_DRILLING,14.66,28.14,75.6,22.16,17796.7,315.8,3451.8,99.8,1.497,127.86,1.535,33.7,2.62,
2023-07-02 07:30:00,OIL-SYN-011,3348.3,3231.1,Nahorkatiya Sand,ROTARY_DRILLING,12.03,32.45,71.0,20.96,17654.5,312.4,3356.1,97.4,1.494,128.37,1.537,46.2,1.45,
2023-07-02 08:00:00,OIL-SYN-011,3364.3,3246.5,Nahorkatiya Sand,ROTARY_DRILLING,12.27,30.74,69.1,21.62,17559.8,292.5,3510.0,99.0,1.491,126.66,1.513,47.7,0.79,
2023-07-02 08:30:00,OIL-SYN-011,3380.3,3261.9,Nahorkatiya Sand,ROTARY_DRILLING,13.37,28.34,50.6,21.06,16982.8,307.7,3392.2,97.8,1.502,129.3,1.542,46.6,0.32,
2023-07-02 09:00:00,OIL-SYN-011,3396.2,3277.4,Nahorkatiya Sand,ROTARY_DRILLING,16.55,23.83,63.6,23.5,17666.0,308.8,3458.6,98.7,1.514,126.84,1.558,44.1,1.39,
2023-07-02 09:30:00,OIL-SYN-011,3412.2,3292.8,Nahorkatiya Sand,ROTARY_DRILLING,12.7,28.89,50,22.85,18030.2,309.0,3444.3,98.3,1.502,127.46,1.524,43.1,2.78,
2023-07-02 10:00:00,OIL-SYN-011,3428.2,3308.2,Nahorkatiya Sand,ROTARY_DRILLING,12.52,28.05,61.9,22.24,18177.1,311.1,3440.5,99.0,1.517,127.17,1.531,53.0,2.52,
2023-07-02 10:30:00,OIL-SYN-011,3444.2,3323.6,Nahorkatiya Sand,ROTARY_DRILLING,13.82,29.23,66.0,20.88,17892.1,313.7,3482.5,99.5,1.513,125.86,1.551,39.3,1.24,
2023-07-02 11:00:00,OIL-SYN-011,3460.1,3339.0,Nahorkatiya Sand,ROTARY_DRILLING,8.0,24.36,68.8,20.64,18567.2,301.6,3554.3,99.6,1.506,128.04,1.543,47.7,1.61,
2023-07-02 11:30:00,OIL-SYN-011,3476.1,3354.4,Nahorkatiya Sand,ROTARY_DRILLING,12.5,28.79,59.1,21.74,18026.5,311.2,3569.4,98.0,1.521,128.67,1.557,54.2,2.21,
2023-07-02 12:00:00,OIL-SYN-011,3492.1,3369.9,Nahorkatiya Sand,ROTARY_DRILLING,13.8,24.46,63.2,22.96,17512.4,320.9,3582.8,97.4,1.521,128.36,1.543,53.0,1.99,
2023-07-02 12:30:00,OIL-SYN-011,3508.1,3385.3,Nahorkatiya Sand,ROTARY_DRILLING,10.5,23.8,64.0,24.01,17963.9,301.1,3392.4,98.2,1.506,128.07,1.535,42.8,0.96,
2023-07-02 13:00:00,OIL-SYN-011,3524.0,3400.7,Nahorkatiya Sand,ROTARY_DRILLING,16.2,28.66,60.2,22.37,18701.6,314.9,3466.2,99.0,1.507,126.36,1.541,43.9,1.96,
2023-07-02 13:30:00,OIL-SYN-011,3540,3416.1,Nahorkatiya Sand,ROTARY_DRILLING,18.04,32.71,52.0,24.99,18331.4,326.7,3294.6,97.9,1.511,127.24,1.538,45.4,1.33,
2023-07-16 06:00:00,OIL-SYN-012,1000.0,965.0,Barail,ROTARY_DRILLING,19.38,22.52,92.4,14.64,13650.9,233.7,2845.6,98.3,1.237,126.68,1.279,46.9,1.75,
2023-07-16 06:30:00,OIL-SYN-012,1015.4,979.9,Barail,ROTARY_DRILLING,16.83,21.23,86.4,13.97,13962.8,210.4,2776.6,99.4,1.246,126.29,1.257,48.0,2.05,
2023-07-16 07:00:00,OIL-SYN-012,1030.8,994.7,Barail,ROTARY_DRILLING,18.53,21.48,101.3,11.79,13796.3,221.5,2717.7,98.0,1.222,128.74,1.238,48.9,0.59,
2023-07-16 07:30:00,OIL-SYN-012,1046.2,1009.6,Barail,ROTARY_DRILLING,15.65,15.83,92.6,12.6,14033.3,238.1,2753.2,100,1.256,128.61,1.274,48.3,1.72,
2023-07-16 08:00:00,OIL-SYN-012,1061.6,1024.5,Barail,ROTARY_DRILLING,12.97,22.48,85.8,11.56,13868.7,226.8,2882.5,97.9,1.237,127.54,1.263,40.9,1.85,
2023-07-16 08:30:00,OIL-SYN-012,1077.0,1039.3,Barail,ROTARY_DRILLING,15.06,20.05,90.9,13.15,14180.9,227.2,2771.6,99.7,1.252,127.25,1.278,36.7,2.14,
2023-07-16 09:00:00,OIL-SYN-012,1092.5,1054.2,Barail,ROTARY_DRILLING,18.66,17.44,91.7,14.28,13718.4,223.9,2760.8,98.2,1.244,126.35,1.264,36.6,2.04,
2023-07-16 09:30:00,OIL-SYN-012,1107.9,1069.1,Barail,ROTARY_DRILLING,16.12,23.16,93.5,12.05,14516.3,228.8,2842.1,98.2,1.251,129.85,1.276,38.1,2.53,
2023-07-16 10:00:00,OIL-SYN-012,1123.3,1084.0,Barail,ROTARY_DRILLING,17.05,21.0,94.6,14.02,14868.1,225.0,2894.3,100,1.251,127.51,1.27,53.6,2.42,
2023-07-16 10:30:00,OIL-SYN-012,1138.7,1098.8,Barail,ROTARY_DRILLING,18.31,19.72,84.8,11.88,14417.2,228.7,2784.7,99.4,1.25,128.47,1.292,48.1,0.9,
2023-07-16 11:00:00,OIL-SYN-012,1154.1,1113.7,Barail,ROTARY_DRILLING,20.31,24.5,74.6,12.09,14835.6,222.1,3016.6,99.9,1.247,128.54,1.268,41.3,2.7,
2023-07-16 11:30:00,OIL-SYN-012,1169.5,1128.6,Barail,ROTARY_DRILLING,16.75,21.22,95.1,12.95,14466.7,238.7,2948.0,99.1,1.253,128.19,1.277,51.9,2.16,
2023-07-16 12:00:00,OIL-SYN-012,1184.9,1143.4,Barail,ROTARY_DRILLING,15.8,22.12,86.4,13.16,14244.7,220.0,2828.6,97.9,1.268,128.39,1.296,48.4,1.55,
2023-07-16 12:30:00,OIL-SYN-012,1200.3,1158.3,Barail,ROTARY_DRILLING,14.12,20.25,91.1,13.19,14489.7,232.3,2912.3,100,1.251,128.97,1.268,39.3,1.89,
2023-07-16 13:00:00,OIL-SYN-012,1215.7,1173.2,Barail,ROTARY_DRILLING,20.21,18.8,80.6,14.52,14413.3,227.2,2836.1,98.1,1.271,127.59,1.288,42.2,1.71,
2023-07-16 13:30:00,OIL-SYN-012,1231.1,1188.0,Barail,ROTARY_DRILLING,18.0,19.88,77.8,14.81,14215.2,227.9,3039.0,99.2,1.248,128.23,1.288,42.4,1.89,
2023-07-16 14:00:00,OIL-SYN-012,1246.5,1202.9,Barail,ROTARY_DRILLING,14.87,24.86,98.8,12.47,14070.6,229.4,2917.8,98.2,1.256,128.79,1.3,46.8,1.83,
2023-07-16 14:30:00,OIL-SYN-012,1261.9,1217.8,Barail,ROTARY_DRILLING,21.43,18.84,88.2,13.36,13882.3,240.4,2902.7,99.5,1.272,126.87,1.286,41.5,1.37,
2023-07-16 15:00:00,OIL-SYN-012,1277.4,1232.7,Barail,ROTARY_DRILLING,17.85,21.93,89.2,13.0,14780.3,219.4,2947.6,97.8,1.247,127.02,1.286,51.2,2.13,
2023-07-16 15:30:00,OIL-SYN-012,1292.8,1247.5,Barail,ROTARY_DRILLING,9.66,24.12,88.5,13.81,14803.9,245.2,3046.0,99.4,1.26,127.9,1.282,39.1,0.95,
2023-07-16 16:00:00,OIL-SYN-012,1308.2,1262.4,Barail,ROTARY_DRILLING,13.01,24.44,93.5,12.88,14789.6,239.3,3034.5,98.8,1.25,127.54,1.272,50.6,1.8,
2023-07-16 16:30:00,OIL-SYN-012,1323.6,1277.3,Barail,ROTARY_DRILLING,12.33,23.52,73.1,14.19,15159.0,229.3,2843.4,100,1.237,127.22,1.277,38.2,2.71,
2023-07-16 17:00:00,OIL-SYN-012,1339.0,1292.1,Barail,ROTARY_DRILLING,18.21,26.38,89.2,14.42,14976.3,244.7,2924.0,98.4,1.293,127.05,1.312,46.8,2.09,
2023-07-16 17:30:00,OIL-SYN-012,1354.4,1307.0,Barail,ROTARY_DRILLING,18.03,19.48,91.3,15.08,14570.0,238.5,2846.0,99.0,1.265,127.77,1.287,49.7,2.14,
2023-07-16 18:00:00,OIL-SYN-012,1369.8,1321.9,Barail,ROTARY_DRILLING,13.28,26.68,79.7,13.58,14902.9,239.4,2939.2,99.2,1.277,129.25,1.289,51.1,2.82,
2023-07-16 18:30:00,OIL-SYN-012,1385.2,1336.7,Barail,ROTARY_DRILLING,16.28,23.65,91.2,13.29,14863.8,250.1,2941.2,99.1,1.284,128.48,1.306,48.1,2.44,
2023-07-16 19:00:00,OIL-SYN-012,1400.6,1351.6,Tipam,ROTARY_DRILLING,17.95,26.46,89.6,13.72,14805.2,239.1,2910.2,100,1.297,127.41,1.319,37.0,1.42,
2023-07-16 19:30:00,OIL-SYN-012,1416.0,1366.5,Tipam,ROTARY_DRILLING,17.91,22.27,85.2,13.05,14719.4,228.5,2831.5,99.7,1.271,129.2,1.298,44.7,1.7,
2023-07-16 20:00:00,OIL-SYN-012,1431.4,1381.3,Tipam,ROTARY_DRILLING,16.22,21.89,91.8,16.08,15000.0,230.3,3015.2,99.7,1.249,126.97,1.287,43.1,2.85,
2023-07-16 20:30:00,OIL-SYN-012,1446.9,1396.2,Tipam,ROTARY_DRILLING,13.26,24.3,92.0,15.93,15152.5,253.4,2951.4,98.2,1.285,126.91,1.322,47.0,1.03,
2023-07-16 21:00:00,OIL-SYN-012,1462.3,1411.1,Tipam,ROTARY_DRILLING,13.67,21.79,80.9,10.48,14525.0,230.8,2986.6,99.2,1.288,128.78,1.307,49.3,1.27,
2023-07-16 21:30:00,OIL-SYN-012,1477.7,1426.0,Tipam,ROTARY_DRILLING,17.98,22.03,88.6,15.77,14517.5,250.2,2899.9,98.1,1.281,128.09,1.315,41.4,1.0,
2023-07-16 22:00:00,OIL-SYN-012,1493.1,1440.8,Tipam,ROTARY_DRILLING,12.53,24.22,98.9,12.65,14749.9,233.5,2930.0,98.8,1.29,128.29,1.303,48.0,1.48,
2023-07-16 22:30:00,OIL-SYN-012,1508.5,1455.7,Tipam,ROTARY_DRILLING,20.13,27.15,98.6,14.05,14295.8,235.3,2992.5,99.3,1.302,127.71,1.325,45.9,1.27,
2023-07-16 23:00:00,OIL-SYN-012,1523.9,1470.6,Tipam,ROTARY_DRILLING,18.76,25.05,85.3,14.61,15053.7,241.1,2938.5,98.9,1.292,128.58,1.313,50.6,1.83,
2023-07-16 23:30:00,OIL-SYN-012,1539.3,1485.4,Tipam,ROTARY_DRILLING,14.4,23.35,81.1,15.34,14756.4,242.9,2947.4,98.0,1.29,128.04,1.323,47.2,0.66,
2023-07-17 00:00:00,OIL-SYN-012,1554.7,1500.3,Tipam,ROTARY_DRILLING,19.39,21.98,86.2,15.32,14769.1,250.9,2876.0,100,1.285,129.7,1.323,45.9,2.45,
2023-07-17 00:30:00,OIL-SYN-012,1570.1,1515.2,Tipam,ROTARY_DRILLING,15.48,24.12,82.0,12.09,14360.1,242.9,2939.6,99.6,1.255,130.38,1.272,51.6,3.02,
2023-07-17 01:00:00,OIL-SYN-012,1585.5,1530.0,Tipam,ROTARY_DRILLING,22.39,22.54,70.9,16.74,14938.1,250.8,2934.2,99.3,1.281,126.41,1.307,41.3,1.66,
2023-07-17 01:30:00,OIL-SYN-012,1600.9,1544.9,Tipam,ROTARY_DRILLING,14.14,24.48,82.1,15.6,15400.0,238.0,2995.8,99.7,1.29,127.94,1.326,42.0,1.03,
2023-07-17 02:00:00,OIL-SYN-012,1616.4,1559.8,Tipam,ROTARY_DRILLING,20.46,24.03,79.6,15.24,15709.2,251.3,2912.0,100.0,1.3,129.73,1.329,44.8,0.32,
2023-07-17 02:30:00,OIL-SYN-012,1631.8,1574.6,Tipam,ROTARY_DRILLING,16.45,21.06,86.7,15.92,14959.3,247.7,3080.9,98.7,1.311,128.38,1.353,46.6,1.53,
2023-07-17 03:00:00,OIL-SYN-012,1647.2,1589.5,Tipam,ROTARY_DRILLING,18.1,23.62,92.0,14.87,15092.0,261.8,3071.2,98.3,1.297,128.12,1.318,42.1,2.13,
2023-07-17 03:30:00,OIL-SYN-012,1662.6,1604.4,Tipam,ROTARY_DRILLING,16.87,19.97,76.0,17.95,15722.1,249.7,2986.2,98.9,1.301,129.97,1.33,37.9,1.24,
2023-07-17 04:00:00,OIL-SYN-012,1678.0,1619.3,Tipam,ROTARY_DRILLING,11.21,21.5,85.1,17.65,15139.3,246.6,2997.6,99.4,1.308,128.59,1.348,45.2,1.7,
2023-07-17 04:30:00,OIL-SYN-012,1693.4,1634.1,Tipam,ROTARY_DRILLING,14.27,23.64,73.2,15.35,15064.8,266.2,2951.0,97.8,1.323,129.16,1.355,44.6,2.7,
2023-07-17 05:00:00,OIL-SYN-012,1708.8,1649.0,Tipam,ROTARY_DRILLING,17.43,20.69,88.0,16.94,15561.6,248.0,2948.1,98.2,1.294,127.53,1.311,50.1,2.87,
2023-07-17 05:30:00,OIL-SYN-012,1724.2,1663.9,Tipam,ROTARY_DRILLING,16.42,20.97,81.5,15.04,16021.6,240.1,3167.1,97.8,1.294,128.03,1.306,37.4,1.36,
2023-07-17 06:00:00,OIL-SYN-012,1739.6,1678.7,Tipam,ROTARY_DRILLING,13.74,21.73,67.8,12.88,15648.4,238.5,3108.3,98.0,1.3,128.03,1.322,45.3,3.11,
2023-07-17 06:30:00,OIL-SYN-012,1755.0,1693.6,Tipam,ROTARY_DRILLING,8.86,21.73,89.1,15.14,15928.2,255.8,3065.9,100,1.331,129.39,1.356,53.9,2.28,
2023-07-17 07:00:00,OIL-SYN-012,1770.4,1708.5,Tipam,ROTARY_DRILLING,12.84,21.03,99.9,16.32,15606.5,258.2,2979.3,98.6,1.319,128.28,1.33,44.6,2.51,
2023-07-17 07:30:00,OIL-SYN-012,1785.8,1723.3,Tipam,ROTARY_DRILLING,12.52,20.75,72.0,16.53,15187.7,250.9,3084.9,99.7,1.331,127.93,1.355,35.8,1.4,
2023-07-17 08:00:00,OIL-SYN-012,1801.3,1738.2,Tipam,ROTARY_DRILLING,16.54,22.02,83.3,16.74,15412.8,241.5,3014.3,100,1.336,127.49,1.364,35.8,1.24,
2023-07-17 08:30:00,OIL-SYN-012,1816.7,1753.1,Tipam,ROTARY_DRILLING,12.76,19.64,78.3,14.68,15385.5,252.6,3021.9,99.0,1.302,128.88,1.335,47.5,1.97,
2023-07-17 09:00:00,OIL-SYN-012,1832.1,1768.0,Tipam,ROTARY_DRILLING,15.86,22.13,80.3,15.47,14655.0,256.7,3049.4,99.0,1.332,127.86,1.354,45.2,1.88,
2023-07-17 09:30:00,OIL-SYN-012,1847.5,1782.8,Tipam,ROTARY_DRILLING,15.77,24.8,72.3,13.98,14773.6,259.7,3035.6,100,1.337,128.37,1.37,45.9,1.04,
2023-07-17 10:00:00,OIL-SYN-012,1862.9,1797.7,Tipam,ROTARY_DRILLING,14.89,23.0,86.9,14.5,15769.5,269.7,2984.5,99.6,1.314,127.79,1.342,52.7,0.16,
2023-07-17 10:30:00,OIL-SYN-012,1878.3,1812.6,Tipam,ROTARY_DRILLING,14.81,23.81,104.0,16.87,16150.0,252.0,3151.6,98.6,1.34,129.3,1.358,35.0,1.14,
2023-07-17 11:00:00,OIL-SYN-012,1893.7,1827.4,Tipam,ROTARY_DRILLING,15.86,21.98,72.3,16.53,15434.3,244.5,3004.2,100,1.347,127.34,1.378,30.9,0.82,
2023-07-17 11:30:00,OIL-SYN-012,1909.1,1842.3,Tipam,ROTARY_DRILLING,13.88,26.38,78.2,16.95,15348.6,260.8,3142.2,99.0,1.326,127.61,1.337,38.5,1.87,
2023-07-17 12:00:00,OIL-SYN-012,1924.5,1857.2,Tipam,ROTARY_DRILLING,19.83,25.31,86.3,16.75,15877.1,259.9,2966.0,99.3,1.349,127.84,1.383,48.8,2.69,
2023-07-17 12:30:00,OIL-SYN-012,1939.9,1872.0,Tipam,ROTARY_DRILLING,13.95,18.07,69.5,16.19,16344.7,262.9,3031.9,99.2,1.332,128.95,1.349,46.7,2.28,
2023-07-17 13:00:00,OIL-SYN-012,1955.3,1886.9,Tipam,ROTARY_DRILLING,13.28,25.44,66.3,16.71,15123.8,265.4,3031.0,97.8,1.342,128.81,1.367,49.7,1.91,
2023-07-17 13:30:00,OIL-SYN-012,1970.8,1901.8,Tipam,ROTARY_DRILLING,15.27,23.56,72.8,16.79,15702.5,252.9,3138.0,99.9,1.35,125.57,1.388,47.8,3.16,
2023-07-17 14:00:00,OIL-SYN-012,1986.2,1916.6,Tipam,ROTARY_DRILLING,12.29,19.07,71.9,17.52,16142.2,276.1,3121.9,100,1.347,129.78,1.358,40.1,2.1,
2023-07-17 14:30:00,OIL-SYN-012,2001.6,1931.5,Tipam,ROTARY_DRILLING,17.27,22.92,90.6,18.81,15351.5,268.4,3098.7,99.8,1.354,127.97,1.394,45.1,0,
2023-07-17 15:00:00,OIL-SYN-012,2017.0,1946.4,Tipam,ROTARY_DRILLING,19.28,20.99,80.9,16.32,15322.9,253.6,3167.7,99.5,1.385,128.26,1.411,47.1,2.26,
2023-07-17 15:30:00,OIL-SYN-012,2032.4,1961.3,Tipam,ROTARY_DRILLING,16.4,23.92,68.1,17.28,16251.2,257.7,3130.4,99.4,1.353,127.46,1.382,52.4,1.25,
2023-07-17 16:00:00,OIL-SYN-012,2047.8,1976.1,Tipam,ROTARY_DRILLING,16.12,24.31,66.8,17.23,15588.2,252.3,3137.4,99.1,1.355,129.1,1.394,42.8,2.9,
2023-07-17 16:30:00,OIL-SYN-012,2063.2,1991.0,Girujan,ROTARY_DRILLING,14.32,24.0,68.8,16.2,16089.5,255.0,3061.5,98.2,1.36,126.73,1.402,68.3,2.8,
2023-07-17 17:00:00,OIL-SYN-012,2078.6,2005.9,Girujan,ROTARY_DRILLING,15.88,28.2,88.0,18.48,15415.7,281.0,3198.7,98.6,1.383,127.21,1.397,67.4,1.46,
2023-07-17 17:30:00,OIL-SYN-012,2094.0,2020.7,Girujan,ROTARY_DRILLING,16.38,26.48,82.9,17.05,15654.6,253.9,3092.2,99.4,1.332,129.48,1.371,71.6,3.64,
2023-07-17 18:00:00,OIL-SYN-012,2109.4,2035.6,Girujan,ROTARY_DRILLING,17.46,23.93,88.3,17.5,15302.2,263.5,3100.2,98.7,1.357,129.69,1.372,77.6,2.5,
2023-07-17 18:30:00,OIL-SYN-012,2124.8,2050.5,Girujan,ROTARY_DRILLING,14.55,23.82,77.8,16.56,15874.3,266.8,3040.1,100,1.371,126.49,1.411,71.5,3.18,
2023-07-17 19:00:00,OIL-SYN-012,2140.3,2065.3,Girujan,ROTARY_DRILLING,15.44,22.93,77.2,18.34,16193.5,264.9,3136.1,97.9,1.353,127.01,1.367,77.7,2.12,
2023-07-17 19:30:00,OIL-SYN-012,2155.7,2080.2,Girujan,ROTARY_DRILLING,18.93,20.11,75.7,15.6,16198.2,255.2,3250.4,97.6,1.352,127.72,1.396,66.1,1.34,
2023-07-17 20:00:00,OIL-SYN-012,2171.1,2095.1,Girujan,ROTARY_DRILLING,16.21,23.21,80.8,17.13,15349.3,260.5,3126.5,99.6,1.377,129.47,1.406,76.2,1.47,
2023-07-17 20:30:00,OIL-SYN-012,2186.5,2110.0,Girujan,ROTARY_DRILLING,14.94,23.61,82.8,17.83,15603.9,281.1,3082.0,98.6,1.366,127.72,1.382,70.6,1.94,
2023-07-17 21:00:00,OIL-SYN-012,2201.9,2124.8,Girujan,ROTARY_DRILLING,13.66,27.03,69.8,17.49,16265.8,270.0,3205.8,98.5,1.395,128.79,1.408,75.9,2.65,
2023-07-17 21:30:00,OIL-SYN-012,2217.3,2139.7,Girujan,ROTARY_DRILLING,15.96,23.38,64.4,16.76,16489.0,278.8,3132.1,98.8,1.355,126.05,1.373,75.6,1.25,
2023-07-17 22:00:00,OIL-SYN-012,2232.7,2154.6,Girujan,ROTARY_DRILLING,15.53,25.33,86.3,17.94,16379.2,268.1,3256.3,99.4,1.369,127.75,1.404,69.9,1.23,
2023-07-17 22:30:00,OIL-SYN-012,2248.1,2169.4,Girujan,ROTARY_DRILLING,12.2,30.39,77.2,19.19,16263.0,265.0,3146.7,99.8,1.369,128.08,1.41,63.8,2.92,
2023-07-17 23:00:00,OIL-SYN-012,2263.5,2184.3,Girujan,ROTARY_DRILLING,11.98,21.58,79.9,17.78,15447.7,275.3,3208.8,99.3,1.373,127.78,1.392,72.1,1.27,
2023-07-17 23:30:00,OIL-SYN-012,2278.9,2199.2,Girujan,ROTARY_DRILLING,14.43,24.92,76.6,17.7,15347.0,273.9,3131.7,98.9,1.38,130.7,1.414,71.7,2.67,
2023-07-18 00:00:00,OIL-SYN-012,2294.3,2214.0,Girujan,ROTARY_DRILLING,11.87,23.26,80.3,18.33,16891.2,289.4,3166.7,100.0,1.351,126.32,1.388,81.0,2.16,
2023-07-18 00:30:00,OIL-SYN-012,2309.7,2228.9,Girujan,ROTARY_DRILLING,16.18,28.89,77.4,17.35,16145.5,269.1,3240.7,98.5,1.374,127.09,1.406,74.5,1.89,
2023-07-18 01:00:00,OIL-SYN-012,2325.2,2243.8,Girujan,ROTARY_DRILLING,10.83,22.71,80.5,19.05,16479.8,274.7,3150.2,99.1,1.406,128.71,1.421,69.2,2.88,
2023-07-18 01:30:00,OIL-SYN-012,2340.6,2258.6,Girujan,ROTARY_DRILLING,13.48,21.67,72.8,19.28,16442.9,270.9,3128.7,98.7,1.378,128.29,1.416,76.1,1.32,
2023-07-18 02:00:00,OIL-SYN-012,2356.0,2273.5,Girujan,ROTARY_DRILLING,16.14,21.73,98.8,15.77,16106.9,283.0,3112.4,98.3,1.366,130.52,1.394,65.9,1.25,
2023-07-18 02:30:00,OIL-SYN-012,2371.4,2288.4,Girujan,ROTARY_DRILLING,16.12,24.91,73.0,18.17,15580.2,261.6,3240.5,98.5,1.428,128.4,1.439,72.7,1.52,
2023-07-18 03:00:00,OIL-SYN-012,2386.8,2303.3,Girujan,ROTARY_DRILLING,16.31,27.19,69.0,19.89,15855.2,269.4,3164.2,97.7,1.376,126.46,1.399,80.2,1.3,
2023-07-18 03:30:00,OIL-SYN-012,2402.2,2318.1,Girujan,ROTARY_DRILLING,14.41,26.56,83.3,16.99,15730.5,273.5,3046.9,97.1,1.377,127.2,1.395,74.3,1.18,
2023-07-18 04:00:00,OIL-SYN-012,2417.6,2333.0,Girujan,ROTARY_DRILLING,19.31,19.84,85.4,17.93,16522.0,280.4,3071.6,98.4,1.384,126.47,1.412,71.0,1.53,
2023-07-18 04:30:00,OIL-SYN-012,2433.0,2347.9,Girujan,ROTARY_DRILLING,16.87,23.54,74.3,21.44,15887.0,283.4,3216.8,99.4,1.386,126.02,1.43,64.0,1.53,
2023-07-18 05:00:00,OIL-SYN-012,2448.4,2362.7,Girujan,ROTARY_DRILLING,12.35,25.74,81.7,19.4,16526.7,289.9,3115.4,99.5,1.399,126.9,1.432,69.6,1.51,
2023-07-18 05:30:00,OIL-SYN-012,2463.8,2377.6,Girujan,ROTARY_DRILLING,12.0,25.57,79.5,18.15,16557.2,272.9,3085.4,99.4,1.409,127.56,1.44,65.3,1.23,
2023-07-18 06:00:00,OIL-SYN-012,2479.2,2392.5,Girujan,NPT,0,27.05,81.0,17.62,16115.3,286.7,3148.9,99.8,1.422,126.91,1.445,79.0,2.07,NPT
2023-07-18 06:30:00,OIL-SYN-012,2494.7,2407.3,Girujan,NPT,0,25.17,63.7,19.86,15665.9,272.9,3098.2,99.4,1.408,128.79,1.434,79.1,3.23,NPT
2023-07-18 07:00:00,OIL-SYN-012,2510.1,2422.2,Girujan,NPT,0,28.98,74.4,19.65,16413.0,272.0,3259.4,100,1.401,128.25,1.44,72.8,2.04,NPT
2023-07-18 07:30:00,OIL-SYN-012,2525.5,2437.1,Girujan,NPT,0,27.4,64.1,19.88,17268.2,262.0,3372.6,97.7,1.415,128.05,1.454,72.6,1.87,NPT
2023-07-18 08:00:00,OIL-SYN-012,2540.9,2451.9,Girujan,NPT,0,24.28,57.8,18.15,16722.0,289.0,3139.5,98.9,1.382,126.45,1.403,72.1,2.51,NPT
2023-07-18 08:30:00,OIL-SYN-012,2556.3,2466.8,Lakwa,NPT,0,27.45,87.1,19.46,16631.1,288.1,3255.2,98.5,1.384,128.1,1.408,51.0,3.52,NPT
2023-07-18 09:00:00,OIL-SYN-012,2571.7,2481.7,Lakwa,NPT,0,27.15,78.0,19.04,16728.4,286.5,3317.8,100,1.429,128.34,1.458,42.9,4.16,NPT
2023-07-18 09:30:00,OIL-SYN-012,2587.1,2496.6,Lakwa,NPT,0,26.7,76.2,17.45,16469.3,271.1,3162.9,98.5,1.383,127.8,1.426,45.3,4.88,NPT
2023-07-18 10:00:00,OIL-SYN-012,2602.5,2511.4,Lakwa,NPT,0,24.1,54.5,18.87,17016.8,288.4,3377.6,99.9,1.429,127.38,1.441,48.6,3.46,NPT
2023-07-18 10:30:00,OIL-SYN-012,2617.9,2526.3,Lakwa,ROTARY_DRILLING,15.37,28.58,50,21.23,16495.0,275.8,3251.4,98.6,1.443,129.33,1.484,39.5,4.22,
2023-07-18 11:00:00,OIL-SYN-012,2633.3,2541.2,Lakwa,ROTARY_DRILLING,9.19,27.02,79.4,19.84,16120.1,280.8,3196.0,100,1.428,126.34,1.452,41.8,3.19,
2023-07-18 11:30:00,OIL-SYN-012,2648.7,2556.0,Lakwa,ROTARY_DRILLING,13.44,22.12,67.9,20.4,16614.8,279.1,3237.8,97.7,1.431,127.77,1.454,50.2,5.05,
2023-07-18 12:00:00,OIL-SYN-012,2664.2,2570.9,Lakwa,ROTARY_DRILLING,12.9,30.88,71.9,20.01,17408.0,286.7,3167.2,98.9,1.422,127.52,1.457,41.2,4.8,
2023-07-18 12:30:00,OIL-SYN-012,2679.6,2585.8,Lakwa,ROTARY_DRILLING,14.94,24.03,87.5,18.3,17099.7,274.9,3335.9,99.8,1.428,127.19,1.472,45.1,3.41,
2023-07-18 13:00:00,OIL-SYN-012,2695.0,2600.6,Lakwa,ROTARY_DRILLING,15.03,23.23,52.1,18.83,16787.6,275.9,3304.2,99.7,1.418,130.34,1.446,51.2,3.55,
2023-07-18 13:30:00,OIL-SYN-012,2710.4,2615.5,Lakwa,ROTARY_DRILLING,14.51,25.51,70.1,20.7,16466.3,283.5,3169.3,99.8,1.43,127.54,1.446,45.0,3.53,
2023-07-18 14:00:00,OIL-SYN-012,2725.8,2630.4,Lakwa,ROTARY_DRILLING,13.65,28.08,70.9,20.84,17135.8,284.2,3393.8,98.4,1.417,128.28,1.428,45.4,4.27,
2023-07-18 14:30:00,OIL-SYN-012,2741.2,2645.3,Lakwa,ROTARY_DRILLING,8.27,20.76,77.5,18.65,16636.0,273.3,3143.1,100,1.415,126.26,1.449,43.4,3.86,
2023-07-18 15:00:00,OIL-SYN-012,2756.6,2660.1,Lakwa,ROTARY_DRILLING,16.31,26.81,64.0,21.25,16669.1,284.0,3303.9,98.2,1.452,128.57,1.489,41.4,4.81,
2023-07-18 15:30:00,OIL-SYN-012,2772.0,2675.0,Lakwa,ROTARY_DRILLING,11.76,26.82,78.2,19.61,17057.3,271.8,3334.7,97.6,1.44,126.89,1.453,48.7,4.4,
2023-07-18 16:00:00,OIL-SYN-012,2787.4,2689.9,Lakwa,ROTARY_DRILLING,15.66,23.22,78.3,20.12,16639.9,291.5,3277.6,98.3,1.418,127.21,1.462,42.1,4.56,
2023-07-18 16:30:00,OIL-SYN-012,2802.8,2704.7,Lakwa,ROTARY_DRILLING,15.67,28.98,50,19.81,17070.8,296.2,3192.7,100,1.426,128.6,1.446,39.7,4.32,
2023-07-18 17:00:00,OIL-SYN-012,2818.2,2719.6,Lakwa,ROTARY_DRILLING,15.95,24.85,70.5,21.61,16876.5,290.9,3182.9,99.8,1.414,128.17,1.427,52.9,4.41,
2023-07-18 17:30:00,OIL-SYN-012,2833.6,2734.5,Lakwa,ROTARY_DRILLING,15.95,24.72,86.5,20.16,16963.9,277.1,3317.8,98.9,1.408,127.69,1.433,46.6,4.88,
2023-07-18 18:00:00,OIL-SYN-012,2849.1,2749.3,Lakwa,ROTARY_DRILLING,11.13,26.76,81.0,16.58,17008.7,292.2,3370.6,98.2,1.452,127.63,1.481,43.9,4.74,
2023-07-18 18:30:00,OIL-SYN-012,2864.5,2764.2,Lakwa,ROTARY_DRILLING,13.27,28.09,76.9,17.89,16836.1,297.1,3250.9,90.4,1.438,116.04,1.47,49.6,4.12,MUD_LOSS
2023-07-18 19:00:00,OIL-SYN-012,2879.9,2779.1,Lakwa,ROTARY_DRILLING,12.48,29.63,77.1,17.09,17839.1,302.4,3415.0,83.3,1.427,118.78,1.467,47.3,4.53,MUD_LOSS
2023-07-18 19:30:00,OIL-SYN-012,2895.3,2793.9,Lakwa,ROTARY_DRILLING,11.96,28.69,75.9,18.55,17535.5,278.7,3371.4,85.4,1.459,118.81,1.493,38.1,4.89,MUD_LOSS
2023-07-18 20:00:00,OIL-SYN-012,2910.7,2808.8,Lakwa,ROTARY_DRILLING,13.19,27.83,66.0,19.01,17397.1,295.3,3421.9,83.6,1.438,121.79,1.473,47.2,4.46,MUD_LOSS
2023-07-18 20:30:00,OIL-SYN-012,2926.1,2823.7,Lakwa,ROTARY_DRILLING,9.89,25.92,70.5,19.18,17801.5,278.3,3261.9,89.8,1.454,123.23,1.47,49.8,4.87,MUD_LOSS
2023-07-18 21:00:00,OIL-SYN-012,2941.5,2838.6,Lakwa,ROTARY_DRILLING,13.1,26.83,65.2,18.44,17691.3,294.2,3336.0,88.1,1.464,116.01,1.481,41.5,3.68,MUD_LOSS
2023-07-18 21:30:00,OIL-SYN-012,2956.9,2853.4,Lakwa,ROTARY_DRILLING,12.57,21.99,71.6,21.25,17418.8,290.1,3330.1,74.7,1.443,119.24,1.477,39.2,2.87,MUD_LOSS
2023-07-18 22:00:00,OIL-SYN-012,2972.3,2868.3,Lakwa,ROTARY_DRILLING,14.17,29.32,68.2,20.03,17034.2,287.3,3452.6,88.1,1.439,118.31,1.45,46.4,2.66,MUD_LOSS
2023-07-18 22:30:00,OIL-SYN-012,2987.7,2883.2,Lakwa,ROTARY_DRILLING,11.31,24.35,69.1,18.99,17446.8,292.1,3310.5,79.1,1.448,117.8,1.463,44.3,4.89,MUD_LOSS
2023-07-18 23:00:00,OIL-SYN-012,3003.1,2898.0,Lakwa,ROTARY_DRILLING,13.94,26.51,69.8,21.44,17860.8,299.0,3389.7,83.1,1.464,125.38,1.483,47.4,3.82,MUD_LOSS
2023-07-18 23:30:00,OIL-SYN-012,3018.6,2912.9,Lakwa,ROTARY_DRILLING,15.4,25.37,58.1,20.67,17743.1,294.4,3481.6,98.7,1.46,127.33,1.47,35.8,4.5,
2023-07-19 00:00:00,OIL-SYN-012,3034.0,2927.8,Lakwa,ROTARY_DRILLING,12.99,27.85,65.8,21.23,17598.0,299.3,3540.4,99.4,1.464,125.97,1.479,46.1,4.35,
2023-07-19 00:30:00,OIL-SYN-012,3049.4,2942.6,Lakwa,ROTARY_DRILLING,11.26,22.74,59.6,20.58,17242.8,298.2,3256.6,98.9,1.448,128.81,1.473,41.0,3.52,
2023-07-19 01:00:00,OIL-SYN-012,3064.8,2957.5,Lakwa,ROTARY_DRILLING,12.73,24.95,64.1,20.76,17015.0,294.3,3377.2,97.6,1.458,127.82,1.5,38.0,4.0,
2023-07-19 01:30:00,OIL-SYN-012,3080.2,2972.4,Lakwa,ROTARY_DRILLING,14.91,31.3,54.5,19.74,17641.0,291.7,3302.5,100,1.424,128.33,1.438,44.8,3.29,
2023-07-19 02:00:00,OIL-SYN-012,3095.6,2987.3,Lakwa,ROTARY_DRILLING,15.08,27.37,68.7,18.37,17345.9,302.4,3502.6,98.1,1.461,127.77,1.499,49.6,4.16,
2023-07-19 02:30:00,OIL-SYN-012,3111.0,3002.1,Lakwa,ROTARY_DRILLING,13.86,26.45,77.9,22.42,17460.7,290.7,3423.4,98.9,1.451,127.7,1.479,41.6,3.27,
2023-07-19 03:00:00,OIL-SYN-012,3126.4,3017.0,Lakwa,ROTARY_DRILLING,15.52,26.66,55.5,23.18,18197.4,300.2,3234.5,99.0,1.455,127.47,1.497,47.7,4.33,
2023-07-19 03:30:00,OIL-SYN-012,3141.8,3031.9,Lakwa,ROTARY_DRILLING,13.48,24.53,63.9,22.32,17450.8,296.2,3325.7,100,1.436,127.78,1.454,38.0,3.86,
2023-07-19 04:00:00,OIL-SYN-012,3157.2,3046.7,Lakwa,ROTARY_DRILLING,15.88,21.52,69.9,19.06,18147.6,307.0,3375.8,98.4,1.466,128.56,1.494,44.9,4.2,
2023-07-19 04:30:00,OIL-SYN-012,3172.6,3061.6,Lakwa,ROTARY_DRILLING,11.82,28.74,80.5,21.24,17203.6,307.6,3318.9,98.0,1.456,127.39,1.469,44.3,4.59,
2023-07-19 05:00:00,OIL-SYN-012,3188.1,3076.5,Lakwa,ROTARY_DRILLING,16.4,27.41,56.3,21.16,17264.5,290.1,3412.8,99.1,1.508,126.79,1.532,38.8,4.07,
2023-07-19 05:30:00,OIL-SYN-012,3203.5,3091.3,Nahorkatiya Sand,ROTARY_DRILLING,14.22,30.8,77.0,20.78,17122.2,298.2,3591.2,98.5,1.489,129.16,1.519,46.2,2.78,
2023-07-19 06:00:00,OIL-SYN-012,3218.9,3106.2,Nahorkatiya Sand,ROTARY_DRILLING,11.67,27.0,65.4,23.65,18205.6,298.5,3315.4,96.8,1.463,128.62,1.506,42.2,0.91,
2023-07-19 06:30:00,OIL-SYN-012,3234.3,3121.1,Nahorkatiya Sand,ROTARY_DRILLING,9.97,30.06,58.6,21.05,17239.8,319.3,3353.1,99.4,1.451,127.97,1.468,35.5,1.92,
2023-07-19 07:00:00,OIL-SYN-012,3249.7,3135.9,Nahorkatiya Sand,ROTARY_DRILLING,11.97,24.78,67.3,21.83,17447.3,287.9,3399.3,98.1,1.484,127.5,1.521,47.5,1.27,
2023-07-19 07:30:00,OIL-SYN-012,3265.1,3150.8,Nahorkatiya Sand,ROTARY_DRILLING,13.55,33.65,70.8,19.28,17964.6,309.3,3350.2,97.4,1.487,128.92,1.528,46.3,1.77,
2023-07-19 08:00:00,OIL-SYN-012,3280.5,3165.7,Nahorkatiya Sand,ROTARY_DRILLING,10.02,29.32,50,21.05,18166.1,312.2,3445.9,100,1.514,128.9,1.543,49.9,1.06,
2023-07-19 08:30:00,OIL-SYN-012,3295.9,3180.6,Nahorkatiya Sand,ROTARY_DRILLING,4.22,28.43,50,57.63,17696.4,342.4,3419.3,99.3,1.478,127.77,1.497,41.9,1.5,STUCK_PIPE
2023-07-19 09:00:00,OIL-SYN-012,3311.3,3195.4,Nahorkatiya Sand,ROTARY_DRILLING,3.41,27.82,70.9,55.48,17998.0,349.5,3505.4,98.6,1.494,127.21,1.511,34.3,2.72,STUCK_PIPE
2023-07-19 09:30:00,OIL-SYN-012,3326.7,3210.3,Nahorkatiya Sand,ROTARY_DRILLING,3.77,23.79,63.0,45.48,18871.5,361.0,3318.7,98.8,1.49,128.38,1.505,46.2,2.21,STUCK_PIPE
2023-07-19 10:00:00,OIL-SYN-012,3342.1,3225.2,Nahorkatiya Sand,ROTARY_DRILLING,3.28,29.05,65.5,45.53,17854.4,343.0,3376.8,99.9,1.488,128.56,1.523,42.5,2.25,STUCK_PIPE
2023-07-19 10:30:00,OIL-SYN-012,3357.5,3240.0,Nahorkatiya Sand,ROTARY_DRILLING,3.41,26.46,69.1,53.44,17426.0,362.1,3551.9,98.0,1.487,127.98,1.498,44.4,1.92,STUCK_PIPE
2023-07-19 11:00:00,OIL-SYN-012,3373.0,3254.9,Nahorkatiya Sand,ROTARY_DRILLING,2.8,29.79,70.3,35.45,18065.8,348.2,3666.8,98.5,1.506,126.89,1.544,50.0,1.4,STUCK_PIPE
2023-07-19 11:30:00,OIL-SYN-012,3388.4,3269.8,Nahorkatiya Sand,ROTARY_DRILLING,3.46,31.02,63.4,58.43,18002.6,362.4,3353.8,99.7,1.466,127.79,1.503,50.7,2.07,STUCK_PIPE
2023-07-19 12:00:00,OIL-SYN-012,3403.8,3284.6,Nahorkatiya Sand,ROTARY_DRILLING,3.37,23.81,66.8,36.88,17340.3,327.1,3421.9,98.2,1.517,128.64,1.539,38.8,2.05,STUCK_PIPE
2023-07-19 12:30:00,OIL-SYN-012,3419.2,3299.5,Nahorkatiya Sand,ROTARY_DRILLING,2.37,29.12,55.4,49.06,17878.9,329.2,3533.1,100,1.487,125.91,1.526,38.8,1.58,STUCK_PIPE
2023-07-19 13:00:00,OIL-SYN-012,3434.6,3314.4,Nahorkatiya Sand,ROTARY_DRILLING,5.99,23.74,63.7,18.71,18136.5,304.2,3550.7,99.4,1.505,127.78,1.547,40.1,1.72,
2023-07-19 13:30:00,OIL-SYN-012,3450,3329.2,Nahorkatiya Sand,ROTARY_DRILLING,13.79,25.94,50,20.52,18139.4,320.9,3446.3,99.2,1.457,127.75,1.476,40.4,1.38,
2023-08-02 06:00:00,OIL-SYN-013,1000.0,965.0,Barail,ROTARY_DRILLING,16.39,22.39,101.1,13.5,14808.4,221.2,2828.1,98.9,1.255,126.17,1.288,49.6,2.63,
2023-08-02 06:30:00,OIL-SYN-013,1018.8,983.2,Barail,ROTARY_DRILLING,13.66,19.55,100.8,14.12,14203.2,218.8,2797.6,100,1.236,128.57,1.27,51.2,2.76,
2023-08-02 07:00:00,OIL-SYN-013,1037.7,1001.4,Barail,ROTARY_DRILLING,14.52,19.58,90.3,14.42,14365.7,223.3,2950.5,98.0,1.229,127.23,1.239,48.7,1.28,
2023-08-02 07:30:00,OIL-SYN-013,1056.5,1019.5,Barail,ROTARY_DRILLING,16.55,17.32,83.4,12.38,14296.4,236.3,2925.3,99.1,1.219,127.91,1.243,43.1,2.95,
2023-08-02 08:00:00,OIL-SYN-013,1075.3,1037.7,Barail,ROTARY_DRILLING,14.88,19.42,89.0,13.0,14037.6,217.5,2891.7,99.6,1.224,126.59,1.237,46.4,3.22,
2023-08-02 08:30:00,OIL-SYN-013,1094.2,1055.9,Barail,ROTARY_DRILLING,16.77,23.01,101.3,13.61,13875.8,231.9,2881.3,99.4,1.247,128.54,1.276,45.5,1.81,
2023-08-02 09:00:00,OIL-SYN-013,1113.0,1074.1,Barail,ROTARY_DRILLING,15.33,23.96,94.9,14.64,13794.5,231.7,2830.3,98.8,1.226,128.35,1.265,55.2,0.51,
2023-08-02 09:30:00,OIL-SYN-013,1131.9,1092.2,Barail,ROTARY_DRILLING,14.73,21.9,88.7,14.2,13847.8,226.6,2799.7,99.6,1.261,128.23,1.277,36.8,2.02,
2023-08-02 10:00:00,OIL-SYN-013,1150.7,1110.4,Barail,ROTARY_DRILLING,16.25,22.41,86.5,14.47,14380.2,237.0,2893.8,99.4,1.252,127.81,1.284,43.2,1.37,
2023-08-02 10:30:00,OIL-SYN-013,1169.5,1128.6,Barail,ROTARY_DRILLING,17.78,18.9,90.0,14.34,14407.5,215.5,2794.5,99.6,1.238,127.93,1.263,45.3,1.71,
2023-08-02 11:00:00,OIL-SYN-013,1188.4,1146.8,Barail,ROTARY_DRILLING,13.06,25.06,85.3,14.83,14261.5,232.6,2794.6,99.9,1.243,129.29,1.269,44.2,1.23,
2023-08-02 11:30:00,OIL-SYN-013,1207.2,1164.9,Barail,ROTARY_DRILLING,21.66,20.41,79.3,12.9,13789.7,232.1,2830.4,99.1,1.272,126.67,1.294,37.6,0.77,
2023-08-02 12:00:00,OIL-SYN-013,1226.0,1183.1,Barail,ROTARY_DRILLING,13.38,18.84,89.4,13.87,14462.0,228.4,2801.5,98.0,1.236,127.59,1.248,35.5,1.45,
2023-08-02 12:30:00,OIL-SYN-013,1244.9,1201.3,Barail,ROTARY_DRILLING,18.95,18.79,87.2,14.02,15123.3,233.0,2929.9,99.0,1.243,129.25,1.266,50.5,2.48,
2023-08-02 13:00:00,OIL-SYN-013,1263.7,1219.5,Barail,ROTARY_DRILLING,13.83,20.93,88.6,14.23,14710.9,228.6,2855.5,99.0,1.299,129.62,1.328,46.5,2.24,
2023-08-02 13:30:00,OIL-SYN-013,1282.5,1237.7,Barail,ROTARY_DRILLING,17.44,20.91,87.2,14.73,14212.1,231.2,3019.9,100,1.269,126.85,1.299,40.5,0.69,
2023-08-02 14:00:00,OIL-SYN-013,1301.4,1255.8,Barail,ROTARY_DRILLING,15.95,18.37,86.9,12.79,14386.4,240.7,3048.7,99.9,1.259,126.97,1.302,40.5,2.21,
2023-08-02 14:30:00,OIL-SYN-013,1320.2,1274.0,Barail,ROTARY_DRILLING,21.74,24.2,96.2,14.28,14408.3,247.8,2854.0,98.1,1.271,126.27,1.283,49.6,1.23,
2023-08-02 15:00:00,OIL-SYN-013,1339.1,1292.2,Barail,ROTARY_DRILLING,13.26,22.57,90.6,14.04,14628.0,232.2,3066.9,97.0,1.258,127.11,1.273,46.6,2.56,
2023-08-02 15:30:00,OIL-SYN-013,1357.9,1310.4,Barail,ROTARY_DRILLING,19.2,23.05,100.9,13.67,14565.2,243.5,2949.3,99.5,1.276,128.41,1.305,36.9,0.31,
2023-08-02 16:00:00,OIL-SYN-013,1376.7,1328.5,Barail,ROTARY_DRILLING,12.57,21.82,93.7,12.88,14085.5,228.8,2921.9,99.2,1.248,127.49,1.282,51.7,1.72,
2023-08-02 16:30:00,OIL-SYN-013,1395.6,1346.7,Barail,ROTARY_DRILLING,20.61,21.57,93.0,13.16,14868.3,234.2,2976.1,98.6,1.264,126.77,1.29,49.3,0.89,
2023-08-02 17:00:00,OIL-SYN-013,1414.4,1364.9,Tipam,ROTARY_DRILLING,17.94,21.93,86.4,12.26,14589.3,237.3,3017.2,99.8,1.283,130.62,1.309,44.1,2.17,
2023-08-02 17:30:00,OIL-SYN-013,1433.2,1383.1,Tipam,ROTARY_DRILLING,14.88,19.69,97.7,14.38,14335.6,246.7,2726.3,98.3,1.301,127.06,1.324,49.8,0.4,
2023-08-02 18:00:00,OIL-SYN-013,1452.1,1401.3,Tipam,ROTARY_DRILLING,14.5,25.02,83.0,14.54,15094.5,230.9,2972.0,99.2,1.29,127.67,1.332,45.4,1.23,
2023-08-02 18:30:00,OIL-SYN-013,1470.9,1419.4,Tipam,ROTARY_DRILLING,15.07,21.78,86.9,13.59,15259.8,248.8,2959.0,98.6,1.29,128.48,1.311,39.9,0.85,
2023-08-02 19:00:00,OIL-SYN-013,1489.7,1437.6,Tipam,ROTARY_DRILLING,16.98,22.5,87.2,13.6,14365.7,227.3,2996.7,97.8,1.307,127.7,1.35,49.7,1.49,
2023-08-02 19:30:00,OIL-SYN-013,1508.6,1455.8,Tipam,ROTARY_DRILLING,17.55,23.32,88.2,13.12,14450.9,239.3,3049.9,99.9,1.269,128.66,1.291,43.0,1.56,
2023-08-02 20:00:00,OIL-SYN-013,1527.4,1474.0,Tipam,ROTARY_DRILLING,15.78,22.97,97.4,16.27,15565.8,245.1,2985.9,99.0,1.298,127.17,1.342,46.5,2.16,
2023-08-02 20:30:00,OIL-SYN-013,1546.3,1492.1,Tipam,ROTARY_DRILLING,17.22,23.34,85.1,14.87,14666.2,236.6,3106.4,98.8,1.285,128.94,1.312,45.5,1.48,
2023-08-02 21:00:00,OIL-SYN-013,1565.1,1510.3,Tipam,ROTARY_DRILLING,15.29,24.39,77.0,14.44,14868.7,254.6,2985.9,99.7,1.271,125.47,1.313,40.8,1.22,
2023-08-02 21:30:00,OIL-SYN-013,1583.9,1528.5,Tipam,ROTARY_DRILLING,15.74,24.24,96.0,13.74,14845.1,237.1,2903.7,99.2,1.307,128.68,1.335,47.5,0.83,
2023-08-02 22:00:00,OIL-SYN-013,1602.8,1546.7,Tipam,ROTARY_DRILLING,18.12,25.95,84.9,14.81,14880.1,250.6,3059.0,98.5,1.287,127.18,1.299,40.5,2.09,
2023-08-02 22:30:00,OIL-SYN-013,1621.6,1564.8,Tipam,ROTARY_DRILLING,8.55,26.25,74.1,14.49,15043.7,248.8,3054.7,99.3,1.285,128.8,1.309,57.3,1.76,
2023-08-02 23:00:00,OIL-SYN-013,1640.4,1583.0,Tipam,ROTARY_DRILLING,14.36,28.61,94.1,14.17,14225.5,247.1,2962.6,91.2,1.304,122.41,1.339,50.3,3.58,MUD_LOSS
2023-08-02 23:30:00,OIL-SYN-013,1659.3,1601.2,Tipam,ROTARY_DRILLING,18.61,23.31,75.3,15.85,15821.0,248.9,3188.9,90.9,1.31,121.29,1.332,53.5,1.08,MUD_LOSS
2023-08-03 00:00:00,OIL-SYN-013,1678.1,1619.4,Tipam,ROTARY_DRILLING,14.27,23.21,80.7,15.29,14720.4,251.1,2960.2,91.2,1.28,124.03,1.31,47.3,1.58,MUD_LOSS
2023-08-03 00:30:00,OIL-SYN-013,1696.9,1637.6,Tipam,ROTARY_DRILLING,15.0,22.24,90.7,15.83,15550.3,245.2,2939.2,74.7,1.3,118.21,1.329,48.7,1.65,MUD_LOSS
2023-08-03 01:00:00,OIL-SYN-013,1715.8,1655.7,Tipam,ROTARY_DRILLING,15.35,23.05,78.1,16.85,15532.6,245.1,3101.6,84.8,1.308,121.75,1.32,54.4,3.33,MUD_LOSS
2023-08-03 01:30:00,OIL-SYN-013,1734.6,1673.9,Tipam,ROTARY_DRILLING,15.69,26.89,82.0,16.52,15543.9,247.9,2916.2,75.9,1.274,120.6,1.284,42.2,2.67,MUD_LOSS
2023-08-03 02:00:00,OIL-SYN-013,1753.5,1692.1,Tipam,ROTARY_DRILLING,18.33,24.69,77.4,15.9,15394.6,261.1,3057.0,88.9,1.296,124.64,1.337,42.5,0.93,MUD_LOSS
2023-08-03 02:30:00,OIL-SYN-013,1772.3,1710.3,Tipam,ROTARY_DRILLING,16.05,25.7,75.4,13.86,15349.8,263.3,3057.5,82.5,1.321,117.14,1.336,48.0,0.91,MUD_LOSS
2023-08-03 03:00:00,OIL-SYN-013,1791.1,1728.4,Tipam,ROTARY_DRILLING,17.26,19.01,90.2,14.27,15144.4,250.5,3095.9,97.9,1.306,128.31,1.33,51.9,0.17,
2023-08-03 03:30:00,OIL-SYN-013,1810.0,1746.6,Tipam,ROTARY_DRILLING,15.97,23.49,73.3,14.72,15336.5,239.6,2982.3,98.2,1.327,129.38,1.359,48.6,1.99,
2023-08-03 04:00:00,OIL-SYN-013,1828.8,1764.8,Tipam,ROTARY_DRILLING,14.4,30.9,73.6,16.77,15074.1,246.5,3132.2,100,1.314,127.33,1.352,43.4,0.3,
2023-08-03 04:30:00,OIL-SYN-013,1847.6,1783.0,Tipam,ROTARY_DRILLING,16.82,16.42,80.8,16.64,15556.1,260.4,3111.3,99.7,1.305,128.06,1.329,42.7,1.96,
2023-08-03 05:00:00,OIL-SYN-013,1866.5,1801.2,Tipam,ROTARY_DRILLING,15.82,23.75,87.2,18.15,15183.5,245.6,3226.8,99.0,1.328,127.65,1.354,46.9,3.03,
2023-08-03 05:30:00,OIL-SYN-013,1885.3,1819.3,Tipam,ROTARY_DRILLING,17.96,19.02,87.9,17.31,15454.2,248.9,2952.9,99.4,1.324,128.16,1.362,45.5,0.57,
2023-08-03 06:00:00,OIL-SYN-013,1904.2,1837.5,Tipam,ROTARY_DRILLING,15.93,24.39,73.6,16.66,15430.6,250.0,3182.3,98.4,1.3,127.2,1.319,47.0,1.02,
2023-08-03 06:30:00,OIL-SYN-013,1923.0,1855.7,Tipam,ROTARY_DRILLING,16.16,25.55,73.1,18.7,15562.7,269.4,3140.9,98.9,1.332,128.28,1.355,49.6,1.83,
2023-08-03 07:00:00,OIL-SYN-013,1941.8,1873.9,Tipam,ROTARY_DRILLING,17.36,27.31,85.1,17.26,15776.1,260.8,3133.3,100,1.295,128.4,1.332,42.1,0.48,
2023-08-03 07:30:00,OIL-SYN-013,1960.7,1892.0,Tipam,ROTARY_DRILLING,8.88,25.53,78.3,17.28,16467.8,250.9,3131.2,99.5,1.34,129.52,1.364,53.1,4.04,
2023-08-03 08:00:00,OIL-SYN-013,1979.5,1910.2,Tipam,ROTARY_DRILLING,17.33,20.66,82.1,18.17,16195.0,267.9,3050.1,100,1.333,128.24,1.365,53.7,3.49,
2023-08-03 08:30:00,OIL-SYN-013,1998.3,1928.4,Tipam,ROTARY_DRILLING,4.28,21.76,85.3,28.2,15536.9,298.6,2919.5,99.4,1.335,127.81,1.379,38.8,1.34,STUCK_PIPE
2023-08-03 09:00:00,OIL-SYN-013,2017.2,1946.6,Tipam,ROTARY_DRILLING,2.71,22.41,78.7,42.31,16424.4,283.5,3167.7,98.9,1.329,127.15,1.356,40.1,1.73,STUCK_PIPE
2023-08-03 09:30:00,OIL-SYN-013,2036.0,1964.7,Tipam,ROTARY_DRILLING,3.93,24.38,86.3,36.51,15726.5,298.4,3197.1,98.6,1.337,129.95,1.348,41.7,0.9,STUCK_PIPE
2023-08-03 10:00:00,OIL-SYN-013,2054.8,1982.9,Girujan,ROTARY_DRILLING,3.61,21.98,91.4,43.03,16224.6,294.3,3005.1,98.0,1.369,129.02,1.395,66.2,4.27,STUCK_PIPE
2023-08-03 10:30:00,OIL-SYN-013,2073.7,2001.1,Girujan,ROTARY_DRILLING,3.6,24.56,77.9,34.28,16164.0,281.9,3225.1,98.6,1.353,127.53,1.379,72.4,1.66,STUCK_PIPE
2023-08-03 11:00:00,OIL-SYN-013,2092.5,2019.3,Girujan,ROTARY_DRILLING,2.95,21.83,75.8,30.08,16367.3,301.1,3071.0,97.7,1.383,128.34,1.412,77.0,0.75,STUCK_PIPE
2023-08-03 11:30:00,OIL-SYN-013,2111.4,2037.5,Girujan,ROTARY_DRILLING,2.78,27.96,71.3,41.5,15658.2,278.2,3069.1,97.2,1.365,126.76,1.403,67.0,1.4,STUCK_PIPE
2023-08-03 12:00:00,OIL-SYN-013,2130.2,2055.6,Girujan,ROTARY_DRILLING,14.09,24.25,66.0,17.21,15989.5,257.0,3103.0,99.0,1.357,126.63,1.379,58.5,0.73,
2023-08-03 12:30:00,OIL-SYN-013,2149.0,2073.8,Girujan,ROTARY_DRILLING,12.89,19.05,84.7,17.04,16224.6,268.1,3062.1,98.9,1.359,126.71,1.381,77.8,0.85,
2023-08-03 13:00:00,OIL-SYN-013,2167.9,2092.0,Girujan,ROTARY_DRILLING,14.83,25.39,83.3,15.54,15596.9,278.5,3119.6,98.5,1.349,128.99,1.387,73.9,1.35,
2023-08-03 13:30:00,OIL-SYN-013,2186.7,2110.2,Girujan,ROTARY_DRILLING,8.74,28.41,80.9,14.5,15858.7,267.4,3154.9,100.0,1.367,128.34,1.399,67.1,2.47,
2023-08-03 14:00:00,OIL-SYN-013,2205.5,2128.3,Girujan,ROTARY_DRILLING,10.35,26.14,86.0,17.78,15162.1,274.5,3136.4,99.7,1.385,128.23,1.399,70.3,1.7,
2023-08-03 14:30:00,OIL-SYN-013,2224.4,2146.5,Girujan,ROTARY_DRILLING,12.32,25.56,79.2,18.44,16063.9,276.6,3220.0,99.8,1.396,126.82,1.419,72.6,1.78,
2023-08-03 15:00:00,OIL-SYN-013,2243.2,2164.7,Girujan,ROTARY_DRILLING,16.37,24.93,69.2,17.42,16207.3,259.5,3182.0,98.4,1.397,128.04,1.412,87.4,1.08,
2023-08-03 15:30:00,OIL-SYN-013,2262.0,2182.9,Girujan,ROTARY_DRILLING,16.62,26.91,72.9,17.92,16160.8,264.2,3141.7,100,1.382,127.74,1.405,70.8,0.47,
2023-08-03 16:00:00,OIL-SYN-013,2280.9,2201.0,Girujan,ROTARY_DRILLING,15.98,30.15,78.4,15.68,16121.8,265.3,3105.2,98.8,1.398,127.5,1.41,70.2,0,
2023-08-03 16:30:00,OIL-SYN-013,2299.7,2219.2,Girujan,ROTARY_DRILLING,7.75,22.87,95.1,18.28,16319.4,274.4,3267.3,98.5,1.37,127.92,1.395,71.3,2.12,
2023-08-03 17:00:00,OIL-SYN-013,2318.6,2237.4,Girujan,ROTARY_DRILLING,9.13,22.61,66.1,17.7,15641.3,274.4,3066.9,100,1.38,128.07,1.409,73.4,1.66,
2023-08-03 17:30:00,OIL-SYN-013,2337.4,2255.6,Girujan,ROTARY_DRILLING,12.1,21.88,85.3,17.31,16322.0,277.6,3163.9,97.8,1.407,129.72,1.442,76.5,1.35,
2023-08-03 18:00:00,OIL-SYN-013,2356.2,2273.8,Girujan,ROTARY_DRILLING,16.21,22.04,65.1,16.57,16406.8,273.1,3121.0,99.0,1.428,128.46,1.468,67.1,3.06,
2023-08-03 18:30:00,OIL-SYN-013,2375.1,2291.9,Girujan,ROTARY_DRILLING,13.71,22.71,67.1,18.0,15846.0,276.2,3252.5,98.7,1.388,127.41,1.404,77.0,3.42,
2023-08-03 19:00:00,OIL-SYN-013,2393.9,2310.1,Girujan,ROTARY_DRILLING,14.31,21.96,75.0,17.0,16694.3,267.3,3083.7,99.6,1.372,126.66,1.398,74.1,1.19,
2023-08-03 19:30:00,OIL-SYN-013,2412.7,2328.3,Girujan,ROTARY_DRILLING,17.06,21.17,73.6,19.01,16276.0,278.2,3303.9,97.5,1.389,127.1,1.415,80.7,1.59,
2023-08-03 20:00:00,OIL-SYN-013,2431.6,2346.5,Girujan,ROTARY_DRILLING,14.52,25.43,73.6,19.87,16171.4,276.4,3267.2,98.4,1.409,128.1,1.454,66.5,1.36,
2023-08-03 20:30:00,OIL-SYN-013,2450.4,2364.6,Girujan,ROTARY_DRILLING,11.88,27.56,75.3,15.89,16438.5,268.2,3099.8,98.4,1.385,127.73,1.4,72.0,0.63,
2023-08-03 21:00:00,OIL-SYN-013,2469.2,2382.8,Girujan,ROTARY_DRILLING,14.1,26.17,69.6,18.37,17025.5,258.3,3334.4,97.4,1.394,127.53,1.439,67.4,2.01,
2023-08-03 21:30:00,OIL-SYN-013,2488.1,2401.0,Girujan,ROTARY_DRILLING,15.54,29.47,67.1,17.61,16611.8,280.3,3128.1,99.5,1.394,125.95,1.405,66.9,1.53,
2023-08-03 22:00:00,OIL-SYN-013,2506.9,2419.2,Girujan,ROTARY_DRILLING,9.43,22.67,82.6,16.5,16498.4,286.5,3235.8,99.1,1.377,128.62,1.413,79.8,1.78,
2023-08-03 22:30:00,OIL-SYN-013,2525.8,2437.4,Girujan,ROTARY_DRILLING,18.99,24.39,76.4,18.98,16496.3,288.3,3229.9,98.9,1.417,126.07,1.443,70.4,2.28,
2023-08-03 23:00:00,OIL-SYN-013,2544.6,2455.5,Girujan,ROTARY_DRILLING,11.82,25.62,57.5,18.12,16354.2,264.2,3173.2,99.6,1.424,126.38,1.463,78.4,1.9,
2023-08-03 23:30:00,OIL-SYN-013,2563.4,2473.7,Lakwa,ROTARY_DRILLING,17.51,19.94,77.1,17.86,17257.7,287.6,3348.5,99.8,1.416,128.78,1.455,53.1,3.65,
2023-08-04 00:00:00,OIL-SYN-013,2582.3,2491.9,Lakwa,ROTARY_DRILLING,16.15,23.8,70.1,19.07,16368.6,277.2,3287.3,99.5,1.417,129.22,1.438,42.7,4.15,
2023-08-04 00:30:00,OIL-SYN-013,2601.1,2510.1,Lakwa,ROTARY_DRILLING,19.48,27.76,67.5,19.71,16795.9,266.4,3303.3,100,1.397,127.59,1.414,43.9,5.24,
2023-08-04 01:00:00,OIL-SYN-013,2619.9,2528.2,Lakwa,ROTARY_DRILLING,13.09,28.05,77.3,19.6,16798.9,286.9,3221.1,98.5,1.419,127.2,1.457,53.2,4.48,
2023-08-04 01:30:00,OIL-SYN-013,2638.8,2546.4,Lakwa,ROTARY_DRILLING,11.77,25.33,71.4,20.1,16577.5,284.9,3305.0,98.8,1.432,128.3,1.471,44.2,2.14,
2023-08-04 02:00:00,OIL-SYN-013,2657.6,2564.6,Lakwa,ROTARY_DRILLING,15.72,27.67,69.2,20.39,16793.0,286.8,3166.8,99.3,1.42,128.96,1.459,42.6,5.05,
2023-08-04 02:30:00,OIL-SYN-013,2676.4,2582.8,Lakwa,ROTARY_DRILLING,15.11,26.21,62.6,19.06,16535.9,280.8,3194.4,98.9,1.416,127.68,1.449,45.1,4.64,
2023-08-04 03:00:00,OIL-SYN-013,2695.3,2600.9,Lakwa,ROTARY_DRILLING,12.35,23.02,71.8,17.09,16461.1,280.3,3192.6,98.6,1.462,127.55,1.482,41.9,4.17,
2023-08-04 03:30:00,OIL-SYN-013,2714.1,2619.1,Lakwa,ROTARY_DRILLING,10.06,26.12,76.0,19.24,16580.4,297.9,3342.7,99.2,1.401,126.81,1.422,44.1,2.98,
2023-08-04 04:00:00,OIL-SYN-013,2733.0,2637.3,Lakwa,ROTARY_DRILLING,12.7,24.91,79.2,17.28,17375.9,291.9,3376.6,100,1.427,129.04,1.454,39.6,4.35,
2023-08-04 04:30:00,OIL-SYN-013,2751.8,2655.5,Lakwa,ROTARY_DRILLING,15.06,25.48,75.7,18.05,16924.9,301.8,3335.2,98.4,1.412,127.96,1.424,51.3,4.67,
2023-08-04 05:00:00,OIL-SYN-013,2770.6,2673.7,Lakwa,ROTARY_DRILLING,8.83,25.86,66.1,19.93,17007.9,285.3,3239.7,98.3,1.419,128.7,1.442,42.2,5.45,
2023-08-04 05:30:00,OIL-SYN-013,2789.5,2691.8,Lakwa,ROTARY_DRILLING,9.63,25.63,58.4,18.45,16421.1,284.7,3094.9,99.6,1.437,128.92,1.478,54.3,3.84,
2023-08-04 06:00:00,OIL-SYN-013,2808.3,2710.0,Lakwa,ROTARY_DRILLING,12.65,27.28,78.4,19.76,16787.8,301.0,3170.5,100,1.452,128.22,1.492,41.4,5.61,
2023-08-04 06:30:00,OIL-SYN-013,2827.1,2728.2,Lakwa,ROTARY_DRILLING,11.46,24.44,73.0,20.15,17365.1,296.2,3310.0,99.4,1.428,128.87,1.473,54.8,4.36,
2023-08-04 07:00:00,OIL-SYN-013,2846.0,2746.4,Lakwa,ROTARY_DRILLING,12.91,24.35,86.3,22.9,17802.3,290.5,3344.6,98.9,1.43,127.4,1.445,39.2,5.28,
2023-08-04 07:30:00,OIL-SYN-013,2864.8,2764.5,Lakwa,ROTARY_DRILLING,11.65,24.4,65.3,19.53,17435.7,279.3,3224.6,99.4,1.434,128.47,1.445,45.0,4.93,
2023-08-04 08:00:00,OIL-SYN-013,2883.6,2782.7,Lakwa,ROTARY_DRILLING,11.93,26.6,79.6,21.68,16527.5,295.3,3404.6,97.9,1.446,128.89,1.457,50.4,5.39,
2023-08-04 08:30:00,OIL-SYN-013,2902.5,2800.9,Lakwa,ROTARY_DRILLING,16.45,27.17,69.2,20.97,16707.1,294.7,3281.1,98.6,1.464,128.14,1.479,39.2,4.77,
2023-08-04 09:00:00,OIL-SYN-013,2921.3,2819.1,Lakwa,ROTARY_DRILLING,11.71,30.4,66.3,19.63,17266.8,283.4,3349.7,99.9,1.458,128.64,1.477,43.1,2.49,
2023-08-04 09:30:00,OIL-SYN-013,2940.2,2837.3,Lakwa,ROTARY_DRILLING,15.69,25.55,81.1,20.59,17311.3,302.4,3383.0,97.7,1.413,128.9,1.447,51.7,3.99,
2023-08-04 10:00:00,OIL-SYN-013,2959.0,2855.4,Lakwa,ROTARY_DRILLING,15.89,28.14,70.3,20.72,17238.4,276.9,3335.8,100,1.46,127.95,1.476,42.2,5.12,
2023-08-04 10:30:00,OIL-SYN-013,2977.8,2873.6,Lakwa,ROTARY_DRILLING,9.43,27.29,74.3,20.72,17264.6,283.1,3337.3,99.3,1.439,130.34,1.465,36.1,4.63,
2023-08-04 11:00:00,OIL-SYN-013,2996.7,2891.8,Lakwa,ROTARY_DRILLING,10.05,28.79,67.8,21.04,17259.0,294.2,3298.9,99.8,1.499,128.28,1.522,52.1,3.38,
2023-08-04 11:30:00,OIL-SYN-013,3015.5,2910.0,Lakwa,ROTARY_DRILLING,15.33,25.39,69.6,22.18,17370.7,290.2,3416.1,99.0,1.47,128.81,1.481,41.2,4.02,
2023-08-04 12:00:00,OIL-SYN-013,3034.3,2928.1,Lakwa,ROTARY_DRILLING,14.68,28.02,54.3,22.34,17961.4,293.0,3311.1,99.1,1.459,128.39,1.487,46.7,4.6,
2023-08-04 12:30:00,OIL-SYN-013,3053.2,2946.3,Lakwa,ROTARY_DRILLING,12.47,29.1,67.2,19.88,17571.7,301.2,3339.3,98.4,1.462,129.9,1.504,37.4,4.06,
2023-08-04 13:00:00,OIL-SYN-013,3072.0,2964.5,Lakwa,ROTARY_DRILLING,11.52,28.14,79.3,19.58,17864.2,285.4,3451.8,98.6,1.467,129.17,1.505,37.2,5.42,
2023-08-04 13:30:00,OIL-SYN-013,3090.8,2982.7,Lakwa,ROTARY_DRILLING,17.0,26.95,74.0,21.89,17731.4,295.8,3345.6,98.4,1.457,127.57,1.495,41.8,3.32,
2023-08-04 14:00:00,OIL-SYN-013,3109.7,3000.8,Lakwa,ROTARY_DRILLING,11.49,30.92,67.3,18.38,16985.0,294.4,3429.8,99.4,1.49,128.67,1.512,49.2,4.04,
2023-08-04 14:30:00,OIL-SYN-013,3128.5,3019.0,Lakwa,ROTARY_DRILLING,11.35,25.88,57.6,22.78,17076.9,297.2,3503.1,98.8,1.494,127.78,1.512,41.7,5.12,
2023-08-04 15:00:00,OIL-SYN-013,3147.4,3037.2,Lakwa,ROTARY_DRILLING,9.76,33.74,64.7,19.81,18021.8,288.3,3297.8,98.8,1.484,126.33,1.506,41.9,4.71,
2023-08-04 15:30:00,OIL-SYN-013,3166.2,3055.4,Lakwa,ROTARY_DRILLING,12.83,25.72,61.3,19.41,17298.7,300.6,3454.9,98.2,1.47,125.26,1.485,47.3,5.51,
2023-08-04 16:00:00,OIL-SYN-013,3185.0,3073.6,Lakwa,ROTARY_DRILLING,16.41,27.85,73.0,21.57,17706.1,285.8,3306.9,99.1,1.469,127.62,1.497,51.7,3.53,
2023-08-04 16:30:00,OIL-SYN-013,3203.9,3091.7,Nahorkatiya Sand,ROTARY_DRILLING,10.66,26.64,61.3,21.48,17696.9,284.0,3457.0,99.3,1.479,126.66,1.489,38.3,1.38,
2023-08-04 17:00:00,OIL-SYN-013,3222.7,3109.9,Nahorkatiya Sand,ROTARY_DRILLING,11.77,25.93,75.1,22.3,17285.2,300.4,3403.6,99.5,1.47,126.79,1.495,50.4,2.71,
2023-08-04 17:30:00,OIL-SYN-013,3241.5,3128.1,Nahorkatiya Sand,ROTARY_DRILLING,11.94,23.95,74.3,20.18,16888.0,294.8,3384.8,98.2,1.486,127.71,1.519,41.9,1.43,
2023-08-04 18:00:00,OIL-SYN-013,3260.4,3146.3,Nahorkatiya Sand,ROTARY_DRILLING,11.16,29.6,68.3,22.08,17635.2,302.8,3516.3,98.2,1.505,128.3,1.523,42.2,0.62,
2023-08-04 18:30:00,OIL-SYN-013,3279.2,3164.4,Nahorkatiya Sand,ROTARY_DRILLING,12.39,22.78,66.3,23.36,18095.5,298.4,3614.4,98.4,1.483,129.37,1.527,44.9,0.99,
2023-08-04 19:00:00,OIL-SYN-013,3298.1,3182.6,Nahorkatiya Sand,ROTARY_DRILLING,10.63,27.02,73.0,22.0,17475.4,305.3,3424.7,98.6,1.509,128.47,1.549,48.9,1.17,
2023-08-04 19:30:00,OIL-SYN-013,3316.9,3200.8,Nahorkatiya Sand,ROTARY_DRILLING,12.42,27.72,57.7,22.38,17365.8,310.6,3408.7,99.1,1.48,126.59,1.5,40.1,1.49,
2023-08-04 20:00:00,OIL-SYN-013,3335.7,3219.0,Nahorkatiya Sand,ROTARY_DRILLING,11.19,28.78,74.0,19.81,17732.5,308.0,3420.3,99.3,1.497,130.77,1.527,43.3,2.22,
2023-08-04 20:30:00,OIL-SYN-013,3354.6,3237.2,Nahorkatiya Sand,ROTARY_DRILLING,11.88,26.15,57.2,21.73,17813.6,310.0,3384.8,99.3,1.48,128.24,1.509,48.8,1.71,
2023-08-04 21:00:00,OIL-SYN-013,3373.4,3255.3,Nahorkatiya Sand,ROTARY_DRILLING,11.37,32.2,67.9,21.44,17985.4,309.7,3325.5,97.8,1.508,126.86,1.521,46.7,0.99,
2023-08-04 21:30:00,OIL-SYN-013,3392.2,3273.5,Nahorkatiya Sand,ROTARY_DRILLING,17.05,24.23,53.6,22.45,17439.3,306.2,3473.8,98.3,1.507,128.24,1.521,54.2,2.36,
2023-08-04 22:00:00,OIL-SYN-013,3411.1,3291.7,Nahorkatiya Sand,ROTARY_DRILLING,10.03,29.6,50.1,24.26,17451.6,301.0,3369.8,98.9,1.492,127.53,1.52,45.0,0.85,
2023-08-04 22:30:00,OIL-SYN-013,3429.9,3309.9,Nahorkatiya Sand,ROTARY_DRILLING,13.96,31.03,58.4,23.31,18113.2,316.7,3626.9,99.3,1.516,127.45,1.558,52.4,1.27,
2023-08-04 23:00:00,OIL-SYN-013,3448.7,3328.0,Nahorkatiya Sand,ROTARY_DRILLING,11.36,30.35,64.8,23.07,17587.2,304.4,3361.0,99.8,1.503,129.23,1.535,39.5,2.01,
2023-08-04 23:30:00,OIL-SYN-013,3467.6,3346.2,Nahorkatiya Sand,ROTARY_DRILLING,9.95,33.19,58.1,23.55,18390.1,315.1,3345.1,98.4,1.515,126.4,1.527,45.2,1.69,
2023-08-05 00:00:00,OIL-SYN-013,3486.4,3364.4,Nahorkatiya Sand,ROTARY_DRILLING,12.95,28.58,55.8,22.78,18057.5,314.8,3431.5,99.3,1.52,128.68,1.547,49.1,1.48,
2023-08-05 00:30:00,OIL-SYN-013,3505.3,3382.6,Nahorkatiya Sand,ROTARY_DRILLING,11.93,28.09,50,22.34,17865.7,315.8,3350.1,98.8,1.5,128.49,1.532,47.8,0.2,
2023-08-05 01:00:00,OIL-SYN-013,3524.1,3400.7,Nahorkatiya Sand,ROTARY_DRILLING,9.7,25.59,53.5,21.69,17874.0,316.8,3502.1,99.4,1.546,128.5,1.584,51.9,1.34,
2023-08-05 01:30:00,OIL-SYN-013,3542.9,3418.9,Nahorkatiya Sand,ROTARY_DRILLING,12.96,23.45,62.0,21.86,18307.7,327.0,3456.9,98.7,1.5,127.78,1.527,43.3,2.81,
2023-08-05 02:00:00,OIL-SYN-013,3561.8,3437.1,Nahorkatiya Sand,ROTARY_DRILLING,10.74,29.51,70.6,24.92,18245.4,315.0,3411.2,99.5,1.512,126.84,1.541,45.6,2.19,
2023-08-05 02:30:00,OIL-SYN-013,3580.6,3455.3,Nahorkatiya Sand,ROTARY_DRILLING,10.41,25.33,73.8,21.73,18475.0,319.3,3572.4,99.9,1.5,127.76,1.526,39.7,1.54,
2023-08-05 03:00:00,OIL-SYN-013,3599.4,3473.5,Nahorkatiya Sand,ROTARY_DRILLING,9.54,28.76,66.7,22.23,18183.7,314.9,3474.7,99.2,1.503,129.05,1.519,34.8,2.32,
2023-08-05 03:30:00,OIL-SYN-013,3618.3,3491.6,Nahorkatiya Sand,ROTARY_DRILLING,11.25,28.81,56.2,23.29,18057.7,324.8,3552.8,98.7,1.526,128.8,1.562,40.6,2.66,
2023-08-05 04:00:00,OIL-SYN-013,3637.1,3509.8,Nahorkatiya Sand,ROTARY_DRILLING,10.55,27.33,59.9,21.58,18552.2,312.0,3630.7,98.1,1.523,127.76,1.556,38.2,2.85,
2023-08-05 04:30:00,OIL-SYN-013,3655.9,3528.0,Nahorkatiya Sand,ROTARY_DRILLING,11.01,30.18,57.5,26.14,18011.1,309.1,3407.4,99.5,1.537,127.09,1.579,45.2,2.93,
2023-08-05 05:00:00,OIL-SYN-013,3674.8,3546.2,Nahorkatiya Sand,ROTARY_DRILLING,10.14,27.39,50,23.39,18706.7,313.7,3532.6,99.3,1.52,127.73,1.543,38.6,1.99,
2023-08-05 05:30:00,OIL-SYN-013,3693.6,3564.3,Nahorkatiya Sand,ROTARY_DRILLING,14.22,30.22,60.1,22.87,18710.0,319.5,3477.4,98.9,1.53,128.79,1.54,44.6,0.53,
2023-08-05 06:00:00,OIL-SYN-013,3712.5,3582.5,Barail,ROTARY_DRILLING,9.91,29.58,67.5,25.44,18319.2,299.1,3588.8,99.6,1.541,128.67,1.572,41.9,2.31,
2023-08-05 06:30:00,OIL-SYN-013,3731.3,3600.7,Barail,ROTARY_DRILLING,16.13,27.15,72.1,26.29,18346.0,329.2,3399.0,98.8,1.551,128.18,1.565,45.8,2.56,
2023-08-05 07:00:00,OIL-SYN-013,3750.1,3618.9,Barail,ROTARY_DRILLING,13.74,25.32,56.7,22.9,18568.7,321.7,3556.9,98.3,1.504,127.39,1.542,50.1,2.99,
2023-08-05 07:30:00,OIL-SYN-013,3769.0,3637.0,Barail,ROTARY_DRILLING,12.75,26.38,57.3,23.12,18547.4,335.0,3496.4,100,1.536,128.08,1.58,49.2,2.26,
2023-08-05 08:00:00,OIL-SYN-013,3787.8,3655.2,Barail,ROTARY_DRILLING,14.07,29.24,65.7,23.11,19537.6,324.4,3590.5,99.1,1.552,127.51,1.592,46.4,2.35,
2023-08-05 08:30:00,OIL-SYN-013,3806.6,3673.4,Barail,ROTARY_DRILLING,16.0,30.3,63.5,23.99,18711.4,320.9,3648.1,97.5,1.519,128.24,1.55,44.7,1.92,
2023-08-05 09:00:00,OIL-SYN-013,3825.5,3691.6,Barail,ROTARY_DRILLING,12.03,29.11,56.8,27.2,19150.5,318.7,3428.3,99.3,1.569,128.25,1.607,44.2,0.94,
2023-08-05 09:30:00,OIL-SYN-013,3844.3,3709.8,Barail,ROTARY_DRILLING,11.59,30.23,69.4,25.37,18462.4,309.4,3570.6,100,1.565,127.13,1.578,47.2,3.0,
2023-08-05 10:00:00,OIL-SYN-013,3863.1,3727.9,Barail,ROTARY_DRILLING,16.79,23.77,50,22.37,18687.1,315.8,3602.8,98.4,1.544,126.79,1.57,40.2,2.22,
2023-08-05 10:30:00,OIL-SYN-013,3882.0,3746.1,Barail,ROTARY_DRILLING,5.75,34.97,54.3,24.78,18195.4,315.2,3505.5,98.7,1.543,127.64,1.588,47.5,1.8,
2023-08-05 11:00:00,OIL-SYN-013,3900.8,3764.3,Barail,ROTARY_DRILLING,7.92,30.11,53.3,25.85,18213.9,325.4,3467.6,99.1,1.552,130.12,1.576,40.4,3.47,
2023-08-05 11:30:00,OIL-SYN-013,3919.7,3782.5,Barail,ROTARY_DRILLING,10.24,27.08,65.7,24.12,18766.3,322.0,3641.9,99.3,1.55,127.05,1.594,34.1,3.69,
2023-08-05 12:00:00,OIL-SYN-013,3938.5,3800.6,Barail,ROTARY_DRILLING,11.65,28.24,57.4,24.3,18985.5,329.8,3739.6,98.6,1.565,128.99,1.58,48.5,3.14,
2023-08-05 12:30:00,OIL-SYN-013,3957.3,3818.8,Barail,ROTARY_DRILLING,10.13,30.29,50,24.3,18974.1,328.7,3709.5,98.1,1.571,128.45,1.595,43.4,2.76,
2023-08-05 13:00:00,OIL-SYN-013,3976.2,3837.0,Barail,ROTARY_DRILLING,14.3,30.27,53.6,23.61,19135.8,329.5,3539.2,99.4,1.551,128.43,1.567,46.9,1.57,
2023-08-05 13:30:00,OIL-SYN-013,3995,3855.2,Barail,ROTARY_DRILLING,12.84,29.39,55.8,22.2,18572.3,333.6,3519.5,99.6,1.566,126.25,1.59,48.2,2.55,
2023-08-19 06:00:00,OIL-SYN-014,1000.0,965.0,Barail,ROTARY_DRILLING,15.17,22.53,93.5,14.48,13039.1,223.3,2738.2,97.9,1.228,126.75,1.239,50.0,1.65,
2023-08-19 06:30:00,OIL-SYN-014,1013.6,978.2,Barail,ROTARY_DRILLING,14.9,19.02,95.1,12.55,14167.0,235.9,2842.2,99.6,1.24,127.49,1.28,37.1,1.91,
2023-08-19 07:00:00,OIL-SYN-014,1027.3,991.3,Barail,ROTARY_DRILLING,15.5,21.22,94.6,12.7,14003.2,239.3,2790.6,100,1.25,129.52,1.272,47.7,2.04,
2023-08-19 07:30:00,OIL-SYN-014,1040.9,1004.5,Barail,ROTARY_DRILLING,14.58,20.66,97.1,14.43,13963.3,221.5,2915.0,99.1,1.248,129.39,1.27,39.3,2.94,
2023-08-19 08:00:00,OIL-SYN-014,1054.6,1017.7,Barail,ROTARY_DRILLING,15.29,24.97,80.1,13.53,14467.0,225.1,2983.2,98.8,1.232,127.3,1.257,49.7,0.88,
2023-08-19 08:30:00,OIL-SYN-014,1068.2,1030.9,Barail,ROTARY_DRILLING,18.44,18.09,95.8,14.19,13612.9,227.0,2913.9,98.4,1.255,129.29,1.285,45.4,0.25,
2023-08-19 09:00:00,OIL-SYN-014,1081.9,1044.0,Barail,ROTARY_DRILLING,13.18,17.6,94.6,13.6,14448.1,227.6,2671.1,98.5,1.239,126.73,1.258,45.3,2.06,
2023-08-19 09:30:00,OIL-SYN-014,1095.5,1057.2,Barail,ROTARY_DRILLING,16.72,21.58,104.9,13.96,13969.0,223.7,3068.0,98.6,1.231,128.6,1.264,47.7,1.29,
2023-08-19 10:00:00,OIL-SYN-014,1109.2,1070.4,Barail,ROTARY_DRILLING,15.23,21.86,112.6,14.67,14221.7,225.4,2882.8,99.8,1.24,131.13,1.269,47.8,0.68,
2023-08-19 10:30:00,OIL-SYN-014,1122.8,1083.5,Barail,ROTARY_DRILLING,16.49,23.8,98.0,12.51,13925.1,237.2,2862.1,97.6,1.216,127.72,1.258,49.5,1.66,
2023-08-19 11:00:00,OIL-SYN-014,1136.5,1096.7,Barail,ROTARY_DRILLING,17.95,21.83,96.0,14.87,13831.3,239.5,2867.2,99.4,1.242,128.31,1.267,44.7,2.01,
2023-08-19 11:30:00,OIL-SYN-014,1150.1,1109.9,Barail,ROTARY_DRILLING,20.18,23.54,91.9,15.11,14698.9,240.7,2914.8,98.7,1.275,127.93,1.305,39.2,0.62,
2023-08-19 12:00:00,OIL-SYN-014,1163.8,1123.0,Barail,ROTARY_DRILLING,17.89,22.76,96.7,11.69,13991.5,229.7,2925.5,99.1,1.248,129.92,1.282,52.7,3.33,
2023-08-19 12:30:00,OIL-SYN-014,1177.4,1136.2,Barail,ROTARY_DRILLING,10.8,21.44,83.2,13.91,14491.2,224.3,2771.7,98.0,1.27,128.5,1.292,39.3,2.79,
2023-08-19 13:00:00,OIL-SYN-014,1191.1,1149.4,Barail,ROTARY_DRILLING,15.08,27.84,104.9,13.68,14689.2,240.6,2930.6,98.6,1.273,128.43,1.314,46.8,2.83,
2023-08-19 13:30:00,OIL-SYN-014,1204.7,1162.6,Barail,ROTARY_DRILLING,14.08,21.91,78.3,13.83,14368.9,230.6,2930.7,98.8,1.232,128.44,1.267,44.3,2.63,
2023-08-19 14:00:00,OIL-SYN-014,1218.4,1175.7,Barail,ROTARY_DRILLING,18.4,19.36,95.1,12.92,15153.4,228.2,2938.5,98.0,1.264,127.67,1.303,38.6,0.45,
2023-08-19 14:30:00,OIL-SYN-014,1232.0,1188.9,Barail,ROTARY_DRILLING,18.67,21.53,97.9,12.98,13963.9,233.5,2900.8,99.8,1.249,126.58,1.282,44.7,1.41,
2023-08-19 15:00:00,OIL-SYN-014,1245.7,1202.1,Barail,ROTARY_DRILLING,17.12,22.49,82.1,11.96,14415.8,246.9,2942.7,98.6,1.264,128.42,1.286,56.4,2.69,
2023-08-19 15:30:00,OIL-SYN-014,1259.3,1215.2,Barail,ROTARY_DRILLING,14.07,16.85,91.6,16.17,14480.0,237.2,2856.2,100,1.264,128.99,1.287,44.2,0.93,
2023-08-19 16:00:00,OIL-SYN-014,1273.0,1228.4,Barail,ROTARY_DRILLING,13.82,18.23,95.5,13.15,14633.4,227.9,2873.0,99.1,1.232,128.59,1.247,44.2,2.83,
2023-08-19 16:30:00,OIL-SYN-014,1286.6,1241.6,Barail,ROTARY_DRILLING,13.68,19.89,83.3,15.2,14591.5,222.2,2881.6,97.1,1.263,127.89,1.298,50.5,1.82,
2023-08-19 17:00:00,OIL-SYN-014,1300.3,1254.7,Barail,ROTARY_DRILLING,17.77,22.7,101.4,14.18,14489.5,242.1,3082.2,99.9,1.264,128.39,1.284,52.6,2.85,
2023-08-19 17:30:00,OIL-SYN-014,1313.9,1267.9,Barail,ROTARY_DRILLING,12.24,19.67,88.7,13.38,14834.4,224.1,2861.7,98.2,1.245,128.24,1.28,56.3,1.3,
2023-08-19 18:00:00,OIL-SYN-014,1327.5,1281.1,Barail,ROTARY_DRILLING,15.42,18.85,81.1,14.91,14660.9,243.3,2885.8,99.6,1.263,126.2,1.308,37.8,3.23,
2023-08-19 18:30:00,OIL-SYN-014,1341.2,1294.3,Barail,ROTARY_DRILLING,18.92,23.41,102.2,15.01,14891.3,240.1,2822.6,99.2,1.244,127.6,1.26,45.5,2.27,
2023-08-19 19:00:00,OIL-SYN-014,1354.8,1307.4,Barail,ROTARY_DRILLING,16.33,19.34,98.5,16.13,15303.2,231.1,2843.7,99.2,1.256,128.12,1.27,47.8,0.17,
2023-08-19 19:30:00,OIL-SYN-014,1368.5,1320.6,Barail,ROTARY_DRILLING,13.13,19.02,83.7,13.06,15079.1,236.7,2827.5,100,1.272,128.52,1.31,48.9,2.04,
2023-08-19 20:00:00,OIL-SYN-014,1382.1,1333.8,Barail,ROTARY_DRILLING,19.69,24.72,103.2,13.52,14588.1,240.3,2895.9,98.4,1.262,128.12,1.275,39.0,1.04,
2023-08-19 20:30:00,OIL-SYN-014,1395.8,1346.9,Barail,ROTARY_DRILLING,18.64,24.81,91.7,13.16,15208.7,237.0,2824.6,100,1.276,128.6,1.309,43.2,0,
2023-08-19 21:00:00,OIL-SYN-014,1409.4,1360.1,Tipam,ROTARY_DRILLING,19.0,27.64,77.7,15.92,14367.1,244.8,2926.1,98.4,1.29,128.02,1.301,43.9,1.63,
2023-08-19 21:30:00,OIL-SYN-014,1423.1,1373.3,Tipam,ROTARY_DRILLING,12.64,23.83,102.5,14.11,15097.6,242.8,2847.3,98.5,1.277,128.73,1.314,48.4,1.45,
2023-08-19 22:00:00,OIL-SYN-014,1436.7,1386.4,Tipam,ROTARY_DRILLING,12.28,19.66,88.1,11.49,14473.9,243.5,2988.2,98.4,1.265,128.84,1.29,44.5,2.84,
2023-08-19 22:30:00,OIL-SYN-014,1450.4,1399.6,Tipam,ROTARY_DRILLING,15.08,27.15,92.7,15.85,14150.1,235.7,2913.2,100,1.255,127.9,1.271,43.1,3.43,
2023-08-19 23:00:00,OIL-SYN-014,1464.0,1412.8,Tipam,ROTARY_DRILLING,18.45,21.48,87.5,13.9,14677.5,235.8,2810.0,99.7,1.281,129.03,1.306,49.8,1.05,
2023-08-19 23:30:00,OIL-SYN-014,1477.7,1426.0,Tipam,ROTARY_DRILLING,16.45,23.01,104.1,15.32,14742.3,237.1,2982.4,99.6,1.275,127.55,1.311,40.6,2.0,
2023-08-20 00:00:00,OIL-SYN-014,1491.3,1439.1,Tipam,ROTARY_DRILLING,14.64,25.19,87.0,14.41,14355.1,237.7,2961.0,99.3,1.306,126.52,1.341,40.6,1.54,
2023-08-20 00:30:00,OIL-SYN-014,1505.0,1452.3,Tipam,ROTARY_DRILLING,17.16,25.37,90.9,14.28,15391.6,231.2,2979.9,99.3,1.297,128.6,1.309,45.8,2.29,
2023-08-20 01:00:00,OIL-SYN-014,1518.6,1465.5,Tipam,ROTARY_DRILLING,11.47,22.68,97.1,16.37,14616.4,225.7,3164.4,98.8,1.292,128.34,1.323,45.3,1.73,
2023-08-20 01:30:00,OIL-SYN-014,1532.3,1478.6,Tipam,ROTARY_DRILLING,17.03,25.37,75.1,15.28,15324.7,250.5,3088.1,99.6,1.278,127.95,1.321,51.4,0.2,
2023-08-20 02:00:00,OIL-SYN-014,1545.9,1491.8,Tipam,ROTARY_DRILLING,11.51,18.33,81.9,14.96,14444.7,245.8,2964.1,99.1,1.317,127.87,1.33,51.0,0.62,
2023-08-20 02:30:00,OIL-SYN-014,1559.6,1505.0,Tipam,ROTARY_DRILLING,16.5,22.58,75.2,13.72,15660.9,250.3,2901.6,98.6,1.28,127.59,1.295,46.8,2.77,
2023-08-20 03:00:00,OIL-SYN-014,1573.2,1518.1,Tipam,ROTARY_DRILLING,16.91,23.88,92.2,15.02,14432.0,243.3,2933.9,99.7,1.293,126.64,1.335,38.0,2.45,
2023-08-20 03:30:00,OIL-SYN-014,1586.9,1531.3,Tipam,ROTARY_DRILLING,14.28,23.63,79.7,15.04,15443.2,249.9,2910.9,98.8,1.27,126.48,1.297,40.0,1.68,
2023-08-20 04:00:00,OIL-SYN-014,1600.5,1544.5,Tipam,ROTARY_DRILLING,18.31,25.03,82.4,13.73,15275.1,251.9,2890.0,98.9,1.297,127.51,1.333,48.4,1.93,
2023-08-20 04:30:00,OIL-SYN-014,1614.2,1557.7,Tipam,ROTARY_DRILLING,15.51,25.25,88.9,14.33,14918.7,234.0,3050.2,98.3,1.296,125.84,1.335,43.2,0.8,
2023-08-20 05:00:00,OIL-SYN-014,1627.8,1570.8,Tipam,ROTARY_DRILLING,16.18,23.09,93.5,13.18,15437.0,251.3,2988.3,99.5,1.282,128.78,1.305,44.7,1.71,
2023-08-20 05:30:00,OIL-SYN-014,1641.4,1584.0,Tipam,ROTARY_DRILLING,12.23,23.33,74.7,17.17,15553.4,247.4,3095.7,98.5,1.293,128.57,1.305,46.6,1.19,
2023-08-20 06:00:00,OIL-SYN-014,1655.1,1597.2,Tipam,ROTARY_DRILLING,14.53,19.05,73.5,17.2,15112.7,237.2,3067.2,99.4,1.289,127.72,1.319,49.5,0,
2023-08-20 06:30:00,OIL-SYN-014,1668.7,1610.3,Tipam,ROTARY_DRILLING,11.3,27.19,78.6,14.05,15479.6,240.6,3088.1,99.8,1.291,127.37,1.312,38.4,1.26,
2023-08-20 07:00:00,OIL-SYN-014,1682.4,1623.5,Tipam,ROTARY_DRILLING,16.5,24.8,81.5,15.32,14891.5,241.6,2951.0,99.1,1.317,127.63,1.333,43.5,1.26,
2023-08-20 07:30:00,OIL-SYN-014,1696.0,1636.7,Tipam,ROTARY_DRILLING,14.37,22.28,82.3,16.56,14970.5,247.6,2919.8,98.1,1.302,126.34,1.344,49.2,0,
2023-08-20 08:00:00,OIL-SYN-014,1709.7,1649.8,Tipam,ROTARY_DRILLING,15.69,26.32,84.4,14.98,15297.1,245.8,3118.8,99.5,1.293,128.33,1.33,45.3,3.48,
2023-08-20 08:30:00,OIL-SYN-014,1723.3,1663.0,Tipam,ROTARY_DRILLING,5.12,21.24,85.1,32.3,15515.9,279.0,2969.7,97.5,1.298,127.15,1.314,40.5,2.41,STUCK_PIPE
2023-08-20 09:00:00,OIL-SYN-014,1737.0,1676.2,Tipam,ROTARY_DRILLING,3.71,22.74,86.2,37.1,14965.8,281.3,2975.9,98.3,1.342,127.91,1.379,52.7,2.06,STUCK_PIPE
2023-08-20 09:30:00,OIL-SYN-014,1750.6,1689.4,Tipam,ROTARY_DRILLING,3.76,22.95,91.9,39.12,15633.7,296.0,3053.5,100,1.308,127.62,1.337,38.3,2.96,STUCK_PIPE
2023-08-20 10:00:00,OIL-SYN-014,1764.3,1702.5,Tipam,ROTARY_DRILLING,4.01,22.81,84.3,28.37,14781.9,294.3,2967.7,100,1.323,128.88,1.363,39.8,2.85,STUCK_PIPE
2023-08-20 10:30:00,OIL-SYN-014,1777.9,1715.7,Tipam,ROTARY_DRILLING,3.33,23.55,93.0,37.11,15974.3,289.4,3188.1,99.0,1.332,126.78,1.347,41.0,1.53,STUCK_PIPE
2023-08-20 11:00:00,OIL-SYN-014,1791.6,1728.9,Tipam,ROTARY_DRILLING,4.64,19.13,87.7,29.1,15150.1,278.3,3210.1,100,1.312,129.92,1.356,49.5,1.89,STUCK_PIPE
2023-08-20 11:30:00,OIL-SYN-014,1805.2,1742.0,Tipam,ROTARY_DRILLING,3.75,23.14,87.9,30.14,15273.8,273.4,3119.5,98.6,1.322,128.15,1.356,39.6,1.87,STUCK_PIPE
2023-08-20 12:00:00,OIL-SYN-014,1818.9,1755.2,Tipam,ROTARY_DRILLING,3.67,22.31,73.2,39.61,16012.5,292.7,3053.5,98.3,1.282,129.14,1.297,40.7,2.67,STUCK_PIPE
2023-08-20 12:30:00,OIL-SYN-014,1832.5,1768.4,Tipam,ROTARY_DRILLING,4.27,26.04,77.0,29.78,16029.2,283.3,2884.4,98.8,1.345,127.88,1.357,53.4,1.4,STUCK_PIPE
2023-08-20 13:00:00,OIL-SYN-014,1846.2,1781.5,Tipam,ROTARY_DRILLING,4.23,19.42,89.5,33.32,15977.3,288.7,3210.7,99.2,1.327,127.91,1.341,41.5,0.05,STUCK_PIPE
2023-08-20 13:30:00,OIL-SYN-014,1859.8,1794.7,Tipam,ROTARY_DRILLING,13.7,24.09,87.4,15.25,15811.2,260.3,3136.3,97.4,1.328,126.38,1.367,47.2,2.82,
2023-08-20 14:00:00,OIL-SYN-014,1873.5,1807.9,Tipam,ROTARY_DRILLING,14.98,27.92,91.4,16.44,16462.5,253.2,2961.3,97.2,1.34,128.05,1.375,49.8,1.9,
2023-08-20 14:30:00,OIL-SYN-014,1887.1,1821.1,Tipam,ROTARY_DRILLING,15.12,19.75,74.3,15.71,14897.4,251.9,3068.1,98.9,1.342,126.67,1.365,39.7,1.79,
2023-08-20 15:00:00,OIL-SYN-014,1900.8,1834.2,Tipam,ROTARY_DRILLING,12.23,21.63,78.5,17.42,15770.3,249.8,3080.5,100,1.312,129.24,1.339,42.2,1.49,
2023-08-20 15:30:00,OIL-SYN-014,1914.4,1847.4,Tipam,ROTARY_DRILLING,16.3,23.86,92.5,15.66,15383.2,256.6,3218.4,97.7,1.367,127.59,1.399,38.7,2.55,
2023-08-20 16:00:00,OIL-SYN-014,1928.1,1860.6,Tipam,ROTARY_DRILLING,16.54,26.12,84.9,17.06,15293.3,249.8,3068.5,98.6,1.293,126.93,1.324,50.7,2.42,
2023-08-20 16:30:00,OIL-SYN-014,1941.7,1873.7,Tipam,ROTARY_DRILLING,11.25,21.64,77.9,16.17,15232.3,260.5,3073.2,97.7,1.337,126.14,1.348,52.2,2.75,
2023-08-20 17:00:00,OIL-SYN-014,1955.3,1886.9,Tipam,ROTARY_DRILLING,16.44,23.99,90.1,15.82,15706.3,259.3,2997.1,97.4,1.336,127.47,1.362,51.1,3.46,
2023-08-20 17:30:00,OIL-SYN-014,1969.0,1900.1,Tipam,ROTARY_DRILLING,14.71,24.92,77.4,17.74,15751.4,254.1,3039.3,98.1,1.337,128.19,1.372,44.0,1.62,
2023-08-20 18:00:00,OIL-SYN-014,1982.6,1913.2,Tipam,ROTARY_DRILLING,14.88,24.3,78.8,13.01,16702.3,267.5,3125.6,99.5,1.339,128.8,1.365,47.0,1.53,
2023-08-20 18:30:00,OIL-SYN-014,1996.3,1926.4,Tipam,ROTARY_DRILLING,14.56,24.72,87.9,18.18,15620.0,244.1,3087.7,98.5,1.347,128.47,1.389,47.8,3.07,
2023-08-20 19:00:00,OIL-SYN-014,2009.9,1939.6,Tipam,ROTARY_DRILLING,16.54,25.39,73.5,16.79,16145.8,256.9,2992.9,99.0,1.342,128.67,1.379,42.3,1.44,
2023-08-20 19:30:00,OIL-SYN-014,2023.6,1952.8,Tipam,ROTARY_DRILLING,16.52,19.42,83.9,18.18,15857.7,269.2,3184.4,98.8,1.329,127.24,1.349,50.3,3.03,
2023-08-20 20:00:00,OIL-SYN-014,2037.2,1965.9,Tipam,ROTARY_DRILLING,12.18,25.53,79.5,15.38,15965.8,266.5,3196.8,98.8,1.319,128.02,1.359,43.3,1.45,
2023-08-20 20:30:00,OIL-SYN-014,2050.9,1979.1,Girujan,ROTARY_DRILLING,15.64,21.07,90.5,18.81,16097.9,259.2,2930.1,99.0,1.332,127.69,1.369,72.5,2.64,
2023-08-20 21:00:00,OIL-SYN-014,2064.5,1992.3,Girujan,ROTARY_DRILLING,21.33,24.2,78.6,14.92,15881.5,261.5,3153.2,98.0,1.353,127.64,1.379,76.3,1.28,
2023-08-20 21:30:00,OIL-SYN-014,2078.2,2005.4,Girujan,ROTARY_DRILLING,16.18,21.9,74.6,18.13,16311.2,255.9,3081.4,98.4,1.352,127.63,1.387,72.9,1.9,
2023-08-20 22:00:00,OIL-SYN-014,2091.8,2018.6,Girujan,ROTARY_DRILLING,16.78,26.43,85.4,15.82,15880.7,255.9,3298.3,99.2,1.349,129.41,1.379,76.6,1.7,
2023-08-20 22:30:00,OIL-SYN-014,2105.5,2031.8,Girujan,ROTARY_DRILLING,18.72,19.88,77.6,16.58,16291.2,271.1,3074.2,99.4,1.376,128.96,1.405,69.4,1.67,
2023-08-20 23:00:00,OIL-SYN-014,2119.1,2045.0,Girujan,ROTARY_DRILLING,12.97,25.58,87.7,16.13,16160.8,269.1,3236.3,99.1,1.344,127.32,1.373,77.0,0,
2023-08-20 23:30:00,OIL-SYN-014,2132.8,2058.1,Girujan,ROTARY_DRILLING,13.15,23.84,79.0,18.27,15401.3,263.8,3211.3,99.5,1.347,128.55,1.358,66.4,0.95,
2023-08-21 00:00:00,OIL-SYN-014,2146.4,2071.3,Girujan,ROTARY_DRILLING,16.2,23.17,73.6,16.18,15534.7,266.0,3073.8,98.4,1.339,127.18,1.355,78.6,1.78,
2023-08-21 00:30:00,OIL-SYN-014,2160.1,2084.5,Girujan,ROTARY_DRILLING,14.4,24.1,81.1,19.41,15873.7,284.0,3031.9,99.8,1.368,128.94,1.408,68.8,2.03,
2023-08-21 01:00:00,OIL-SYN-014,2173.7,2097.6,Girujan,ROTARY_DRILLING,13.73,21.71,65.1,15.06,15255.9,254.8,3090.9,107.2,1.354,133.6,1.399,77.6,9.91,KICK
2023-08-21 01:30:00,OIL-SYN-014,2187.4,2110.8,Girujan,ROTARY_DRILLING,10.24,21.33,81.7,17.82,15991.8,261.2,2998.9,103.2,1.363,137.62,1.375,68.5,11.54,KICK
2023-08-21 02:00:00,OIL-SYN-014,2201.0,2124.0,Girujan,ROTARY_DRILLING,12.78,26.47,81.5,15.63,15666.3,262.3,3037.2,109.1,1.367,135.32,1.399,79.4,7.53,KICK
2023-08-21 02:30:00,OIL-SYN-014,2214.7,2137.1,Girujan,ROTARY_DRILLING,12.45,18.59,86.2,17.73,16428.3,259.4,3051.6,104.6,1.371,136.1,1.396,80.3,6.03,KICK
2023-08-21 03:00:00,OIL-SYN-014,2228.3,2150.3,Girujan,ROTARY_DRILLING,14.67,22.6,80.0,17.12,15597.5,278.5,3278.4,110.4,1.36,135.43,1.401,61.9,10.21,KICK
2023-08-21 03:30:00,OIL-SYN-014,2241.9,2163.5,Girujan,ROTARY_DRILLING,12.41,24.13,93.0,17.84,15744.3,268.9,3257.0,105.3,1.357,134.57,1.37,68.2,10.67,KICK
2023-08-21 04:00:00,OIL-SYN-014,2255.6,2176.7,Girujan,ROTARY_DRILLING,11.42,23.9,79.0,15.87,16568.7,256.9,3131.2,109.0,1.368,134.67,1.39,69.0,6.25,KICK
2023-08-21 04:30:00,OIL-SYN-014,2269.2,2189.8,Girujan,ROTARY_DRILLING,17.26,23.39,82.4,18.72,16500.2,271.8,3242.4,106.5,1.355,139.12,1.369,67.6,7.65,KICK
2023-08-21 05:00:00,OIL-SYN-014,2282.9,2203.0,Girujan,ROTARY_DRILLING,8.3,23.42,82.2,16.13,16453.6,276.1,3170.3,105.2,1.34,140.56,1.367,70.6,7.59,KICK
2023-08-21 05:30:00,OIL-SYN-014,2296.5,2216.2,Girujan,ROTARY_DRILLING,15.44,23.44,72.6,16.43,15864.9,268.2,3266.6,108.1,1.369,133.71,1.397,71.4,8.94,KICK
2023-08-21 06:00:00,OIL-SYN-014,2310.2,2229.3,Girujan,ROTARY_DRILLING,12.14,24.72,84.7,16.82,15996.2,254.2,3313.4,98.2,1.39,128.11,1.417,82.8,1.14,
2023-08-21 06:30:00,OIL-SYN-014,2323.8,2242.5,Girujan,ROTARY_DRILLING,15.15,27.18,62.9,19.15,16184.1,266.5,3312.6,99.3,1.372,128.35,1.394,67.6,1.91,
2023-08-21 07:00:00,OIL-SYN-014,2337.5,2255.7,Girujan,ROTARY_DRILLING,16.95,23.31,65.0,16.93,15762.8,276.5,3220.8,100,1.381,129.95,1.414,64.2,1.42,
2023-08-21 07:30:00,OIL-SYN-014,2351.1,2268.8,Girujan,ROTARY_DRILLING,14.45,27.26,80.2,18.67,16498.8,285.9,3257.8,99.3,1.401,127.9,1.428,61.8,2.13,
2023-08-21 08:00:00,OIL-SYN-014,2364.8,2282.0,Girujan,ROTARY_DRILLING,12.98,19.24,66.9,19.12,16287.0,271.3,3178.0,98.4,1.382,126.19,1.417,81.9,1.24,
2023-08-21 08:30:00,OIL-SYN-014,2378.4,2295.2,Girujan,ROTARY_DRILLING,12.8,22.75,82.0,15.09,16138.5,276.5,3141.9,100,1.387,127.58,1.403,81.1,1.92,
2023-08-21 09:00:00,OIL-SYN-014,2392.1,2308.4,Girujan,ROTARY_DRILLING,11.21,18.77,81.7,17.75,16104.1,275.9,3193.6,99.8,1.375,127.52,1.404,78.8,1.53,
2023-08-21 09:30:00,OIL-SYN-014,2405.7,2321.5,Girujan,ROTARY_DRILLING,17.5,25.11,68.0,16.38,16465.1,273.8,3227.8,99.4,1.397,128.24,1.421,68.3,2.25,
2023-08-21 10:00:00,OIL-SYN-014,2419.4,2334.7,Girujan,ROTARY_DRILLING,14.38,26.03,77.9,16.51,16199.6,282.9,3330.0,99.5,1.406,127.54,1.426,63.4,1.88,
2023-08-21 10:30:00,OIL-SYN-014,2433.0,2347.9,Girujan,ROTARY_DRILLING,13.38,22.73,79.5,20.13,17193.4,283.7,3263.7,99.2,1.369,127.28,1.385,76.0,2.52,
2023-08-21 11:00:00,OIL-SYN-014,2446.7,2361.0,Girujan,ROTARY_DRILLING,10.51,22.63,84.8,19.77,16692.1,280.6,3010.5,100,1.389,128.07,1.422,68.9,1.65,
2023-08-21 11:30:00,OIL-SYN-014,2460.3,2374.2,Girujan,ROTARY_DRILLING,16.5,27.37,72.0,18.93,16077.2,283.1,3109.2,97.5,1.394,127.46,1.414,72.8,1.5,
2023-08-21 12:00:00,OIL-SYN-014,2474.0,2387.4,Girujan,ROTARY_DRILLING,13.67,23.73,62.1,17.59,16517.9,288.8,3085.8,98.5,1.409,127.06,1.454,66.9,2.8,
2023-08-21 12:30:00,OIL-SYN-014,2487.6,2400.5,Girujan,ROTARY_DRILLING,15.76,22.11,71.5,18.95,16798.2,268.9,3365.8,98.4,1.381,127.55,1.416,62.9,1.46,
2023-08-21 13:00:00,OIL-SYN-014,2501.3,2413.7,Girujan,ROTARY_DRILLING,15.08,24.3,66.8,16.93,16602.0,281.8,3183.8,99.1,1.4,128.83,1.414,78.9,1.56,
2023-08-21 13:30:00,OIL-SYN-014,2514.9,2426.9,Girujan,ROTARY_DRILLING,13.11,21.46,65.2,18.83,16558.6,280.8,3189.0,99.7,1.409,129.33,1.439,81.9,2.3,
2023-08-21 14:00:00,OIL-SYN-014,2528.6,2440.1,Girujan,ROTARY_DRILLING,14.36,23.23,70.8,20.65,16048.0,278.8,3341.0,100,1.416,126.94,1.431,63.8,2.03,
2023-08-21 14:30:00,OIL-SYN-014,2542.2,2453.2,Girujan,ROTARY_DRILLING,11.86,31.0,71.8,17.29,16617.4,271.8,3210.3,97.4,1.406,126.81,1.433,66.4,1.46,
2023-08-21 15:00:00,OIL-SYN-014,2555.8,2466.4,Lakwa,ROTARY_DRILLING,17.9,25.54,69.3,20.8,16220.5,274.2,3304.8,99.7,1.416,129.27,1.452,42.9,4.9,
2023-08-21 15:30:00,OIL-SYN-014,2569.5,2479.6,Lakwa,ROTARY_DRILLING,15.08,28.44,77.2,18.27,16863.8,280.4,3357.5,98.3,1.422,128.39,1.451,45.2,3.74,
2023-08-21 16:00:00,OIL-SYN-014,2583.1,2492.7,Lakwa,ROTARY_DRILLING,12.69,24.49,77.8,21.09,16492.4,277.4,3209.2,99.1,1.39,127.62,1.432,42.8,3.91,
2023-08-21 16:30:00,OIL-SYN-014,2596.8,2505.9,Lakwa,ROTARY_DRILLING,12.32,24.54,70.1,20.06,15923.7,282.0,3106.9,100.0,1.411,129.59,1.454,46.2,5.46,
2023-08-21 17:00:00,OIL-SYN-014,2610.4,2519.1,Lakwa,ROTARY_DRILLING,15.55,26.65,81.3,20.35,17000.4,291.0,3202.2,99.2,1.405,130.05,1.423,37.5,4.43,
2023-08-21 17:30:00,OIL-SYN-014,2624.1,2532.2,Lakwa,ROTARY_DRILLING,11.53,27.73,76.5,18.39,16432.2,288.9,3307.5,100,1.414,128.14,1.426,38.3,3.25,
2023-08-21 18:00:00,OIL-SYN-014,2637.7,2545.4,Lakwa,ROTARY_DRILLING,11.59,27.96,64.7,19.93,16607.0,276.1,3267.4,99.5,1.417,128.62,1.443,45.1,3.39,
2023-08-21 18:30:00,OIL-SYN-014,2651.4,2558.6,Lakwa,ROTARY_DRILLING,8.96,23.01,71.3,19.5,16999.1,274.4,3380.3,99.8,1.425,126.68,1.464,40.4,3.94,
2023-08-21 19:00:00,OIL-SYN-014,2665.0,2571.8,Lakwa,ROTARY_DRILLING,16.06,22.75,65.3,43.68,16819.7,282.5,3200.0,99.0,1.428,127.56,1.466,50.4,4.69,TORQUE_SPIKE
2023-08-21 19:30:00,OIL-SYN-014,2678.7,2584.9,Lakwa,ROTARY_DRILLING,12.31,25.54,69.8,38.25,16363.7,276.5,3238.6,99.1,1.407,128.35,1.444,46.0,4.58,TORQUE_SPIKE
2023-08-21 20:00:00,OIL-SYN-014,2692.3,2598.1,Lakwa,ROTARY_DRILLING,12.1,28.68,64.7,39.96,17700.6,286.7,3291.9,99.2,1.422,128.68,1.461,48.1,4.49,TORQUE_SPIKE
2023-08-21 20:30:00,OIL-SYN-014,2706.0,2611.3,Lakwa,ROTARY_DRILLING,13.9,28.55,74.6,39.61,16403.2,283.5,3200.5,100.0,1.424,128.19,1.449,50.1,3.53,TORQUE_SPIKE
2023-08-21 21:00:00,OIL-SYN-014,2719.6,2624.4,Lakwa,ROTARY_DRILLING,14.69,24.54,74.5,32.45,16856.5,279.2,3180.9,100,1.435,128.13,1.478,46.1,4.0,TORQUE_SPIKE
2023-08-21 21:30:00,OIL-SYN-014,2733.3,2637.6,Lakwa,ROTARY_DRILLING,12.25,26.53,55.4,36.82,16945.5,285.1,3280.4,100,1.429,127.86,1.458,40.1,4.95,TORQUE_SPIKE
2023-08-21 22:00:00,OIL-SYN-014,2746.9,2650.8,Lakwa,ROTARY_DRILLING,8.89,28.27,71.1,39.56,16506.8,291.6,3311.2,99.4,1.424,127.5,1.451,54.3,4.74,TORQUE_SPIKE
2023-08-21 22:30:00,OIL-SYN-014,2760.6,2663.9,Lakwa,ROTARY_DRILLING,15.77,22.93,73.1,44.69,16684.2,293.0,3225.3,98.2,1.428,127.33,1.453,38.7,4.03,TORQUE_SPIKE
2023-08-21 23:00:00,OIL-SYN-014,2774.2,2677.1,Lakwa,ROTARY_DRILLING,13.38,24.74,57.3,45.89,17083.3,285.6,3195.1,98.0,1.414,125.34,1.43,50.6,4.73,TORQUE_SPIKE
2023-08-21 23:30:00,OIL-SYN-014,2787.9,2690.3,Lakwa,ROTARY_DRILLING,12.46,31.4,57.4,39.89,16952.1,285.9,3364.8,99.4,1.442,127.06,1.463,41.1,5.15,TORQUE_SPIKE
2023-08-22 00:00:00,OIL-SYN-014,2801.5,2703.5,Lakwa,ROTARY_DRILLING,13.73,24.9,68.5,19.98,17030.4,282.7,3284.2,98.7,1.436,127.17,1.469,40.6,5.15,
2023-08-22 00:30:00,OIL-SYN-014,2815.2,2716.6,Lakwa,ROTARY_DRILLING,16.05,29.3,67.8,19.17,16810.0,291.9,3255.1,99.3,1.398,126.59,1.435,44.1,4.87,
2023-08-22 01:00:00,OIL-SYN-014,2828.8,2729.8,Lakwa,ROTARY_DRILLING,11.71,27.21,78.9,20.18,16996.9,281.3,3430.4,99.4,1.434,128.41,1.474,46.2,4.71,
2023-08-22 01:30:00,OIL-SYN-014,2842.5,2743.0,Lakwa,ROTARY_DRILLING,13.55,25.36,69.2,20.15,16838.5,300.2,3283.6,98.1,1.44,128.35,1.45,38.4,4.12,
2023-08-22 02:00:00,OIL-SYN-014,2856.1,2756.1,Lakwa,ROTARY_DRILLING,15.27,27.1,61.7,18.99,17508.2,292.6,3253.3,99.3,1.444,126.41,1.473,36.2,3.8,
2023-08-22 02:30:00,OIL-SYN-014,2869.7,2769.3,Lakwa,ROTARY_DRILLING,10.34,25.7,63.4,21.26,17338.3,300.2,3366.1,99.6,1.441,127.11,1.477,45.8,3.36,
2023-08-22 03:00:00,OIL-SYN-014,2883.4,2782.5,Lakwa,ROTARY_DRILLING,16.75,26.41,60.9,18.01,16441.8,283.5,3333.9,98.4,1.442,126.98,1.453,51.6,4.24,
2023-08-22 03:30:00,OIL-SYN-014,2897.0,2795.6,Lakwa,ROTARY_DRILLING,12.7,28.68,63.5,20.61,16871.7,281.7,3384.1,99.7,1.439,127.26,1.483,47.6,3.35,
2023-08-22 04:00:00,OIL-SYN-014,2910.7,2808.8,Lakwa,ROTARY_DRILLING,12.18,22.09,71.5,20.21,17283.4,292.3,3428.0,98.3,1.407,127.86,1.43,44.0,4.86,
2023-08-22 04:30:00,OIL-SYN-014,2924.3,2822.0,Lakwa,ROTARY_DRILLING,11.15,21.73,72.9,21.07,17611.5,287.4,3455.3,98.7,1.44,127.01,1.46,44.5,5.0,
2023-08-22 05:00:00,OIL-SYN-014,2938.0,2835.2,Lakwa,ROTARY_DRILLING,9.31,29.01,83.6,19.09,16565.4,318.6,3441.8,98.9,1.459,128.46,1.503,48.6,3.46,
2023-08-22 05:30:00,OIL-SYN-014,2951.6,2848.3,Lakwa,ROTARY_DRILLING,10.12,22.5,74.1,20.65,17219.3,286.5,3377.9,98.6,1.473,128.05,1.488,33.1,5.6,
2023-08-22 06:00:00,OIL-SYN-014,2965.3,2861.5,Lakwa,ROTARY_DRILLING,11.26,26.13,77.9,20.18,17444.2,302.9,3333.5,98.3,1.476,128.3,1.492,49.0,3.38,
2023-08-22 06:30:00,OIL-SYN-014,2978.9,2874.7,Lakwa,ROTARY_DRILLING,13.84,23.88,59.8,21.4,17558.0,291.3,3252.6,99.6,1.481,127.81,1.515,32.7,4.99,
2023-08-22 07:00:00,OIL-SYN-014,2992.6,2887.8,Lakwa,ROTARY_DRILLING,14.27,24.53,67.1,21.29,16791.4,292.3,3394.5,98.2,1.464,128.28,1.48,41.6,4.68,
2023-08-22 07:30:00,OIL-SYN-014,3006.2,2901.0,Lakwa,ROTARY_DRILLING,14.2,21.01,71.2,20.73,16848.8,285.9,3286.7,97.3,1.472,129.95,1.492,40.2,4.16,
2023-08-22 08:00:00,OIL-SYN-014,3019.9,2914.2,Lakwa,ROTARY_DRILLING,12.18,26.67,62.7,22.96,17706.3,292.3,3380.4,97.3,1.454,129.39,1.483,34.6,3.7,
2023-08-22 08:30:00,OIL-SYN-014,3033.5,2927.3,Lakwa,ROTARY_DRILLING,11.55,23.1,72.3,20.43,17661.2,289.6,3277.3,98.6,1.451,128.61,1.495,52.7,3.76,
2023-08-22 09:00:00,OIL-SYN-014,3047.2,2940.5,Lakwa,ROTARY_DRILLING,18.87,30.13,61.9,19.1,16753.4,295.4,3399.3,99.3,1.447,127.46,1.468,51.0,3.48,
2023-08-22 09:30:00,OIL-SYN-014,3060.8,2953.7,Lakwa,ROTARY_DRILLING,12.22,30.38,69.0,21.22,17264.1,299.9,3324.3,97.6,1.462,126.92,1.49,42.2,3.21,
2023-08-22 10:00:00,OIL-SYN-014,3074.5,2966.9,Lakwa,ROTARY_DRILLING,15.98,26.29,66.9,20.83,17758.9,301.0,3388.8,98.2,1.468,127.53,1.492,47.7,4.26,
2023-08-22 10:30:00,OIL-SYN-014,3088.1,2980.0,Lakwa,ROTARY_DRILLING,14.96,30.07,62.9,22.01,17516.3,293.2,3565.3,99.5,1.492,127.09,1.524,49.6,3.64,
2023-08-22 11:00:00,OIL-SYN-014,3101.8,2993.2,Lakwa,ROTARY_DRILLING,15.92,24.9,65.4,21.64,17038.4,298.4,3323.9,98.8,1.473,129.13,1.495,37.3,3.8,
2023-08-22 11:30:00,OIL-SYN-014,3115.4,3006.4,Lakwa,ROTARY_DRILLING,12.94,27.4,61.3,24.37,17507.1,317.8,3399.5,98.3,1.454,128.53,1.487,43.7,4.42,
2023-08-22 12:00:00,OIL-SYN-014,3129.1,3019.5,Lakwa,ROTARY_DRILLING,16.96,27.16,74.0,21.42,17383.6,295.1,3294.9,100,1.478,128.65,1.503,49.2,5.7,
2023-08-22 12:30:00,OIL-SYN-014,3142.7,3032.7,Lakwa,ROTARY_DRILLING,14.68,27.77,64.2,20.16,17204.4,312.1,3395.6,97.9,1.48,127.33,1.503,48.7,5.08,
2023-08-22 13:00:00,OIL-SYN-014,3156.4,3045.9,Lakwa,ROTARY_DRILLING,17.57,29.21,50,21.09,17942.8,302.3,3498.9,99.2,1.487,127.6,1.502,41.1,4.34,
2023-08-22 13:30:00,OIL-SYN-014,3170,3059.0,Lakwa,ROTARY_DRILLING,9.3,26.36,56.9,21.25,18499.5,301.1,3427.8,98.5,1.493,128.7,1.505,52.0,3.67,
2023-09-05 06:00:00,OIL-SYN-015,1000.0,965.0,Barail,ROTARY_DRILLING,15.28,19.09,96.5,11.5,14031.4,217.4,2892.7,97.9,1.239,128.05,1.263,48.9,1.4,
2023-09-05 06:30:00,OIL-SYN-015,1017.0,981.4,Barail,ROTARY_DRILLING,19.01,19.29,83.5,12.04,14693.0,230.5,2822.4,98.6,1.256,129.57,1.3,44.7,1.8,
2023-09-05 07:00:00,OIL-SYN-015,1034.0,997.8,Barail,ROTARY_DRILLING,19.27,21.38,97.3,12.65,14756.6,234.6,2785.8,99.7,1.224,126.87,1.255,41.8,1.98,
2023-09-05 07:30:00,OIL-SYN-015,1050.9,1014.2,Barail,ROTARY_DRILLING,12.64,26.48,89.1,17.19,14185.6,229.6,2885.4,98.0,1.25,128.19,1.279,44.9,1.24,
2023-09-05 08:00:00,OIL-SYN-015,1067.9,1030.5,Barail,ROTARY_DRILLING,20.98,18.4,93.2,14.52,14030.5,225.6,2897.4,97.4,1.234,128.37,1.261,43.7,1.02,
2023-09-05 08:30:00,OIL-SYN-015,1084.9,1046.9,Barail,ROTARY_DRILLING,18.77,19.75,91.3,12.55,13810.1,236.3,2787.7,99.8,1.237,127.45,1.28,45.2,1.39,
2023-09-05 09:00:00,OIL-SYN-015,1101.9,1063.3,Barail,ROTARY_DRILLING,15.98,20.02,91.3,13.21,14598.4,218.2,2912.8,98.9,1.263,127.85,1.293,46.2,1.63,
2023-09-05 09:30:00,OIL-SYN-015,1118.9,1079.7,Barail,ROTARY_DRILLING,13.6,17.47,91.3,13.8,14375.0,223.1,2859.3,98.9,1.254,127.96,1.269,42.0,1.85,
2023-09-05 10:00:00,OIL-SYN-015,1135.8,1096.1,Barail,ROTARY_DRILLING,19.19,21.15,97.2,13.42,14318.3,240.0,2842.3,98.8,1.219,128.78,1.233,37.4,2.01,
2023-09-05 10:30:00,OIL-SYN-015,1152.8,1112.5,Barail,ROTARY_DRILLING,16.86,22.99,93.5,13.38,14502.3,226.2,2761.4,100,1.242,127.33,1.255,42.1,2.44,
2023-09-05 11:00:00,OIL-SYN-015,1169.8,1128.9,Barail,ROTARY_DRILLING,13.39,17.88,105.6,15.23,14154.1,238.4,2750.6,99.7,1.254,127.04,1.28,42.2,0.77,
2023-09-05 11:30:00,OIL-SYN-015,1186.8,1145.3,Barail,ROTARY_DRILLING,14.54,25.3,89.1,13.69,14748.8,234.7,2957.1,98.9,1.278,127.61,1.301,48.9,1.89,
2023-09-05 12:00:00,OIL-SYN-015,1203.8,1161.6,Barail,ROTARY_DRILLING,14.46,19.75,97.2,14.53,14366.4,230.6,3085.3,99.4,1.27,125.62,1.304,42.0,1.15,
2023-09-05 12:30:00,OIL-SYN-015,1220.8,1178.0,Barail,ROTARY_DRILLING,14.8,19.71,96.5,13.86,14360.2,238.3,2803.5,99.8,1.267,127.64,1.311,40.1,2.72,
2023-09-05 13:00:00,OIL-SYN-015,1237.7,1194.4,Barail,ROTARY_DRILLING,14.53,22.93,93.5,12.83,14163.4,261.2,2978.9,97.6,1.268,128.82,1.309,48.9,2.41,
2023-09-05 13:30:00,OIL-SYN-015,1254.7,1210.8,Barail,ROTARY_DRILLING,16.89,23.36,104.4,11.02,14101.6,214.8,2933.1,99.6,1.284,127.52,1.325,45.1,0.31,
2023-09-05 14:00:00,OIL-SYN-015,1271.7,1227.2,Barail,ROTARY_DRILLING,14.77,19.28,89.0,11.17,14846.3,230.8,2856.9,98.4,1.227,129.14,1.25,54.5,1.37,
2023-09-05 14:30:00,OIL-SYN-015,1288.7,1243.6,Barail,ROTARY_DRILLING,17.06,19.56,86.9,14.06,14884.5,241.1,2910.1,99.2,1.264,128.01,1.291,49.5,0.83,
2023-09-05 15:00:00,OIL-SYN-015,1305.7,1260.0,Barail,ROTARY_DRILLING,17.32,21.76,100.2,12.85,14265.6,241.8,2873.2,99.9,1.259,129.12,1.278,56.4,1.57,
2023-09-05 15:30:00,OIL-SYN-015,1322.6,1276.3,Barail,ROTARY_DRILLING,19.77,25.32,115.4,14.19,15040.5,237.4,2877.2,100.0,1.264,127.31,1.309,42.5,2.42,
2023-09-05 16:00:00,OIL-SYN-015,1339.6,1292.7,Barail,ROTARY_DRILLING,16.93,21.26,104.0,11.9,14538.5,235.5,2967.7,99.7,1.279,129.03,1.307,47.1,2.61,
2023-09-05 16:30:00,OIL-SYN-015,1356.6,1309.1,Barail,ROTARY_DRILLING,18.41,28.83,91.5,14.08,14362.3,231.9,2985.8,97.3,1.255,127.19,1.265,41.5,1.42,
2023-09-05 17:00:00,OIL-SYN-015,1373.6,1325.5,Barail,ROTARY_DRILLING,17.98,22.74,86.0,13.56,14522.5,239.4,2944.4,99.3,1.278,127.06,1.295,43.8,1.27,
2023-09-05 17:30:00,OIL-SYN-015,1390.6,1341.9,Barail,ROTARY_DRILLING,16.74,25.37,86.1,13.28,14717.5,245.2,2941.3,99.2,1.298,127.16,1.332,39.1,0,
2023-09-05 18:00:00,OIL-SYN-015,1407.5,1358.3,Tipam,ROTARY_DRILLING,13.01,22.59,76.7,13.98,14409.2,243.6,2906.6,99.1,1.255,127.35,1.284,44.0,1.76,
2023-09-05 18:30:00,OIL-SYN-015,1424.5,1374.7,Tipam,ROTARY_DRILLING,16.94,26.98,91.0,14.91,14928.8,255.5,2906.7,98.6,1.259,128.28,1.299,45.4,0.02,
2023-09-05 19:00:00,OIL-SYN-015,1441.5,1391.1,Tipam,ROTARY_DRILLING,16.09,18.91,89.6,13.56,14185.8,234.2,3046.2,100,1.326,127.33,1.359,44.6,2.11,
2023-09-05 19:30:00,OIL-SYN-015,1458.5,1407.4,Tipam,ROTARY_DRILLING,18.53,20.26,87.5,14.24,15314.5,249.1,2993.6,99.8,1.284,128.66,1.313,39.6,1.13,
2023-09-05 20:00:00,OIL-SYN-015,1475.5,1423.8,Tipam,ROTARY_DRILLING,16.22,22.24,94.0,17.45,14494.1,255.5,2834.3,98.7,1.276,126.65,1.317,49.9,1.69,
2023-09-05 20:30:00,OIL-SYN-015,1492.5,1440.2,Tipam,ROTARY_DRILLING,15.55,21.91,80.7,14.05,14157.0,246.1,2860.6,97.7,1.271,127.03,1.302,42.9,1.68,
2023-09-05 21:00:00,OIL-SYN-015,1509.4,1456.6,Tipam,ROTARY_DRILLING,17.86,22.26,78.6,18.11,14953.1,245.9,2961.0,98.9,1.296,127.53,1.306,44.5,1.34,
2023-09-05 21:30:00,OIL-SYN-015,1526.4,1473.0,Tipam,ROTARY_DRILLING,15.95,21.28,90.1,14.32,15074.0,244.1,2982.9,98.9,1.29,127.03,1.328,45.7,2.24,
2023-09-05 22:00:00,OIL-SYN-015,1543.4,1489.4,Tipam,ROTARY_DRILLING,18.9,22.81,87.0,13.57,15182.0,237.7,3057.6,99.2,1.3,130.18,1.334,44.4,2.82,
2023-09-05 22:30:00,OIL-SYN-015,1560.4,1505.8,Tipam,ROTARY_DRILLING,16.05,24.69,86.0,16.89,14355.8,239.6,3007.3,99.7,1.297,127.4,1.321,41.7,1.4,
2023-09-05 23:00:00,OIL-SYN-015,1577.4,1522.2,Tipam,ROTARY_DRILLING,18.55,24.37,97.6,15.1,15354.6,240.4,2833.8,99.9,1.294,127.93,1.323,42.4,3.26,
2023-09-05 23:30:00,OIL-SYN-015,1594.3,1538.5,Tipam,ROTARY_DRILLING,18.92,20.66,70.1,14.43,14866.2,247.0,3027.3,98.5,1.294,130.6,1.316,43.8,1.09,
2023-09-06 00:00:00,OIL-SYN-015,1611.3,1554.9,Tipam,ROTARY_DRILLING,16.16,22.84,79.8,14.58,14991.3,245.1,2971.6,98.5,1.289,130.55,1.33,44.3,0.63,
2023-09-06 00:30:00,OIL-SYN-015,1628.3,1571.3,Tipam,ROTARY_DRILLING,13.82,23.44,87.6,15.61,14779.6,238.0,3094.2,98.2,1.302,127.84,1.316,44.6,2.14,
2023-09-06 01:00:00,OIL-SYN-015,1645.3,1587.7,Tipam,ROTARY_DRILLING,13.88,27.09,95.4,17.18,15210.0,262.1,2829.8,97.4,1.326,128.43,1.342,44.0,2.12,
2023-09-06 01:30:00,OIL-SYN-015,1662.3,1604.1,Tipam,ROTARY_DRILLING,13.96,24.85,90.0,15.93,14917.8,241.6,3003.2,99.3,1.267,127.36,1.305,47.7,0.6,
2023-09-06 02:00:00,OIL-SYN-015,1679.2,1620.5,Tipam,ROTARY_DRILLING,19.3,26.78,90.2,16.84,14705.3,243.8,2996.7,99.2,1.345,125.8,1.372,50.1,1.49,
2023-09-06 02:30:00,OIL-SYN-015,1696.2,1636.9,Tipam,ROTARY_DRILLING,10.23,24.33,81.1,15.98,14875.9,262.6,2988.0,98.7,1.289,127.64,1.31,40.2,3.11,
2023-09-06 03:00:00,OIL-SYN-015,1713.2,1653.2,Tipam,ROTARY_DRILLING,16.89,24.14,92.7,13.67,15026.8,250.7,3029.8,97.8,1.303,127.22,1.318,43.6,2.53,
2023-09-06 03:30:00,OIL-SYN-015,1730.2,1669.6,Tipam,ROTARY_DRILLING,14.16,19.88,74.6,16.95,15893.5,257.4,3094.8,98.7,1.311,128.42,1.332,42.4,1.63,
2023-09-06 04:00:00,OIL-SYN-015,1747.2,1686.0,Tipam,ROTARY_DRILLING,15.35,21.96,78.2,14.38,15506.6,255.4,2974.0,97.5,1.319,128.1,1.358,47.0,1.11,
2023-09-06 04:30:00,OIL-SYN-015,1764.2,1702.4,Tipam,ROTARY_DRILLING,13.08,19.18,89.1,14.82,14739.8,248.4,3141.6,98.8,1.299,127.22,1.326,50.7,2.33,
2023-09-06 05:00:00,OIL-SYN-015,1781.1,1718.8,Tipam,ROTARY_DRILLING,17.95,19.25,92.9,16.4,15146.9,245.9,2900.1,99.8,1.331,126.23,1.347,43.9,1.26,
2023-09-06 05:30:00,OIL-SYN-015,1798.1,1735.2,Tipam,ROTARY_DRILLING,17.54,23.21,81.4,15.05,15878.9,257.1,3051.2,99.6,1.29,128.58,1.301,52.2,3.03,
2023-09-06 06:00:00,OIL-SYN-015,1815.1,1751.6,Tipam,ROTARY_DRILLING,17.97,26.46,74.6,14.22,14856.5,256.3,3226.2,98.6,1.323,128.37,1.343,50.8,2.42,
2023-09-06 06:30:00,OIL-SYN-015,1832.1,1768.0,Tipam,ROTARY_DRILLING,14.29,21.18,80.0,16.06,15210.5,262.1,3032.7,99.4,1.327,128.71,1.371,45.1,1.19,
2023-09-06 07:00:00,OIL-SYN-015,1849.1,1784.3,Tipam,ROTARY_DRILLING,14.94,25.65,83.0,17.34,15428.5,259.1,3025.0,99.4,1.332,127.96,1.36,45.1,0,
2023-09-06 07:30:00,OIL-SYN-015,1866.0,1800.7,Tipam,ROTARY_DRILLING,14.04,27.54,70.4,13.78,15737.2,260.0,3135.7,99.9,1.316,129.19,1.337,45.5,1.7,
2023-09-06 08:00:00,OIL-SYN-015,1883.0,1817.1,Tipam,ROTARY_DRILLING,15.12,20.87,83.8,17.15,15339.1,274.0,3174.2,100,1.345,127.76,1.385,46.2,2.37,
2023-09-06 08:30:00,OIL-SYN-015,1900.0,1833.5,Tipam,ROTARY_DRILLING,18.83,21.33,72.7,14.84,15745.5,247.0,2975.8,99.2,1.355,127.77,1.394,38.1,0,
2023-09-06 09:00:00,OIL-SYN-015,1917.0,1849.9,Tipam,ROTARY_DRILLING,11.39,24.21,75.0,16.61,15603.4,263.2,3140.9,98.1,1.32,128.98,1.342,41.1,2.84,
2023-09-06 09:30:00,OIL-SYN-015,1934.0,1866.3,Tipam,ROTARY_DRILLING,16.86,23.07,74.2,15.63,15492.0,259.2,3083.1,105.2,1.364,139.55,1.379,51.6,9.68,KICK
2023-09-06 10:00:00,OIL-SYN-015,1950.9,1882.7,Tipam,ROTARY_DRILLING,15.08,25.37,92.1,17.3,15285.4,261.4,3059.7,109.6,1.339,139.17,1.354,49.4,6.48,KICK
2023-09-06 10:30:00,OIL-SYN-015,1967.9,1899.0,Tipam,ROTARY_DRILLING,14.42,25.93,87.9,18.7,15491.4,251.5,3128.4,110.2,1.334,133.3,1.37,49.1,8.63,KICK
2023-09-06 11:00:00,OIL-SYN-015,1984.9,1915.4,Tipam,ROTARY_DRILLING,11.16,25.66,72.8,16.87,15276.3,255.7,3125.1,103.8,1.325,138.34,1.366,52.7,10.18,KICK
2023-09-06 11:30:00,OIL-SYN-015,2001.9,1931.8,Tipam,ROTARY_DRILLING,16.65,26.99,91.1,14.3,16491.2,254.6,3110.8,107.2,1.364,135.53,1.388,44.0,8.11,KICK
2023-09-06 12:00:00,OIL-SYN-015,2018.9,1948.2,Tipam,ROTARY_DRILLING,12.43,27.17,81.6,18.3,15911.9,248.0,3025.4,107.5,1.334,135.04,1.368,52.4,8.13,KICK
2023-09-06 12:30:00,OIL-SYN-015,2035.8,1964.6,Tipam,ROTARY_DRILLING,13.73,21.85,85.0,14.76,15588.6,262.8,3152.2,104.2,1.347,139.17,1.39,50.3,8.81,KICK
2023-09-06 13:00:00,OIL-SYN-015,2052.8,1981.0,Girujan,ROTARY_DRILLING,13.52,24.26,67.3,18.77,15486.7,244.8,3173.6,105.8,1.335,138.05,1.354,66.2,10.7,KICK
2023-09-06 13:30:00,OIL-SYN-015,2069.8,1997.4,Girujan,ROTARY_DRILLING,16.67,21.94,69.0,15.77,15637.2,261.2,3102.2,97.8,1.347,127.08,1.374,68.9,1.28,
2023-09-06 14:00:00,OIL-SYN-015,2086.8,2013.8,Girujan,ROTARY_DRILLING,14.07,26.37,80.7,16.75,16101.5,260.2,3133.2,99.0,1.342,128.54,1.365,73.3,1.57,
2023-09-06 14:30:00,OIL-SYN-015,2103.8,2030.1,Girujan,ROTARY_DRILLING,15.75,28.37,87.0,19.68,15466.6,261.9,3102.4,100.0,1.341,127.36,1.38,74.3,1.39,
2023-09-06 15:00:00,OIL-SYN-015,2120.8,2046.5,Girujan,ROTARY_DRILLING,9.6,21.25,85.0,18.1,16784.2,267.1,3024.7,98.4,1.39,129.37,1.408,74.9,1.37,
2023-09-06 15:30:00,OIL-SYN-015,2137.7,2062.9,Girujan,ROTARY_DRILLING,15.33,20.69,80.4,16.53,15831.2,243.1,3171.8,99.5,1.363,127.73,1.387,71.0,2.89,
2023-09-06 16:00:00,OIL-SYN-015,2154.7,2079.3,Girujan,ROTARY_DRILLING,9.77,24.42,80.8,17.0,15374.6,268.9,3153.8,98.9,1.336,129.59,1.353,77.3,1.7,
2023-09-06 16:30:00,OIL-SYN-015,2171.7,2095.7,Girujan,ROTARY_DRILLING,15.33,26.0,77.0,14.55,16252.9,267.8,3122.1,98.0,1.376,127.16,1.412,66.1,1.8,
2023-09-06 17:00:00,OIL-SYN-015,2188.7,2112.1,Girujan,ROTARY_DRILLING,13.21,24.98,81.9,16.98,16037.4,270.4,3209.7,98.9,1.364,128.6,1.401,61.2,0.87,
2023-09-06 17:30:00,OIL-SYN-015,2205.7,2128.5,Girujan,ROTARY_DRILLING,17.11,22.73,74.6,17.28,15910.0,261.3,3268.4,98.1,1.363,126.72,1.376,67.9,2.69,
2023-09-06 18:00:00,OIL-SYN-015,2222.6,2144.8,Girujan,ROTARY_DRILLING,10.89,24.5,90.6,18.18,16202.5,273.2,3089.0,98.9,1.379,127.13,1.393,76.6,0.43,
2023-09-06 18:30:00,OIL-SYN-015,2239.6,2161.2,Girujan,ROTARY_DRILLING,15.18,24.74,81.9,19.01,16173.7,266.5,3328.4,99.7,1.372,127.83,1.386,62.4,2.61,
2023-09-06 19:00:00,OIL-SYN-015,2256.6,2177.6,Girujan,ROTARY_DRILLING,14.68,24.65,77.1,18.95,16117.4,275.3,3105.8,99.9,1.417,127.27,1.461,76.6,2.7,
2023-09-06 19:30:00,OIL-SYN-015,2273.6,2194.0,Girujan,ROTARY_DRILLING,15.64,22.99,77.0,17.7,15630.7,272.3,3053.8,97.8,1.36,128.63,1.378,57.8,2.09,
2023-09-06 20:00:00,OIL-SYN-015,2290.6,2210.4,Girujan,ROTARY_DRILLING,14.5,27.07,79.6,18.24,16030.2,255.8,3187.4,98.4,1.34,129.02,1.362,73.3,2.37,
2023-09-06 20:30:00,OIL-SYN-015,2307.5,2226.8,Girujan,ROTARY_DRILLING,15.93,22.22,89.4,18.52,16468.7,256.4,3345.2,98.5,1.356,128.4,1.373,70.4,2.7,
2023-09-06 21:00:00,OIL-SYN-015,2324.5,2243.2,Girujan,ROTARY_DRILLING,17.12,28.0,80.3,17.6,15837.4,257.7,3193.8,98.0,1.375,128.08,1.4,71.3,0.98,
2023-09-06 21:30:00,OIL-SYN-015,2341.5,2259.6,Girujan,ROTARY_DRILLING,11.84,29.64,73.4,18.64,16745.7,272.5,3240.4,97.8,1.386,128.33,1.41,68.5,2.29,
2023-09-06 22:00:00,OIL-SYN-015,2358.5,2275.9,Girujan,ROTARY_DRILLING,15.88,18.14,72.8,17.15,16446.7,268.1,3147.6,99.7,1.365,131.05,1.377,74.2,1.78,
2023-09-06 22:30:00,OIL-SYN-015,2375.5,2292.3,Girujan,ROTARY_DRILLING,11.61,22.45,65.0,19.45,16142.3,285.2,3096.7,97.6,1.387,129.41,1.411,75.8,1.68,
2023-09-06 23:00:00,OIL-SYN-015,2392.5,2308.7,Girujan,ROTARY_DRILLING,16.88,26.55,50,37.03,15916.4,269.3,3295.0,99.5,1.371,127.2,1.393,73.1,2.8,TORQUE_SPIKE
2023-09-06 23:30:00,OIL-SYN-015,2409.4,2325.1,Girujan,ROTARY_DRILLING,11.97,23.79,62.7,32.77,16449.7,267.1,3206.0,98.6,1.385,128.52,1.417,69.0,2.39,TORQUE_SPIKE
2023-09-07 00:00:00,OIL-SYN-015,2426.4,2341.5,Girujan,ROTARY_DRILLING,15.44,20.82,84.0,40.45,16124.2,258.5,3159.3,99.2,1.386,127.57,1.42,74.5,2.79,TORQUE_SPIKE
2023-09-07 00:30:00,OIL-SYN-015,2443.4,2357.9,Girujan,ROTARY_DRILLING,16.87,23.29,73.9,36.94,16595.4,268.7,3232.1,97.8,1.387,128.5,1.398,70.2,3.12,TORQUE_SPIKE
2023-09-07 01:00:00,OIL-SYN-015,2460.4,2374.3,Girujan,ROTARY_DRILLING,11.49,29.25,59.2,47.55,15956.8,268.0,3233.8,99.6,1.391,126.38,1.42,68.4,1.56,TORQUE_SPIKE
2023-09-07 01:30:00,OIL-SYN-015,2477.4,2390.7,Girujan,ROTARY_DRILLING,14.8,21.3,64.6,43.91,16449.3,265.7,3116.8,98.7,1.41,127.52,1.425,71.5,1.63,TORQUE_SPIKE
2023-09-07 02:00:00,OIL-SYN-015,2494.3,2407.0,Girujan,ROTARY_DRILLING,15.95,24.18,67.4,36.48,17063.1,276.9,3287.8,98.7,1.365,127.47,1.403,73.6,2.49,TORQUE_SPIKE
2023-09-07 02:30:00,OIL-SYN-015,2511.3,2423.4,Girujan,ROTARY_DRILLING,11.96,27.27,79.1,42.11,16572.2,282.5,3195.5,98.5,1.398,127.51,1.43,76.0,1.5,TORQUE_SPIKE
2023-09-07 03:00:00,OIL-SYN-015,2528.3,2439.8,Girujan,ROTARY_DRILLING,15.37,26.63,70.4,18.16,16294.2,279.9,3207.3,97.7,1.411,129.8,1.436,68.4,1.2,
2023-09-07 03:30:00,OIL-SYN-015,2545.3,2456.2,Girujan,ROTARY_DRILLING,14.04,27.88,70.7,16.41,16578.4,272.9,3256.1,99.2,1.413,128.55,1.453,79.1,1.3,
2023-09-07 04:00:00,OIL-SYN-015,2562.3,2472.6,Lakwa,ROTARY_DRILLING,12.99,24.62,74.7,20.19,15988.4,275.5,3278.4,99.7,1.414,127.54,1.442,43.5,3.21,
2023-09-07 04:30:00,OIL-SYN-015,2579.2,2489.0,Lakwa,ROTARY_DRILLING,15.39,28.61,75.0,20.08,17115.6,280.8,3316.6,99.7,1.417,125.74,1.454,47.6,3.63,
2023-09-07 05:00:00,OIL-SYN-015,2596.2,2505.4,Lakwa,ROTARY_DRILLING,14.08,23.19,73.1,21.65,16661.8,277.9,3195.0,97.8,1.395,129.85,1.413,44.4,4.71,
2023-09-07 05:30:00,OIL-SYN-015,2613.2,2521.7,Lakwa,ROTARY_DRILLING,15.39,28.7,77.2,18.55,16599.3,273.9,3218.2,99.4,1.359,128.24,1.401,46.1,3.91,
2023-09-07 06:00:00,OIL-SYN-015,2630.2,2538.1,Lakwa,ROTARY_DRILLING,11.92,29.42,74.5,18.7,15980.7,281.7,3294.4,99.0,1.39,127.66,1.411,40.3,3.82,
2023-09-07 06:30:00,OIL-SYN-015,2647.2,2554.5,Lakwa,ROTARY_DRILLING,11.81,28.32,61.7,18.35,16703.5,270.9,3174.9,98.5,1.411,129.02,1.436,41.0,4.22,
2023-09-07 07:00:00,OIL-SYN-015,2664.2,2570.9,Lakwa,ROTARY_DRILLING,8.85,25.03,74.8,19.24,16693.2,285.5,3316.9,99.1,1.419,127.72,1.444,48.9,3.48,
2023-09-07 07:30:00,OIL-SYN-015,2681.1,2587.3,Lakwa,ROTARY_DRILLING,17.81,29.34,80.7,18.55,16819.5,291.2,3392.5,97.8,1.432,127.81,1.473,48.3,5.15,
2023-09-07 08:00:00,OIL-SYN-015,2698.1,2603.7,Lakwa,ROTARY_DRILLING,12.46,25.88,65.7,20.43,17141.4,277.5,3430.3,97.7,1.427,127.08,1.441,51.7,3.89,
2023-09-07 08:30:00,OIL-SYN-015,2715.1,2620.1,Lakwa,ROTARY_DRILLING,9.59,25.02,71.1,20.17,17129.2,282.6,3325.0,98.4,1.404,129.13,1.432,37.6,3.97,
2023-09-07 09:00:00,OIL-SYN-015,2732.1,2636.5,Lakwa,ROTARY_DRILLING,16.93,25.49,74.7,18.48,16499.7,293.3,3263.6,98.1,1.407,129.14,1.445,43.6,3.86,
2023-09-07 09:30:00,OIL-SYN-015,2749.1,2652.8,Lakwa,ROTARY_DRILLING,8.34,23.71,82.0,20.71,17211.0,281.4,3352.1,99.2,1.45,126.99,1.494,42.9,4.77,
2023-09-07 10:00:00,OIL-SYN-015,2766.0,2669.2,Lakwa,ROTARY_DRILLING,11.52,23.87,93.1,18.35,16631.2,291.3,3280.6,99.1,1.416,128.64,1.457,43.1,2.03,
2023-09-07 10:30:00,OIL-SYN-015,2783.0,2685.6,Lakwa,ROTARY_DRILLING,11.44,24.26,66.7,19.74,16805.7,293.0,3185.9,98.6,1.435,127.23,1.472,46.8,6.76,
2023-09-07 11:00:00,OIL-SYN-015,2800.0,2702.0,Lakwa,ROTARY_DRILLING,11.05,24.71,63.0,19.69,16593.0,281.0,3278.1,100,1.461,127.55,1.501,39.4,5.23,
2023-09-07 11:30:00,OIL-SYN-015,2817.0,2718.4,Lakwa,ROTARY_DRILLING,11.87,24.03,70.4,19.66,17518.1,296.7,3409.8,99.5,1.44,128.26,1.484,46.0,4.09,CEMENTING_ISSUE
2023-09-07 12:00:00,OIL-SYN-015,2834.0,2734.8,Lakwa,ROTARY_DRILLING,11.54,24.91,63.4,18.96,19106.2,300.3,3256.7,98.2,1.413,127.48,1.449,43.1,4.33,CEMENTING_ISSUE
2023-09-07 12:30:00,OIL-SYN-015,2850.9,2751.2,Lakwa,ROTARY_DRILLING,13.1,25.46,69.4,20.28,18227.5,300.2,3331.0,98.0,1.416,128.44,1.445,48.8,4.34,CEMENTING_ISSUE
2023-09-07 13:00:00,OIL-SYN-015,2867.9,2767.5,Lakwa,ROTARY_DRILLING,12.14,26.71,63.9,20.18,18454.9,289.6,3243.1,98.5,1.461,126.7,1.479,40.8,3.39,CEMENTING_ISSUE
2023-09-07 13:30:00,OIL-SYN-015,2884.9,2783.9,Lakwa,ROTARY_DRILLING,9.97,24.45,67.4,22.3,18254.2,288.5,3420.6,98.6,1.469,126.97,1.482,38.8,4.9,CEMENTING_ISSUE
2023-09-07 14:00:00,OIL-SYN-015,2901.9,2800.3,Lakwa,ROTARY_DRILLING,11.95,22.68,68.0,21.63,18178.5,301.0,3370.7,98.5,1.432,127.63,1.447,42.5,3.34,CEMENTING_ISSUE
2023-09-07 14:30:00,OIL-SYN-015,2918.9,2816.7,Lakwa,ROTARY_DRILLING,18.26,28.49,73.5,18.01,18009.4,291.4,3526.4,99.8,1.468,128.68,1.512,45.3,5.0,CEMENTING_ISSUE
2023-09-07 15:00:00,OIL-SYN-015,2935.8,2833.1,Lakwa,ROTARY_DRILLING,13.63,23.67,60.8,21.24,18643.2,295.1,3183.3,98.8,1.443,127.53,1.461,37.1,3.77,CEMENTING_ISSUE
2023-09-07 15:30:00,OIL-SYN-015,2952.8,2849.5,Lakwa,ROTARY_DRILLING,14.71,27.62,75.9,20.13,18432.7,300.4,3268.7,100,1.471,126.44,1.503,44.1,3.47,CEMENTING_ISSUE
2023-09-07 16:00:00,OIL-SYN-015,2969.8,2865.9,Lakwa,ROTARY_DRILLING,14.57,25.09,64.9,21.82,17244.3,290.0,3334.0,97.6,1.441,126.29,1.485,36.6,3.91,
2023-09-07 16:30:00,OIL-SYN-015,2986.8,2882.3,Lakwa,ROTARY_DRILLING,17.36,26.02,68.1,20.18,16998.8,300.3,3207.9,98.3,1.451,127.92,1.475,44.4,2.89,
2023-09-07 17:00:00,OIL-SYN-015,3003.8,2898.6,Lakwa,ROTARY_DRILLING,16.03,23.77,63.7,23.65,16938.4,302.4,3341.8,99.3,1.479,125.89,1.492,40.8,4.22,
2023-09-07 17:30:00,OIL-SYN-015,3020.8,2915.0,Lakwa,ROTARY_DRILLING,15.08,25.09,69.4,19.39,17258.9,284.5,3415.6,99.3,1.45,127.65,1.46,42.3,3.57,
2023-09-07 18:00:00,OIL-SYN-015,3037.7,2931.4,Lakwa,ROTARY_DRILLING,13.37,30.8,65.9,21.69,17739.0,301.4,3260.0,99.1,1.461,128.98,1.491,60.7,4.17,
2023-09-07 18:30:00,OIL-SYN-015,3054.7,2947.8,Lakwa,ROTARY_DRILLING,10.27,27.78,67.5,20.27,17795.2,287.5,3365.6,97.2,1.471,129.42,1.496,45.5,2.12,
2023-09-07 19:00:00,OIL-SYN-015,3071.7,2964.2,Lakwa,ROTARY_DRILLING,13.62,33.77,82.2,21.57,17604.3,304.1,3387.0,98.5,1.474,126.86,1.491,45.0,3.88,
2023-09-07 19:30:00,OIL-SYN-015,3088.7,2980.6,Lakwa,ROTARY_DRILLING,12.14,25.86,66.7,23.48,17858.6,311.7,3420.8,98.9,1.478,126.37,1.505,42.0,4.82,
2023-09-07 20:00:00,OIL-SYN-015,3105.7,2997.0,Lakwa,ROTARY_DRILLING,15.55,29.76,62.2,20.63,16537.7,288.7,3304.8,97.9,1.475,127.78,1.488,42.0,3.54,
2023-09-07 20:30:00,OIL-SYN-015,3122.6,3013.3,Lakwa,ROTARY_DRILLING,13.38,30.41,62.3,20.74,17561.3,289.8,3313.4,98.3,1.475,129.2,1.501,42.4,5.04,
2023-09-07 21:00:00,OIL-SYN-015,3139.6,3029.7,Lakwa,ROTARY_DRILLING,12.78,30.99,68.0,20.89,17793.0,303.6,3510.0,98.5,1.458,127.37,1.498,43.7,4.3,
2023-09-07 21:30:00,OIL-SYN-015,3156.6,3046.1,Lakwa,ROTARY_DRILLING,14.55,27.8,83.4,22.5,17502.1,293.1,3310.0,99.2,1.473,127.29,1.484,52.0,3.08,
2023-09-07 22:00:00,OIL-SYN-015,3173.6,3062.5,Lakwa,ROTARY_DRILLING,10.91,28.56,77.1,19.52,17199.9,302.9,3424.5,97.4,1.46,127.48,1.47,44.5,4.86,
2023-09-07 22:30:00,OIL-SYN-015,3190.6,3078.9,Lakwa,NPT,0,26.47,69.7,21.63,17287.5,306.9,3274.7,99.0,1.485,128.58,1.504,33.4,4.57,NPT
2023-09-07 23:00:00,OIL-SYN-015,3207.5,3095.3,Nahorkatiya Sand,NPT,0,28.64,67.3,20.85,17385.7,321.9,3395.7,99.0,1.463,127.36,1.493,43.3,0.71,NPT
2023-09-07 23:30:00,OIL-SYN-015,3224.5,3111.7,Nahorkatiya Sand,NPT,0,24.81,63.0,21.66,17892.2,301.5,3278.2,99.0,1.514,129.87,1.555,47.3,1.53,NPT
2023-09-08 00:00:00,OIL-SYN-015,3241.5,3128.1,Nahorkatiya Sand,NPT,0,26.35,65.0,23.81,17217.9,307.6,3360.9,100,1.474,127.55,1.494,45.2,0.61,NPT
2023-09-08 00:30:00,OIL-SYN-015,3258.5,3144.4,Nahorkatiya Sand,NPT,0,27.28,72.6,23.59,17833.5,314.0,3335.3,98.3,1.487,128.56,1.51,47.5,1.16,NPT
2023-09-08 01:00:00,OIL-SYN-015,3275.5,3160.8,Nahorkatiya Sand,NPT,0,27.92,71.3,20.47,17967.5,305.8,3383.4,97.7,1.505,126.87,1.548,41.8,1.47,NPT
2023-09-08 01:30:00,OIL-SYN-015,3292.5,3177.2,Nahorkatiya Sand,NPT,0,27.97,65.8,21.17,17557.2,301.2,3424.8,99.4,1.486,129.12,1.496,52.0,2.45,NPT
2023-09-08 02:00:00,OIL-SYN-015,3309.4,3193.6,Nahorkatiya Sand,NPT,0,30.1,58.2,22.76,17716.9,305.4,3564.0,99.3,1.495,127.95,1.54,40.6,3.03,NPT
2023-09-08 02:30:00,OIL-SYN-015,3326.4,3210.0,Nahorkatiya Sand,ROTARY_DRILLING,16.12,30.51,63.0,22.4,17853.7,309.2,3380.4,99.4,1.515,128.36,1.555,41.9,1.93,
2023-09-08 03:00:00,OIL-SYN-015,3343.4,3226.4,Nahorkatiya Sand,ROTARY_DRILLING,9.59,23.04,64.5,19.47,18432.9,306.8,3489.5,100,1.493,127.59,1.516,37.6,2.03,
2023-09-08 03:30:00,OIL-SYN-015,3360.4,3242.8,Nahorkatiya Sand,ROTARY_DRILLING,9.22,24.76,61.1,22.95,17726.5,305.8,3270.8,98.0,1.467,128.47,1.51,45.1,1.69,
2023-09-08 04:00:00,OIL-SYN-015,3377.4,3259.2,Nahorkatiya Sand,ROTARY_DRILLING,13.13,27.76,69.4,23.34,17912.7,310.9,3378.3,98.4,1.468,127.75,1.493,36.6,1.37,
2023-09-08 04:30:00,OIL-SYN-015,3394.3,3275.5,Nahorkatiya Sand,ROTARY_DRILLING,8.53,28.07,59.7,23.28,18240.7,315.4,3273.5,98.6,1.503,127.45,1.543,43.6,2.88,
2023-09-08 05:00:00,OIL-SYN-015,3411.3,3291.9,Nahorkatiya Sand,ROTARY_DRILLING,10.84,26.56,64.3,22.66,18122.7,308.1,3357.0,98.6,1.484,127.23,1.524,48.2,2.38,
2023-09-08 05:30:00,OIL-SYN-015,3428.3,3308.3,Nahorkatiya Sand,ROTARY_DRILLING,7.86,25.53,57.8,22.21,17442.2,298.1,3293.1,97.7,1.476,129.87,1.494,58.1,1.48,
2023-09-08 06:00:00,OIL-SYN-015,3445.3,3324.7,Nahorkatiya Sand,ROTARY_DRILLING,10.61,27.53,61.2,23.08,17870.9,309.9,3532.5,99.8,1.505,128.4,1.516,42.6,1.97,
2023-09-08 06:30:00,OIL-SYN-015,3462.3,3341.1,Nahorkatiya Sand,ROTARY_DRILLING,8.74,31.99,53.4,23.8,18103.9,313.5,3414.8,99.3,1.52,127.43,1.534,47.5,0.76,
2023-09-08 07:00:00,OIL-SYN-015,3479.2,3357.5,Nahorkatiya Sand,ROTARY_DRILLING,11.4,31.51,56.5,22.25,18889.7,304.5,3319.5,99.3,1.495,127.51,1.526,52.4,2.31,
2023-09-08 07:30:00,OIL-SYN-015,3496.2,3373.9,Nahorkatiya Sand,ROTARY_DRILLING,14.57,25.08,72.7,21.21,17879.3,302.7,3390.4,97.5,1.477,128.23,1.499,44.5,1.51,
2023-09-08 08:00:00,OIL-SYN-015,3513.2,3390.2,Nahorkatiya Sand,ROTARY_DRILLING,10.96,28.91,61.6,21.13,18235.0,313.2,3574.8,98.2,1.501,128.33,1.524,49.5,3.03,
2023-09-08 08:30:00,OIL-SYN-015,3530.2,3406.6,Nahorkatiya Sand,ROTARY_DRILLING,12.32,30.72,50,21.01,19334.5,315.3,3616.4,99.5,1.51,128.17,1.542,41.0,3.25,
2023-09-08 09:00:00,OIL-SYN-015,3547.2,3423.0,Nahorkatiya Sand,ROTARY_DRILLING,8.82,30.18,55.8,22.46,18683.9,314.2,3480.1,98.4,1.521,128.38,1.547,42.9,0.51,
2023-09-08 09:30:00,OIL-SYN-015,3564.2,3439.4,Nahorkatiya Sand,ROTARY_DRILLING,15.29,31.19,50,21.94,18297.2,317.0,3477.3,98.4,1.538,127.94,1.555,46.4,1.9,
2023-09-08 10:00:00,OIL-SYN-015,3581.1,3455.8,Nahorkatiya Sand,ROTARY_DRILLING,16.26,25.39,67.0,23.52,18433.9,315.9,3574.6,99.6,1.544,128.63,1.555,42.7,2.73,
2023-09-08 10:30:00,OIL-SYN-015,3598.1,3472.2,Nahorkatiya Sand,ROTARY_DRILLING,10.02,29.05,65.6,26.08,18771.4,312.5,3393.6,99.2,1.514,126.18,1.55,49.0,2.11,
2023-09-08 11:00:00,OIL-SYN-015,3615.1,3488.6,Nahorkatiya Sand,ROTARY_DRILLING,9.67,28.47,50,22.24,18533.2,317.4,3504.5,99.3,1.52,128.79,1.551,37.1,0.97,
2023-09-08 11:30:00,OIL-SYN-015,3632.1,3505.0,Nahorkatiya Sand,ROTARY_DRILLING,14.68,33.24,59.9,22.36,17832.3,310.5,3600.1,97.7,1.537,126.89,1.549,52.1,1.35,
2023-09-08 12:00:00,OIL-SYN-015,3649.1,3521.3,Nahorkatiya Sand,ROTARY_DRILLING,12.02,29.06,50,21.85,17859.9,313.6,3436.0,98.7,1.553,126.02,1.571,44.5,1.57,
2023-09-08 12:30:00,OIL-SYN-015,3666.0,3537.7,Nahorkatiya Sand,ROTARY_DRILLING,10.33,27.68,61.6,21.63,18094.5,328.5,3550.6,98.1,1.534,127.52,1.55,52.3,1.93,
2023-09-08 13:00:00,OIL-SYN-015,3683.0,3554.1,Nahorkatiya Sand,ROTARY_DRILLING,9.82,25.4,50,22.92,18652.9,308.2,3486.6,99.1,1.551,128.03,1.594,47.0,3.21,
2023-09-08 13:30:00,OIL-SYN-015,3700,3570.5,Barail,ROTARY_DRILLING,9.82,29.1,70.5,24.18,18561.4,309.1,3546.6,99.8,1.544,127.61,1.557,43.0,2.31,
2023-09-22 06:00:00,OIL-SYN-016,1000.0,965.0,Barail,ROTARY_DRILLING,13.65,19.7,106.9,11.41,14022.4,225.2,2881.1,98.0,1.228,127.72,1.244,51.0,1.53,
2023-09-22 06:30:00,OIL-SYN-016,1018.4,982.7,Barail,ROTARY_DRILLING,15.29,18.29,89.6,13.7,14075.3,236.1,2800.4,100,1.221,127.55,1.259,54.0,1.18,
2023-09-22 07:00:00,OIL-SYN-016,1036.7,1000.4,Barail,ROTARY_DRILLING,12.98,26.54,98.9,12.63,14777.5,225.9,2658.1,98.8,1.254,127.47,1.299,41.0,1.87,
2023-09-22 07:30:00,OIL-SYN-016,1055.1,1018.2,Barail,ROTARY_DRILLING,13.4,16.83,91.2,13.7,14431.1,221.7,2852.1,98.9,1.234,128.63,1.278,40.0,1.49,
2023-09-22 08:00:00,OIL-SYN-016,1073.5,1035.9,Barail,ROTARY_DRILLING,22.34,21.62,82.3,14.36,14915.6,239.3,2892.5,98.0,1.232,126.74,1.269,52.6,2.41,
2023-09-22 08:30:00,OIL-SYN-016,1091.8,1053.6,Barail,ROTARY_DRILLING,16.02,18.88,102.4,13.55,13876.7,230.9,2716.7,97.8,1.257,127.87,1.293,47.5,1.42,
2023-09-22 09:00:00,OIL-SYN-016,1110.2,1071.3,Barail,ROTARY_DRILLING,13.91,24.21,82.7,15.13,14635.8,228.1,2919.2,100,1.256,127.98,1.27,46.4,2.54,
2023-09-22 09:30:00,OIL-SYN-016,1128.6,1089.1,Barail,ROTARY_DRILLING,13.87,18.61,97.5,11.97,14099.9,229.1,2851.2,97.7,1.234,126.99,1.251,39.3,1.93,
2023-09-22 10:00:00,OIL-SYN-016,1146.9,1106.8,Barail,ROTARY_DRILLING,20.03,21.01,87.5,13.83,14051.7,230.8,2805.8,99.2,1.236,127.01,1.277,47.9,2.59,
2023-09-22 10:30:00,OIL-SYN-016,1165.3,1124.5,Barail,ROTARY_DRILLING,19.42,17.28,89.6,15.21,14416.9,237.0,2801.1,98.2,1.259,127.3,1.288,41.8,1.64,
2023-09-22 11:00:00,OIL-SYN-016,1183.6,1142.2,Barail,ROTARY_DRILLING,15.36,21.85,84.3,13.77,14483.1,229.3,2949.3,97.4,1.226,127.42,1.239,50.2,2.36,
2023-09-22 11:30:00,OIL-SYN-016,1202.0,1159.9,Barail,ROTARY_DRILLING,19.43,17.76,92.0,13.04,14437.3,228.7,3093.5,98.8,1.258,126.62,1.274,42.3,2.55,
2023-09-22 12:00:00,OIL-SYN-016,1220.4,1177.7,Barail,ROTARY_DRILLING,18.5,23.54,77.7,16.32,14621.1,237.2,2897.7,98.2,1.282,127.73,1.308,37.8,2.44,
2023-09-22 12:30:00,OIL-SYN-016,1238.7,1195.4,Barail,ROTARY_DRILLING,11.94,23.09,81.0,13.96,14114.4,240.5,2990.3,98.1,1.264,130.04,1.278,42.9,2.26,
2023-09-22 13:00:00,OIL-SYN-016,1257.1,1213.1,Barail,ROTARY_DRILLING,17.13,23.72,87.7,13.47,13987.3,234.7,2956.9,99.3,1.246,129.33,1.277,38.2,2.0,
2023-09-22 13:30:00,OIL-SYN-016,1275.5,1230.8,Barail,ROTARY_DRILLING,14.91,23.54,87.9,13.04,14383.4,247.5,2850.2,97.9,1.254,127.89,1.268,48.3,2.16,
2023-09-22 14:00:00,OIL-SYN-016,1293.8,1248.6,Barail,ROTARY_DRILLING,19.89,22.42,86.8,16.0,14564.9,223.2,2948.2,100,1.294,128.76,1.335,41.1,2.21,
2023-09-22 14:30:00,OIL-SYN-016,1312.2,1266.3,Barail,ROTARY_DRILLING,16.17,18.11,79.5,14.59,14432.7,234.5,2866.8,98.6,1.27,128.11,1.284,41.0,1.64,
2023-09-22 15:00:00,OIL-SYN-016,1330.6,1284.0,Barail,ROTARY_DRILLING,14.41,21.91,85.5,13.2,14292.5,237.7,2995.2,98.2,1.261,127.82,1.305,40.8,2.61,
2023-09-22 15:30:00,OIL-SYN-016,1348.9,1301.7,Barail,ROTARY_DRILLING,17.05,20.12,97.4,12.48,15534.1,242.5,3042.0,98.8,1.282,129.05,1.3,42.9,2.1,
2023-09-22 16:00:00,OIL-SYN-016,1367.3,1319.4,Barail,ROTARY_DRILLING,12.29,20.99,73.3,15.55,14905.1,231.8,2917.9,99.5,1.3,127.25,1.34,42.5,1.44,
2023-09-22 16:30:00,OIL-SYN-016,1385.7,1337.2,Barail,ROTARY_DRILLING,19.76,24.32,97.7,14.4,14644.5,237.7,3087.7,99.3,1.305,128.59,1.336,52.3,0.47,
2023-09-22 17:00:00,OIL-SYN-016,1404.0,1354.9,Tipam,ROTARY_DRILLING,19.35,26.06,77.7,16.75,14429.3,225.8,2965.7,98.1,1.267,127.85,1.3,49.0,1.78,
2023-09-22 17:30:00,OIL-SYN-016,1422.4,1372.6,Tipam,ROTARY_DRILLING,19.28,20.95,94.4,14.48,14529.0,243.4,2897.2,97.9,1.274,127.54,1.3,38.4,1.64,
2023-09-22 18:00:00,OIL-SYN-016,1440.8,1390.3,Tipam,ROTARY_DRILLING,17.11,22.5,88.3,15.02,14958.1,236.1,2796.5,99.0,1.255,128.17,1.276,45.6,2.03,
2023-09-22 18:30:00,OIL-SYN-016,1459.1,1408.1,Tipam,ROTARY_DRILLING,21.35,20.47,92.0,15.52,14479.9,238.1,2967.2,98.5,1.293,127.23,1.315,47.9,1.91,
2023-09-22 19:00:00,OIL-SYN-016,1477.5,1425.8,Tipam,ROTARY_DRILLING,19.89,21.0,103.5,16.36,14755.1,243.6,2919.8,98.1,1.281,128.74,1.322,48.8,1.55,
2023-09-22 19:30:00,OIL-SYN-016,1495.8,1443.5,Tipam,ROTARY_DRILLING,18.11,23.31,74.2,15.9,14755.0,238.3,2993.8,100,1.289,129.76,1.326,48.0,0.32,
2023-09-22 20:00:00,OIL-SYN-016,1514.2,1461.2,Tipam,ROTARY_DRILLING,12.93,21.03,95.0,12.85,15175.5,247.1,3053.7,98.5,1.304,127.16,1.33,46.5,0.03,
2023-09-22 20:30:00,OIL-SYN-016,1532.6,1478.9,Tipam,ROTARY_DRILLING,13.67,25.16,87.9,13.58,15643.4,250.1,3063.0,99.7,1.294,125.93,1.318,50.2,2.25,
2023-09-22 21:00:00,OIL-SYN-016,1550.9,1496.7,Tipam,ROTARY_DRILLING,12.37,21.51,82.8,14.26,15047.9,253.6,2826.5,98.5,1.293,128.22,1.325,43.9,1.93,
2023-09-22 21:30:00,OIL-SYN-016,1569.3,1514.4,Tipam,ROTARY_DRILLING,16.21,24.08,90.5,14.51,14909.6,246.5,2940.5,98.9,1.301,127.76,1.341,45.1,1.49,
2023-09-22 22:00:00,OIL-SYN-016,1587.7,1532.1,Tipam,ROTARY_DRILLING,15.96,20.62,99.3,15.86,15297.3,251.8,2985.4,99.2,1.281,127.95,1.305,50.2,3.24,
2023-09-22 22:30:00,OIL-SYN-016,1606.0,1549.8,Tipam,ROTARY_DRILLING,15.75,22.2,70.0,15.61,15285.8,240.9,3003.9,100,1.316,128.49,1.338,48.3,0.56,
2023-09-22 23:00:00,OIL-SYN-016,1624.4,1567.5,Tipam,ROTARY_DRILLING,15.34,21.59,100.1,15.32,15069.8,236.1,3073.9,98.0,1.287,127.71,1.303,42.7,1.33,
2023-09-22 23:30:00,OIL-SYN-016,1642.8,1585.3,Tipam,ROTARY_DRILLING,15.97,23.83,91.8,15.9,14899.2,262.0,3023.6,99.9,1.329,129.98,1.348,34.1,2.27,
2023-09-23 00:00:00,OIL-SYN-016,1661.1,1603.0,Tipam,ROTARY_DRILLING,17.43,26.9,83.9,17.66,15581.7,252.6,3157.4,100,1.291,126.41,1.311,50.6,1.99,
2023-09-23 00:30:00,OIL-SYN-016,1679.5,1620.7,Tipam,ROTARY_DRILLING,15.98,24.68,78.5,14.74,14725.6,235.2,2966.3,98.2,1.329,129.06,1.341,32.6,2.69,
2023-09-23 01:00:00,OIL-SYN-016,1697.9,1638.4,Tipam,ROTARY_DRILLING,17.12,20.34,99.3,16.3,15565.7,243.2,3015.3,99.9,1.311,127.72,1.34,36.1,1.7,
2023-09-23 01:30:00,OIL-SYN-016,1716.2,1656.2,Tipam,ROTARY_DRILLING,14.66,23.3,91.8,16.51,15253.2,252.9,2940.0,99.2,1.313,128.03,1.329,38.2,1.77,
2023-09-23 02:00:00,OIL-SYN-016,1734.6,1673.9,Tipam,ROTARY_DRILLING,16.71,23.2,79.7,18.02,15430.8,245.7,2961.7,99.7,1.309,129.24,1.332,49.9,0,
2023-09-23 02:30:00,OIL-SYN-016,1753.0,1691.6,Tipam,ROTARY_DRILLING,17.73,22.51,97.4,16.27,15732.2,241.4,2973.3,98.6,1.297,125.7,1.311,49.9,3.1,
2023-09-23 03:00:00,OIL-SYN-016,1771.3,1709.3,Tipam,ROTARY_DRILLING,12.69,20.37,84.6,14.99,16019.5,252.3,3036.6,98.2,1.328,126.34,1.35,37.7,2.23,
2023-09-23 03:30:00,OIL-SYN-016,1789.7,1727.0,Tipam,ROTARY_DRILLING,13.03,22.89,91.1,11.89,15331.9,270.4,3142.4,99.0,1.313,128.28,1.342,39.2,2.08,
2023-09-23 04:00:00,OIL-SYN-016,1808.1,1744.8,Tipam,ROTARY_DRILLING,14.54,23.4,83.3,15.33,15671.3,235.9,3031.6,99.7,1.303,127.98,1.326,46.0,0.93,
2023-09-23 04:30:00,OIL-SYN-016,1826.4,1762.5,Tipam,ROTARY_DRILLING,13.22,24.03,93.0,15.31,15034.6,247.7,3027.9,98.3,1.31,126.73,1.351,49.4,0.73,
2023-09-23 05:00:00,OIL-SYN-016,1844.8,1780.2,Tipam,ROTARY_DRILLING,12.7,24.53,86.0,14.78,15694.5,258.8,2944.8,100,1.301,129.32,1.345,41.8,3.01,
2023-09-23 05:30:00,OIL-SYN-016,1863.1,1797.9,Tipam,ROTARY_DRILLING,15.94,22.41,88.9,17.15,15400.7,253.6,3069.6,98.2,1.349,129.65,1.365,56.7,0.7,
2023-09-23 06:00:00,OIL-SYN-016,1881.5,1815.7,Tipam,ROTARY_DRILLING,12.67,22.53,77.8,18.15,15145.0,264.0,3090.9,98.1,1.312,126.49,1.339,35.1,2.01,
2023-09-23 06:30:00,OIL-SYN-016,1899.9,1833.4,Tipam,ROTARY_DRILLING,15.68,24.75,88.4,17.39,15345.8,275.5,3166.0,98.7,1.333,127.95,1.357,41.3,3.22,
2023-09-23 07:00:00,OIL-SYN-016,1918.2,1851.1,Tipam,ROTARY_DRILLING,13.59,20.75,88.8,17.94,15149.8,248.6,3088.8,99.7,1.343,128.83,1.38,50.2,0.95,
2023-09-23 07:30:00,OIL-SYN-016,1936.6,1868.8,Tipam,ROTARY_DRILLING,11.9,19.88,79.4,17.2,15913.9,264.8,3213.2,98.3,1.326,127.77,1.342,42.2,2.27,
2023-09-23 08:00:00,OIL-SYN-016,1955.0,1886.5,Tipam,ROTARY_DRILLING,14.57,21.32,91.8,16.05,15831.6,258.9,3066.1,99.7,1.327,127.31,1.353,35.6,1.4,
2023-09-23 08:30:00,OIL-SYN-016,1973.3,1904.3,Tipam,ROTARY_DRILLING,11.96,22.2,78.4,15.24,15851.3,270.8,3096.9,98.5,1.344,129.83,1.378,40.9,1.06,
2023-09-23 09:00:00,OIL-SYN-016,1991.7,1922.0,Tipam,ROTARY_DRILLING,13.1,24.57,82.1,15.17,15749.0,263.8,2984.5,98.0,1.322,127.48,1.361,39.5,1.79,
2023-09-23 09:30:00,OIL-SYN-016,2010.1,1939.7,Tipam,ROTARY_DRILLING,16.4,21.13,82.3,17.1,15196.3,261.9,3304.5,98.5,1.357,127.93,1.383,46.2,1.91,
2023-09-23 10:00:00,OIL-SYN-016,2028.4,1957.4,Tipam,ROTARY_DRILLING,14.97,25.5,83.8,19.19,15930.0,263.3,3170.0,98.9,1.351,127.22,1.394,49.6,1.46,
2023-09-23 10:30:00,OIL-SYN-016,2046.8,1975.2,Tipam,ROTARY_DRILLING,13.24,26.88,73.5,16.31,15935.0,260.5,3155.1,98.7,1.348,128.91,1.368,45.2,1.43,
2023-09-23 11:00:00,OIL-SYN-016,2065.2,1992.9,Girujan,ROTARY_DRILLING,15.75,22.14,85.0,17.8,15600.7,256.0,3045.1,98.9,1.364,128.61,1.388,75.3,2.09,
2023-09-23 11:30:00,OIL-SYN-016,2083.5,2010.6,Girujan,ROTARY_DRILLING,13.01,25.39,87.6,17.32,16437.1,273.8,3244.1,99.2,1.352,125.87,1.388,68.4,1.98,
2023-09-23 12:00:00,OIL-SYN-016,2101.9,2028.3,Girujan,ROTARY_DRILLING,16.13,24.24,62.4,15.77,15928.9,262.2,3118.3,100,1.348,126.49,1.378,74.5,1.47,
2023-09-23 12:30:00,OIL-SYN-016,2120.3,2046.0,Girujan,ROTARY_DRILLING,13.61,25.2,75.8,16.99,15286.5,257.1,3069.5,98.7,1.364,129.11,1.378,75.9,3.24,
2023-09-23 13:00:00,OIL-SYN-016,2138.6,2063.8,Girujan,ROTARY_DRILLING,13.73,19.47,85.5,15.82,16616.4,274.1,3159.2,99.2,1.352,127.13,1.373,79.0,2.75,
2023-09-23 13:30:00,OIL-SYN-016,2157.0,2081.5,Girujan,ROTARY_DRILLING,16.97,22.29,59.7,19.05,15473.1,262.5,3218.7,98.9,1.343,127.67,1.355,72.9,1.96,
2023-09-23 14:00:00,OIL-SYN-016,2175.3,2099.2,Girujan,ROTARY_DRILLING,12.24,22.54,71.7,44.69,15587.2,262.8,3176.5,98.5,1.351,128.56,1.388,63.3,1.4,TORQUE_SPIKE
2023-09-23 14:30:00,OIL-SYN-016,2193.7,2116.9,Girujan,ROTARY_DRILLING,12.51,24.43,83.1,46.84,15469.8,268.4,3218.1,100,1.36,129.04,1.37,71.4,3.38,TORQUE_SPIKE
2023-09-23 15:00:00,OIL-SYN-016,2212.1,2134.7,Girujan,ROTARY_DRILLING,19.23,24.25,82.1,26.53,16168.7,265.0,3191.6,99.5,1.379,126.97,1.402,76.7,1.87,TORQUE_SPIKE
2023-09-23 15:30:00,OIL-SYN-016,2230.4,2152.4,Girujan,ROTARY_DRILLING,17.14,21.04,77.8,32.52,16196.5,282.0,3324.2,100,1.361,128.82,1.378,67.4,2.7,TORQUE_SPIKE
2023-09-23 16:00:00,OIL-SYN-016,2248.8,2170.1,Girujan,ROTARY_DRILLING,14.12,24.59,66.8,41.66,16078.8,261.8,3263.6,100,1.349,128.25,1.363,67.2,3.03,TORQUE_SPIKE
2023-09-23 16:30:00,OIL-SYN-016,2267.2,2187.8,Girujan,ROTARY_DRILLING,14.72,20.29,72.8,40.51,15632.0,265.0,3102.7,98.4,1.394,127.42,1.432,81.0,2.09,TORQUE_SPIKE
2023-09-23 17:00:00,OIL-SYN-016,2285.5,2205.5,Girujan,ROTARY_DRILLING,14.94,24.66,85.0,38.02,16007.0,274.7,3259.0,98.9,1.375,128.53,1.394,74.7,1.81,TORQUE_SPIKE
2023-09-23 17:30:00,OIL-SYN-016,2303.9,2223.3,Girujan,ROTARY_DRILLING,11.62,27.79,81.0,18.0,15692.0,270.6,3116.5,99.5,1.385,128.38,1.402,70.6,2.1,
2023-09-23 18:00:00,OIL-SYN-016,2322.3,2241.0,Girujan,ROTARY_DRILLING,12.72,22.37,83.6,17.24,15627.6,263.6,3225.6,99.5,1.382,128.62,1.408,63.8,2.1,
2023-09-23 18:30:00,OIL-SYN-016,2340.6,2258.7,Girujan,ROTARY_DRILLING,13.24,22.88,77.0,16.64,16021.1,266.4,3187.9,99.9,1.375,129.28,1.41,71.6,0.93,
2023-09-23 19:00:00,OIL-SYN-016,2359.0,2276.4,Girujan,ROTARY_DRILLING,10.35,26.82,72.5,17.72,16829.0,271.6,3196.2,99.0,1.411,127.4,1.433,80.2,2.6,
2023-09-23 19:30:00,OIL-SYN-016,2377.4,2294.2,Girujan,ROTARY_DRILLING,14.13,25.71,79.3,17.44,16544.6,273.0,3135.8,98.9,1.363,127.11,1.374,69.8,2.32,
2023-09-23 20:00:00,OIL-SYN-016,2395.7,2311.9,Girujan,ROTARY_DRILLING,13.55,27.64,73.3,17.1,16309.7,282.8,3224.0,97.7,1.386,127.61,1.4,74.7,2.02,
2023-09-23 20:30:00,OIL-SYN-016,2414.1,2329.6,Girujan,ROTARY_DRILLING,14.33,20.01,79.2,19.62,16233.2,276.0,3107.4,100,1.414,128.82,1.442,78.0,2.48,
2023-09-23 21:00:00,OIL-SYN-016,2432.5,2347.3,Girujan,ROTARY_DRILLING,13.76,29.11,66.6,18.63,15633.9,272.4,3162.3,99.5,1.406,127.66,1.425,71.5,1.88,
2023-09-23 21:30:00,OIL-SYN-016,2450.8,2365.0,Girujan,ROTARY_DRILLING,14.6,26.47,77.3,18.31,16568.6,280.5,3281.1,97.7,1.367,127.82,1.394,60.6,2.77,
2023-09-23 22:00:00,OIL-SYN-016,2469.2,2382.8,Girujan,ROTARY_DRILLING,15.71,22.62,77.2,18.31,16498.7,277.0,3173.2,100,1.384,128.56,1.422,73.6,1.14,
2023-09-23 22:30:00,OIL-SYN-016,2487.5,2400.5,Girujan,ROTARY_DRILLING,18.97,26.65,76.0,18.63,17190.3,288.3,3197.5,99.0,1.379,126.4,1.401,77.3,1.67,
2023-09-23 23:00:00,OIL-SYN-016,2505.9,2418.2,Girujan,ROTARY_DRILLING,13.38,26.22,53.6,19.04,16616.9,269.4,3064.8,99.3,1.421,128.0,1.463,66.9,1.57,
2023-09-23 23:30:00,OIL-SYN-016,2524.3,2435.9,Girujan,ROTARY_DRILLING,14.47,27.23,74.7,18.42,17260.1,275.2,3249.5,98.2,1.41,126.93,1.432,76.1,1.14,
2023-09-24 00:00:00,OIL-SYN-016,2542.6,2453.6,Girujan,ROTARY_DRILLING,15.23,21.94,74.3,17.43,16609.1,287.5,3273.2,99.6,1.398,126.3,1.426,72.6,1.41,
2023-09-24 00:30:00,OIL-SYN-016,2561.0,2471.4,Lakwa,ROTARY_DRILLING,19.01,22.82,76.1,20.11,18144.6,280.1,3175.8,99.7,1.39,127.53,1.435,47.1,4.33,CEMENTING_ISSUE
2023-09-24 01:00:00,OIL-SYN-016,2579.4,2489.1,Lakwa,ROTARY_DRILLING,9.49,21.53,81.4,18.87,17769.3,279.6,3241.9,97.7,1.418,128.02,1.445,53.3,4.3,CEMENTING_ISSUE
2023-09-24 01:30:00,OIL-SYN-016,2597.7,2506.8,Lakwa,ROTARY_DRILLING,13.19,29.06,84.3,17.41,17871.6,279.6,3149.2,100,1.424,128.18,1.449,43.1,2.82,CEMENTING_ISSUE
2023-09-24 02:00:00,OIL-SYN-016,2616.1,2524.5,Lakwa,ROTARY_DRILLING,15.31,23.45,60.9,18.27,17916.9,265.8,3256.5,100,1.417,129.27,1.46,41.1,3.07,CEMENTING_ISSUE
2023-09-24 02:30:00,OIL-SYN-016,2634.5,2542.3,Lakwa,ROTARY_DRILLING,12.97,30.71,84.7,17.76,17818.1,270.2,3354.9,98.9,1.402,128.0,1.436,50.1,3.27,CEMENTING_ISSUE
2023-09-24 03:00:00,OIL-SYN-016,2652.8,2560.0,Lakwa,ROTARY_DRILLING,12.53,22.37,66.4,18.99,18401.2,289.5,3205.9,99.9,1.415,129.15,1.435,49.8,3.12,CEMENTING_ISSUE
2023-09-24 03:30:00,OIL-SYN-016,2671.2,2577.7,Lakwa,ROTARY_DRILLING,15.7,26.37,69.0,19.39,18067.9,277.7,3341.1,99.9,1.419,127.01,1.446,54.9,5.67,CEMENTING_ISSUE
2023-09-24 04:00:00,OIL-SYN-016,2689.6,2595.4,Lakwa,ROTARY_DRILLING,9.89,29.33,63.8,21.41,18930.2,289.3,3045.1,97.9,1.421,129.34,1.444,43.2,5.12,CEMENTING_ISSUE
2023-09-24 04:30:00,OIL-SYN-016,2707.9,2613.1,Lakwa,ROTARY_DRILLING,15.71,26.25,72.5,18.41,16602.8,296.5,3406.9,99.1,1.447,129.05,1.485,43.3,4.14,
2023-09-24 05:00:00,OIL-SYN-016,2726.3,2630.9,Lakwa,ROTARY_DRILLING,13.0,21.03,82.3,18.99,16142.0,287.2,3348.3,99.2,1.45,128.43,1.471,48.8,4.21,
2023-09-24 05:30:00,OIL-SYN-016,2744.7,2648.6,Lakwa,ROTARY_DRILLING,14.62,29.05,83.2,21.79,16580.5,281.2,3283.8,99.4,1.414,129.17,1.456,43.6,4.24,
2023-09-24 06:00:00,OIL-SYN-016,2763.0,2666.3,Lakwa,ROTARY_DRILLING,12.25,24.69,70.9,19.51,17190.9,285.4,3326.0,98.7,1.442,127.02,1.471,41.1,4.01,
2023-09-24 06:30:00,OIL-SYN-016,2781.4,2684.0,Lakwa,ROTARY_DRILLING,12.99,29.26,66.4,20.8,17187.9,288.0,3452.1,98.2,1.425,127.59,1.454,40.9,4.19,
2023-09-24 07:00:00,OIL-SYN-016,2799.7,2701.8,Lakwa,ROTARY_DRILLING,12.75,25.56,68.0,20.05,16660.1,274.2,3241.3,99.6,1.432,128.38,1.456,37.4,5.28,
2023-09-24 07:30:00,OIL-SYN-016,2818.1,2719.5,Lakwa,ROTARY_DRILLING,13.42,24.8,73.2,17.92,17287.9,279.4,3418.4,99.0,1.458,128.23,1.479,44.4,3.83,
2023-09-24 08:00:00,OIL-SYN-016,2836.5,2737.2,Lakwa,ROTARY_DRILLING,11.32,24.37,67.6,20.24,17408.7,301.2,3327.4,100,1.414,128.93,1.427,44.1,5.79,
2023-09-24 08:30:00,OIL-SYN-016,2854.8,2754.9,Lakwa,ROTARY_DRILLING,14.81,24.22,84.5,21.79,16763.7,294.3,3335.1,99.6,1.458,128.77,1.483,37.9,2.88,
2023-09-24 09:00:00,OIL-SYN-016,2873.2,2772.6,Lakwa,ROTARY_DRILLING,13.11,25.27,71.9,20.94,16825.9,290.4,3346.3,99.4,1.454,128.67,1.493,52.3,3.87,
2023-09-24 09:30:00,OIL-SYN-016,2891.6,2790.4,Lakwa,ROTARY_DRILLING,13.6,26.91,75.6,18.03,17273.8,283.3,3366.0,99.6,1.446,128.21,1.483,41.2,2.92,
2023-09-24 10:00:00,OIL-SYN-016,2909.9,2808.1,Lakwa,ROTARY_DRILLING,12.68,26.92,64.4,20.76,16779.0,282.2,3424.5,99.1,1.43,125.66,1.445,36.5,4.68,
2023-09-24 10:30:00,OIL-SYN-016,2928.3,2825.8,Lakwa,ROTARY_DRILLING,15.27,28.0,65.9,21.16,17432.8,291.4,3213.6,98.3,1.42,126.53,1.463,45.6,5.47,
2023-09-24 11:00:00,OIL-SYN-016,2946.7,2843.5,Lakwa,ROTARY_DRILLING,12.04,24.48,81.1,22.04,17322.6,291.3,3534.0,98.1,1.467,128.04,1.479,50.1,3.83,
2023-09-24 11:30:00,OIL-SYN-016,2965.0,2861.3,Lakwa,ROTARY_DRILLING,16.14,26.93,80.0,19.72,16647.1,299.3,3388.9,98.8,1.451,126.3,1.472,45.4,4.87,
2023-09-24 12:00:00,OIL-SYN-016,2983.4,2879.0,Lakwa,ROTARY_DRILLING,8.1,26.79,65.9,20.83,17941.2,304.5,3382.3,97.6,1.464,127.72,1.489,40.6,3.34,
2023-09-24 12:30:00,OIL-SYN-016,3001.8,2896.7,Lakwa,ROTARY_DRILLING,15.35,28.08,50,21.86,17482.1,294.3,3327.5,98.9,1.443,128.82,1.486,45.1,3.81,
2023-09-24 13:00:00,OIL-SYN-016,3020.1,2914.4,Lakwa,ROTARY_DRILLING,11.15,24.8,55.4,18.36,17322.6,297.7,3306.0,98.6,1.434,125.79,1.477,43.2,6.72,
2023-09-24 13:30:00,OIL-SYN-016,3038.5,2932.1,Lakwa,ROTARY_DRILLING,13.02,25.24,58.1,22.55,16885.9,293.5,3316.5,98.7,1.456,128.29,1.501,42.6,5.54,
2023-09-24 14:00:00,OIL-SYN-016,3056.9,2949.9,Lakwa,ROTARY_DRILLING,11.71,26.53,65.2,21.58,17171.5,301.8,3420.9,97.9,1.464,126.66,1.5,38.3,4.29,
2023-09-24 14:30:00,OIL-SYN-016,3075.2,2967.6,Lakwa,ROTARY_DRILLING,12.35,27.07,60.5,23.19,17117.2,280.9,3409.0,99.1,1.438,128.55,1.483,46.0,4.54,
2023-09-24 15:00:00,OIL-SYN-016,3093.6,2985.3,Lakwa,ROTARY_DRILLING,16.59,27.76,73.8,20.38,17675.7,303.2,3282.5,99.8,1.441,127.7,1.468,43.1,5.51,
2023-09-24 15:30:00,OIL-SYN-016,3111.9,3003.0,Lakwa,ROTARY_DRILLING,14.78,28.01,74.7,21.76,17636.5,296.9,3425.2,98.8,1.484,127.86,1.502,44.5,4.91,
2023-09-24 16:00:00,OIL-SYN-016,3130.3,3020.8,Lakwa,ROTARY_DRILLING,13.45,27.38,58.7,20.91,17135.7,293.9,3445.4,100,1.466,127.22,1.482,46.8,2.92,
2023-09-24 16:30:00,OIL-SYN-016,3148.7,3038.5,Lakwa,ROTARY_DRILLING,11.31,27.48,69.2,19.95,17491.0,301.5,3291.5,98.3,1.441,127.75,1.455,54.3,3.83,
2023-09-24 17:00:00,OIL-SYN-016,3167.0,3056.2,Lakwa,ROTARY_DRILLING,11.34,25.09,64.4,21.3,17046.1,298.3,3346.6,98.9,1.479,129.58,1.514,54.0,4.13,
2023-09-24 17:30:00,OIL-SYN-016,3185.4,3073.9,Lakwa,ROTARY_DRILLING,14.31,25.74,55.4,22.51,17994.3,303.8,3458.8,97.2,1.479,129.82,1.508,46.2,4.52,
2023-09-24 18:00:00,OIL-SYN-016,3203.8,3091.6,Nahorkatiya Sand,ROTARY_DRILLING,16.69,26.68,69.2,21.54,16508.1,303.0,3397.4,99.2,1.472,129.13,1.508,38.8,1.98,
2023-09-24 18:30:00,OIL-SYN-016,3222.1,3109.4,Nahorkatiya Sand,ROTARY_DRILLING,17.09,29.63,72.5,21.73,17631.4,293.1,3411.3,99.8,1.486,129.44,1.527,47.4,1.42,
2023-09-24 19:00:00,OIL-SYN-016,3240.5,3127.1,Nahorkatiya Sand,ROTARY_DRILLING,16.67,33.27,71.4,19.17,17088.6,311.8,3401.0,100.0,1.452,127.39,1.491,42.3,1.76,
2023-09-24 19:30:00,OIL-SYN-016,3258.9,3144.8,Nahorkatiya Sand,ROTARY_DRILLING,18.13,29.81,64.0,22.45,17259.6,314.1,3460.5,99.8,1.465,128.37,1.485,46.2,2.51,
2023-09-24 20:00:00,OIL-SYN-016,3277.2,3162.5,Nahorkatiya Sand,ROTARY_DRILLING,12.33,29.09,63.2,22.02,17951.7,303.2,3436.7,98.8,1.496,127.27,1.527,49.5,1.13,
2023-09-24 20:30:00,OIL-SYN-016,3295.6,3180.3,Nahorkatiya Sand,ROTARY_DRILLING,15.22,26.22,59.7,20.61,18216.8,305.1,3466.5,98.8,1.479,129.69,1.514,48.5,2.33,
2023-09-24 21:00:00,OIL-SYN-016,3314.0,3198.0,Nahorkatiya Sand,ROTARY_DRILLING,13.39,26.78,52.5,20.41,17122.3,317.3,3537.3,99.3,1.452,127.11,1.481,55.5,1.32,
2023-09-24 21:30:00,OIL-SYN-016,3332.3,3215.7,Nahorkatiya Sand,ROTARY_DRILLING,14.0,30.04,65.1,19.91,18417.3,308.3,3446.0,99.4,1.47,126.57,1.493,42.9,3.12,
2023-09-24 22:00:00,OIL-SYN-016,3350.7,3233.4,Nahorkatiya Sand,ROTARY_DRILLING,15.15,25.67,64.1,19.95,18036.5,308.6,3396.1,99.4,1.473,125.26,1.502,44.2,1.84,
2023-09-24 22:30:00,OIL-SYN-016,3369.1,3251.1,Nahorkatiya Sand,ROTARY_DRILLING,15.03,23.66,58.7,22.99,18117.6,318.5,3494.0,98.3,1.481,127.47,1.497,47.3,0.76,
2023-09-24 23:00:00,OIL-SYN-016,3387.4,3268.9,Nahorkatiya Sand,ROTARY_DRILLING,10.64,27.95,52.3,22.6,18626.9,313.7,3486.2,100.0,1.474,126.64,1.494,41.3,1.89,
2023-09-24 23:30:00,OIL-SYN-016,3405.8,3286.6,Nahorkatiya Sand,ROTARY_DRILLING,8.49,25.88,67.1,20.25,18691.1,310.8,3506.7,99.8,1.509,129.11,1.529,43.7,2.28,
2023-09-25 00:00:00,OIL-SYN-016,3424.2,3304.3,Nahorkatiya Sand,ROTARY_DRILLING,13.79,29.49,66.2,21.33,18052.9,312.1,3535.1,99.8,1.499,126.41,1.542,45.7,1.34,
2023-09-25 00:30:00,OIL-SYN-016,3442.5,3322.0,Nahorkatiya Sand,ROTARY_DRILLING,9.28,27.57,53.0,22.0,17938.7,318.3,3404.2,99.1,1.512,128.24,1.551,41.8,2.53,
2023-09-25 01:00:00,OIL-SYN-016,3460.9,3339.7,Nahorkatiya Sand,ROTARY_DRILLING,13.95,27.52,50,22.85,17448.4,316.0,3509.9,99.4,1.482,128.5,1.508,34.1,3.1,
2023-09-25 01:30:00,OIL-SYN-016,3479.2,3357.5,Nahorkatiya Sand,ROTARY_DRILLING,10.6,31.36,63.3,23.07,17647.7,302.0,3425.6,100,1.538,128.09,1.549,42.3,0.3,
2023-09-25 02:00:00,OIL-SYN-016,3497.6,3375.2,Nahorkatiya Sand,ROTARY_DRILLING,12.51,27.98,77.5,22.43,17495.6,317.7,3383.7,98.7,1.519,127.39,1.559,45.5,2.72,
2023-09-25 02:30:00,OIL-SYN-016,3516.0,3392.9,Nahorkatiya Sand,ROTARY_DRILLING,12.79,25.43,54.6,25.5,17724.4,309.1,3620.9,98.6,1.48,126.8,1.5,44.9,1.33,
2023-09-25 03:00:00,OIL-SYN-016,3534.3,3410.6,Nahorkatiya Sand,ROTARY_DRILLING,10.69,26.86,52.8,23.92,17928.2,318.9,3465.1,97.9,1.498,129.21,1.542,46.9,1.2,
2023-09-25 03:30:00,OIL-SYN-016,3552.7,3428.4,Nahorkatiya Sand,ROTARY_DRILLING,9.88,30.32,58.6,21.59,18856.5,339.4,3589.3,98.5,1.512,127.64,1.553,44.2,1.45,
2023-09-25 04:00:00,OIL-SYN-016,3571.1,3446.1,Nahorkatiya Sand,ROTARY_DRILLING,13.5,26.15,70.0,21.53,18350.8,318.0,3492.8,98.9,1.536,129.01,1.56,45.8,1.21,
2023-09-25 04:30:00,OIL-SYN-016,3589.4,3463.8,Nahorkatiya Sand,ROTARY_DRILLING,8.88,26.34,50,22.63,17951.5,307.6,3524.3,99.2,1.559,127.65,1.585,47.2,2.76,
2023-09-25 05:00:00,OIL-SYN-016,3607.8,3481.5,Nahorkatiya Sand,ROTARY_DRILLING,12.82,32.31,56.7,20.94,18697.5,315.7,3568.3,98.9,1.513,127.66,1.523,46.1,0.9,
2023-09-25 05:30:00,OIL-SYN-016,3626.2,3499.2,Nahorkatiya Sand,ROTARY_DRILLING,11.42,31.21,65.3,24.83,18026.2,328.9,3544.7,98.5,1.508,128.56,1.55,34.7,2.35,
2023-09-25 06:00:00,OIL-SYN-016,3644.5,3517.0,Nahorkatiya Sand,ROTARY_DRILLING,13.78,31.66,62.8,20.92,18509.8,315.5,3552.4,99.0,1.527,128.3,1.563,50.0,2.25,
2023-09-25 06:30:00,OIL-SYN-016,3662.9,3534.7,Nahorkatiya Sand,ROTARY_DRILLING,13.23,33.03,74.9,21.38,18283.9,328.6,3622.2,98.1,1.54,127.44,1.568,47.5,2.71,
2023-09-25 07:00:00,OIL-SYN-016,3681.3,3552.4,Nahorkatiya Sand,ROTARY_DRILLING,9.08,33.71,62.7,21.31,18562.3,318.8,3401.9,97.3,1.506,127.61,1.547,50.9,1.83,
2023-09-25 07:30:00,OIL-SYN-016,3699.6,3570.1,Nahorkatiya Sand,ROTARY_DRILLING,6.21,28.92,59.9,23.44,17844.4,320.7,3617.0,99.6,1.541,127.62,1.562,45.8,0.92,
2023-09-25 08:00:00,OIL-SYN-016,3718.0,3587.9,Barail,ROTARY_DRILLING,11.81,27.87,50,22.61,18233.0,330.5,3606.2,98.5,1.54,127.37,1.551,30.9,1.09,
2023-09-25 08:30:00,OIL-SYN-016,3736.4,3605.6,Barail,ROTARY_DRILLING,15.28,28.34,55.4,22.38,18712.2,328.6,3520.0,100.0,1.513,127.41,1.554,37.6,1.33,
2023-09-25 09:00:00,OIL-SYN-016,3754.7,3623.3,Barail,ROTARY_DRILLING,7.59,31.32,60.8,24.98,17961.1,322.2,3397.1,99.6,1.524,128.73,1.569,46.1,2.04,
2023-09-25 09:30:00,OIL-SYN-016,3773.1,3641.0,Barail,ROTARY_DRILLING,9.47,30.21,50.4,24.58,18300.8,317.5,3688.4,98.1,1.505,127.61,1.521,48.1,1.72,
2023-09-25 10:00:00,OIL-SYN-016,3791.4,3658.7,Barail,ROTARY_DRILLING,15.36,30.09,60.8,23.09,18814.6,332.3,3558.0,99.0,1.536,128.85,1.557,51.4,2.84,
2023-09-25 10:30:00,OIL-SYN-016,3809.8,3676.5,Barail,ROTARY_DRILLING,14.92,25.84,65.5,22.83,18662.7,325.5,3386.7,100,1.57,127.26,1.602,43.4,0.31,
2023-09-25 11:00:00,OIL-SYN-016,3828.2,3694.2,Barail,ROTARY_DRILLING,13.34,29.72,55.6,22.02,18738.9,324.8,3622.2,99.9,1.539,127.91,1.566,40.4,0,
2023-09-25 11:30:00,OIL-SYN-016,3846.5,3711.9,Barail,ROTARY_DRILLING,12.08,32.42,64.7,21.87,18348.1,322.2,3467.0,98.9,1.553,128.23,1.596,39.9,0.59,
2023-09-25 12:00:00,OIL-SYN-016,3864.9,3729.6,Barail,ROTARY_DRILLING,11.05,29.85,67.6,23.33,18794.3,329.3,3580.9,99.8,1.543,128.98,1.564,53.7,0.76,
2023-09-25 12:30:00,OIL-SYN-016,3883.3,3747.4,Barail,ROTARY_DRILLING,14.66,31.15,55.3,23.26,19084.2,314.6,3478.9,98.1,1.53,127.65,1.558,49.4,1.93,
2023-09-25 13:00:00,OIL-SYN-016,3901.6,3765.1,Barail,ROTARY_DRILLING,10.48,27.01,50,23.73,18632.4,336.4,3609.8,98.8,1.542,129.62,1.571,42.8,0.83,
2023-09-25 13:30:00,OIL-SYN-016,3920,3782.8,Barail,ROTARY_DRILLING,12.87,29.1,62.7,26.45,18370.2,317.6,3532.5,98.7,1.572,126.66,1.612,38.2,2.92,
2023-10-09 06:00:00,OIL-SYN-017,1000.0,965.0,Barail,ROTARY_DRILLING,16.63,26.61,80.2,11.89,14586.1,228.9,2952.4,98.6,1.229,126.96,1.271,42.6,1.19,
2023-10-09 06:30:00,OIL-SYN-017,1020.1,984.4,Barail,ROTARY_DRILLING,14.75,18.82,93.0,12.18,13901.2,234.0,2784.1,99.4,1.228,126.2,1.257,42.2,1.62,
2023-10-09 07:00:00,OIL-SYN-017,1040.3,1003.8,Barail,ROTARY_DRILLING,20.8,26.03,96.1,14.74,13252.7,239.0,2877.6,99.9,1.216,129.24,1.254,38.9,2.96,
2023-10-09 07:30:00,OIL-SYN-017,1060.4,1023.3,Barail,ROTARY_DRILLING,14.72,21.51,91.5,12.5,14638.4,229.9,2845.0,99.5,1.26,127.43,1.294,49.3,0.7,
2023-10-09 08:00:00,OIL-SYN-017,1080.5,1042.7,Barail,ROTARY_DRILLING,15.44,20.68,86.8,11.2,13553.4,222.9,2923.4,99.0,1.229,128.9,1.26,41.8,2.11,
2023-10-09 08:30:00,OIL-SYN-017,1100.6,1062.1,Barail,ROTARY_DRILLING,22.2,24.64,88.2,13.21,13670.1,237.2,2824.3,98.8,1.254,126.79,1.295,49.7,2.46,
2023-10-09 09:00:00,OIL-SYN-017,1120.8,1081.5,Barail,ROTARY_DRILLING,15.96,20.84,94.0,14.26,13951.9,222.9,2768.3,99.1,1.218,129.9,1.246,46.3,2.69,
2023-10-09 09:30:00,OIL-SYN-017,1140.9,1100.9,Barail,ROTARY_DRILLING,18.13,23.18,88.2,12.02,14015.6,228.7,2947.3,100,1.219,128.23,1.26,51.3,0.91,
2023-10-09 10:00:00,OIL-SYN-017,1161.0,1120.4,Barail,ROTARY_DRILLING,15.61,21.77,87.5,14.58,14516.5,240.7,2756.1,98.3,1.246,128.94,1.282,49.9,1.61,
2023-10-09 10:30:00,OIL-SYN-017,1181.1,1139.8,Barail,ROTARY_DRILLING,18.42,21.19,78.5,13.29,14633.8,240.8,2871.5,99.7,1.256,128.3,1.283,45.8,1.49,
2023-10-09 11:00:00,OIL-SYN-017,1201.3,1159.2,Barail,ROTARY_DRILLING,15.07,20.7,89.5,14.87,14959.5,238.8,2749.9,98.4,1.244,127.54,1.276,34.8,1.28,
2023-10-09 11:30:00,OIL-SYN-017,1221.4,1178.6,Barail,ROTARY_DRILLING,16.46,20.19,87.4,12.35,14123.1,242.1,2879.8,99.4,1.239,127.9,1.284,44.3,2.41,
2023-10-09 12:00:00,OIL-SYN-017,1241.5,1198.1,Barail,ROTARY_DRILLING,18.4,23.18,90.9,15.09,14070.8,224.3,2922.1,100,1.281,126.4,1.303,39.5,2.44,
2023-10-09 12:30:00,OIL-SYN-017,1261.6,1217.5,Barail,ROTARY_DRILLING,22.43,21.55,96.5,13.58,14530.4,232.6,2956.3,100,1.266,128.93,1.298,45.7,0.43,
2023-10-09 13:00:00,OIL-SYN-017,1281.8,1236.9,Barail,ROTARY_DRILLING,21.45,22.0,94.4,14.07,14962.3,235.2,2852.0,98.8,1.248,126.85,1.275,40.2,1.95,
2023-10-09 13:30:00,OIL-SYN-017,1301.9,1256.3,Barail,ROTARY_DRILLING,18.57,22.64,94.6,14.93,14383.5,224.4,2947.7,99.5,1.244,127.51,1.268,35.7,2.7,
2023-10-09 14:00:00,OIL-SYN-017,1322.0,1275.7,Barail,ROTARY_DRILLING,16.01,19.26,93.8,13.18,14386.8,243.6,3061.4,99.0,1.259,130.18,1.302,48.3,1.47,
2023-10-09 14:30:00,OIL-SYN-017,1342.1,1295.2,Barail,ROTARY_DRILLING,19.91,24.26,87.8,18.66,15042.9,232.3,2932.2,98.8,1.275,128.62,1.299,41.0,3.77,
2023-10-09 15:00:00,OIL-SYN-017,1362.3,1314.6,Barail,ROTARY_DRILLING,21.35,21.89,73.0,16.3,14692.7,246.1,3022.7,99.0,1.293,129.7,1.334,44.5,2.77,
2023-10-09 15:30:00,OIL-SYN-017,1382.4,1334.0,Barail,ROTARY_DRILLING,16.38,22.9,94.3,14.39,14924.3,244.8,3030.0,100,1.247,129.21,1.263,49.1,0.93,
2023-10-09 16:00:00,OIL-SYN-017,1402.5,1353.4,Tipam,ROTARY_DRILLING,15.01,19.22,93.7,14.6,14756.1,236.0,2875.6,98.9,1.284,127.98,1.296,43.0,2.12,
2023-10-09 16:30:00,OIL-SYN-017,1422.6,1372.8,Tipam,ROTARY_DRILLING,19.63,24.6,81.9,16.76,14925.1,254.0,2959.2,99.4,1.291,128.68,1.315,44.1,1.63,
2023-10-09 17:00:00,OIL-SYN-017,1442.8,1392.3,Tipam,ROTARY_DRILLING,14.54,24.7,95.9,16.76,15016.8,234.0,2996.9,98.7,1.298,128.3,1.314,43.4,1.21,
2023-10-09 17:30:00,OIL-SYN-017,1462.9,1411.7,Tipam,ROTARY_DRILLING,16.7,16.33,80.7,15.04,14984.6,249.1,3075.3,99.7,1.285,127.0,1.328,46.2,0.88,
2023-10-09 18:00:00,OIL-SYN-017,1483.0,1431.1,Tipam,ROTARY_DRILLING,14.48,22.38,88.6,14.92,15058.0,256.9,2914.9,99.1,1.295,128.43,1.329,40.7,1.32,
2023-10-09 18:30:00,OIL-SYN-017,1503.1,1450.5,Tipam,ROTARY_DRILLING,16.32,19.22,76.8,13.64,15143.4,226.8,3024.0,99.3,1.274,128.53,1.299,42.5,2.4,
2023-10-09 19:00:00,OIL-SYN-017,1523.3,1470.0,Tipam,ROTARY_DRILLING,13.4,20.22,77.3,13.53,14883.1,253.6,3014.5,99.0,1.295,127.72,1.332,43.6,0.78,
2023-10-09 19:30:00,OIL-SYN-017,1543.4,1489.4,Tipam,ROTARY_DRILLING,17.74,21.28,89.0,15.12,15451.2,242.7,3040.9,98.9,1.274,129.26,1.299,36.8,0.82,
2023-10-09 20:00:00,OIL-SYN-017,1563.5,1508.8,Tipam,ROTARY_DRILLING,20.58,24.77,85.5,13.84,14627.8,245.5,2924.5,98.9,1.297,128.4,1.318,47.9,2.46,
2023-10-09 20:30:00,OIL-SYN-017,1583.6,1528.2,Tipam,ROTARY_DRILLING,17.42,20.09,90.9,15.41,14920.2,250.8,2952.3,100,1.295,127.88,1.335,45.0,1.98,
2023-10-09 21:00:00,OIL-SYN-017,1603.8,1547.6,Tipam,ROTARY_DRILLING,14.89,23.59,92.5,16.77,15246.3,236.8,2989.1,97.4,1.33,127.54,1.345,43.0,2.45,
2023-10-09 21:30:00,OIL-SYN-017,1623.9,1567.1,Tipam,ROTARY_DRILLING,16.22,24.9,82.6,16.99,14919.1,244.2,2908.4,99.9,1.278,127.35,1.301,36.5,1.32,
2023-10-09 22:00:00,OIL-SYN-017,1644.0,1586.5,Tipam,ROTARY_DRILLING,16.09,22.68,84.1,16.27,14960.5,258.8,3020.7,99.8,1.287,126.22,1.328,45.5,2.34,
2023-10-09 22:30:00,OIL-SYN-017,1664.2,1605.9,Tipam,ROTARY_DRILLING,16.01,24.01,83.1,16.77,14626.3,246.8,3092.0,98.5,1.299,127.15,1.309,42.4,1.4,
2023-10-09 23:00:00,OIL-SYN-017,1684.3,1625.3,Tipam,ROTARY_DRILLING,19.24,20.14,86.5,15.85,15154.0,235.9,3074.2,99.4,1.302,129.57,1.336,43.7,1.07,
2023-10-09 23:30:00,OIL-SYN-017,1704.4,1644.7,Tipam,ROTARY_DRILLING,13.68,21.01,85.0,15.3,15492.3,244.6,3043.7,99.4,1.323,126.5,1.348,40.1,1.13,
2023-10-10 00:00:00,OIL-SYN-017,1724.5,1664.2,Tipam,ROTARY_DRILLING,12.96,26.68,96.6,13.36,15853.7,248.0,3005.2,98.3,1.299,127.41,1.323,41.2,1.59,
2023-10-10 00:30:00,OIL-SYN-017,1744.7,1683.6,Tipam,ROTARY_DRILLING,18.28,24.49,92.5,15.12,15332.4,254.5,3046.0,98.4,1.312,129.12,1.349,53.2,0.27,
2023-10-10 01:00:00,OIL-SYN-017,1764.8,1703.0,Tipam,ROTARY_DRILLING,15.16,22.47,84.8,15.08,14915.2,256.6,3065.1,100,1.33,127.61,1.373,55.1,2.69,
2023-10-10 01:30:00,OIL-SYN-017,1784.9,1722.4,Tipam,ROTARY_DRILLING,14.99,24.96,89.4,17.24,15503.7,249.5,2984.0,98.9,1.312,128.33,1.329,45.3,1.56,
2023-10-10 02:00:00,OIL-SYN-017,1805.0,1741.9,Tipam,ROTARY_DRILLING,15.61,25.19,85.0,15.89,15460.9,248.1,3034.9,98.8,1.327,129.21,1.36,41.3,2.07,
2023-10-10 02:30:00,OIL-SYN-017,1825.2,1761.3,Tipam,ROTARY_DRILLING,14.98,19.82,76.0,14.65,15535.2,269.8,3180.5,99.6,1.332,127.95,1.352,42.0,1.91,
2023-10-10 03:00:00,OIL-SYN-017,1845.3,1780.7,Tipam,ROTARY_DRILLING,17.23,26.64,80.9,14.31,15591.0,253.0,3273.0,98.4,1.332,126.84,1.351,44.2,1.43,
2023-10-10 03:30:00,OIL-SYN-017,1865.4,1800.1,Tipam,ROTARY_DRILLING,17.55,23.07,85.2,15.32,15155.9,251.3,3145.5,99.6,1.324,128.0,1.365,41.1,1.71,
2023-10-10 04:00:00,OIL-SYN-017,1885.5,1819.5,Tipam,ROTARY_DRILLING,16.87,30.98,97.6,16.87,15270.8,254.6,3129.6,99.2,1.324,127.29,1.358,47.6,2.52,
2023-10-10 04:30:00,OIL-SYN-017,1905.7,1839.0,Tipam,ROTARY_DRILLING,14.68,24.81,79.3,16.79,15243.6,252.2,3053.5,99.4,1.341,127.29,1.375,39.9,1.66,
2023-10-10 05:00:00,OIL-SYN-017,1925.8,1858.4,Tipam,ROTARY_DRILLING,14.35,19.45,91.4,18.51,16004.1,249.0,3241.5,98.3,1.334,129.26,1.361,45.3,1.36,
2023-10-10 05:30:00,OIL-SYN-017,1945.9,1877.8,Tipam,ROTARY_DRILLING,16.88,22.64,72.7,16.65,16174.0,256.6,3083.1,98.5,1.352,128.55,1.38,39.0,2.16,
2023-10-10 06:00:00,OIL-SYN-017,1966.0,1897.2,Tipam,ROTARY_DRILLING,12.76,26.31,70.4,15.8,15373.4,263.8,2910.4,98.5,1.333,127.85,1.344,39.0,1.56,
2023-10-10 06:30:00,OIL-SYN-017,1986.2,1916.6,Tipam,ROTARY_DRILLING,16.14,22.85,79.3,18.08,15814.8,264.0,3124.3,100,1.33,127.81,1.364,39.8,1.56,
2023-10-10 07:00:00,OIL-SYN-017,2006.3,1936.1,Tipam,ROTARY_DRILLING,13.8,23.48,94.3,16.32,15154.6,259.1,3175.1,99.3,1.353,127.84,1.385,48.5,1.93,
2023-10-10 07:30:00,OIL-SYN-017,2026.4,1955.5,Tipam,ROTARY_DRILLING,15.28,21.85,77.7,13.69,16268.4,272.8,3196.6,98.6,1.351,128.01,1.386,44.6,1.96,
2023-10-10 08:00:00,OIL-SYN-017,2046.5,1974.9,Tipam,ROTARY_DRILLING,16.0,24.47,82.5,15.08,16335.6,254.1,3162.5,99.0,1.345,127.88,1.358,34.1,1.39,
2023-10-10 08:30:00,OIL-SYN-017,2066.7,1994.3,Girujan,ROTARY_DRILLING,14.13,28.64,86.7,17.42,15956.2,268.3,3110.6,98.6,1.358,128.75,1.375,66.9,2.05,
2023-10-10 09:00:00,OIL-SYN-017,2086.8,2013.8,Girujan,ROTARY_DRILLING,12.99,22.7,90.0,17.07,15537.1,275.3,3156.0,98.9,1.336,129.18,1.364,76.5,3.2,
2023-10-10 09:30:00,OIL-SYN-017,2106.9,2033.2,Girujan,ROTARY_DRILLING,18.08,23.21,74.0,18.13,15936.2,272.5,3337.8,98.7,1.339,129.1,1.363,72.1,2.08,
2023-10-10 10:00:00,OIL-SYN-017,2127.0,2052.6,Girujan,ROTARY_DRILLING,18.18,21.52,95.6,19.48,16131.3,270.0,2986.8,99.8,1.368,128.14,1.41,72.3,1.89,
2023-10-10 10:30:00,OIL-SYN-017,2147.2,2072.0,Girujan,ROTARY_DRILLING,16.09,17.74,76.5,15.38,16346.0,257.9,3333.6,98.4,1.353,129.0,1.396,61.5,0.87,
2023-10-10 11:00:00,OIL-SYN-017,2167.3,2091.4,Girujan,ROTARY_DRILLING,11.76,24.63,64.7,18.15,16139.3,256.9,3095.9,99.9,1.353,126.76,1.372,75.5,1.83,
2023-10-10 11:30:00,OIL-SYN-017,2187.4,2110.9,Girujan,ROTARY_DRILLING,14.69,28.29,72.6,17.35,15574.3,268.1,3260.7,99.3,1.375,127.22,1.405,78.6,1.28,
2023-10-10 12:00:00,OIL-SYN-017,2207.5,2130.3,Girujan,ROTARY_DRILLING,11.54,22.37,69.1,16.89,15640.7,276.1,3205.4,99.4,1.377,128.27,1.415,73.4,2.07,
2023-10-10 12:30:00,OIL-SYN-017,2227.7,2149.7,Girujan,ROTARY_DRILLING,14.05,24.75,90.6,18.57,16427.1,270.0,3162.6,100,1.366,128.79,1.393,71.1,1.42,
2023-10-10 13:00:00,OIL-SYN-017,2247.8,2169.1,Girujan,ROTARY_DRILLING,17.74,22.33,68.0,19.68,16177.1,267.3,3079.1,99.6,1.39,126.56,1.434,77.6,0.71,
2023-10-10 13:30:00,OIL-SYN-017,2267.9,2188.5,Girujan,ROTARY_DRILLING,15.92,25.45,70.2,17.43,15915.8,281.5,3259.7,99.5,1.369,128.71,1.399,75.9,1.98,
2023-10-10 14:00:00,OIL-SYN-017,2288.1,2208.0,Girujan,ROTARY_DRILLING,13.16,24.72,85.4,18.11,15612.6,276.9,3142.5,98.7,1.394,127.71,1.406,74.8,1.26,
2023-10-10 14:30:00,OIL-SYN-017,2308.2,2227.4,Girujan,ROTARY_DRILLING,13.38,25.61,89.6,18.7,16932.8,267.4,3135.2,99.0,1.359,128.26,1.381,76.3,0.88,CEMENTING_ISSUE
2023-10-10 15:00:00,OIL-SYN-017,2328.3,2246.8,Girujan,ROTARY_DRILLING,13.65,25.16,72.0,16.77,16700.2,266.0,3249.6,98.6,1.376,127.81,1.399,76.0,2.38,CEMENTING_ISSUE
2023-10-10 15:30:00,OIL-SYN-017,2348.4,2266.2,Girujan,ROTARY_DRILLING,13.69,22.86,69.3,15.96,16835.7,270.8,3217.9,100,1.389,126.82,1.399,71.5,1.26,CEMENTING_ISSUE
2023-10-10 16:00:00,OIL-SYN-017,2368.6,2285.7,Girujan,ROTARY_DRILLING,14.49,23.45,74.0,18.67,17634.0,274.6,3191.5,99.5,1.378,128.91,1.42,70.0,1.22,CEMENTING_ISSUE
2023-10-10 16:30:00,OIL-SYN-017,2388.7,2305.1,Girujan,ROTARY_DRILLING,11.47,22.25,74.4,18.71,17226.5,273.9,3163.6,99.5,1.368,128.52,1.399,74.6,2.02,CEMENTING_ISSUE
2023-10-10 17:00:00,OIL-SYN-017,2408.8,2324.5,Girujan,ROTARY_DRILLING,14.58,24.11,80.8,20.49,17643.9,282.2,3182.2,99.9,1.386,128.48,1.431,76.6,1.03,CEMENTING_ISSUE
2023-10-10 17:30:00,OIL-SYN-017,2428.9,2343.9,Girujan,ROTARY_DRILLING,12.37,25.82,58.8,17.03,17208.9,264.0,3252.5,98.5,1.396,127.91,1.432,68.2,1.34,CEMENTING_ISSUE
2023-10-10 18:00:00,OIL-SYN-017,2449.1,2363.3,Girujan,ROTARY_DRILLING,14.88,19.69,90.7,21.27,16236.0,271.3,3187.4,98.8,1.37,127.82,1.407,69.3,1.11,
2023-10-10 18:30:00,OIL-SYN-017,2469.2,2382.8,Girujan,ROTARY_DRILLING,15.31,20.75,85.6,18.0,16008.6,269.4,3183.8,99.9,1.402,128.06,1.444,71.4,1.63,
2023-10-10 19:00:00,OIL-SYN-017,2489.3,2402.2,Girujan,ROTARY_DRILLING,15.38,26.56,77.9,18.62,17023.4,291.5,3240.9,98.5,1.382,127.22,1.392,69.0,2.05,
2023-10-10 19:30:00,OIL-SYN-017,2509.4,2421.6,Girujan,ROTARY_DRILLING,9.12,21.47,75.1,17.3,16310.1,275.3,3166.0,98.1,1.402,128.22,1.43,69.7,1.1,
2023-10-10 20:00:00,OIL-SYN-017,2529.6,2441.0,Girujan,ROTARY_DRILLING,10.19,26.34,79.6,18.98,17034.2,275.6,3258.3,98.9,1.402,125.33,1.421,73.6,1.36,
2023-10-10 20:30:00,OIL-SYN-017,2549.7,2460.4,Girujan,ROTARY_DRILLING,12.78,27.4,70.1,18.5,17161.9,280.7,3335.0,98.0,1.429,127.27,1.439,63.6,1.93,
2023-10-10 21:00:00,OIL-SYN-017,2569.8,2479.9,Lakwa,ROTARY_DRILLING,16.71,24.16,70.4,18.83,17222.3,292.4,3501.9,99.9,1.398,129.63,1.419,53.3,4.69,
2023-10-10 21:30:00,OIL-SYN-017,2589.9,2499.3,Lakwa,ROTARY_DRILLING,10.4,24.09,85.5,17.55,16398.7,285.7,3205.6,100,1.379,127.4,1.413,42.0,4.44,
2023-10-10 22:00:00,OIL-SYN-017,2610.1,2518.7,Lakwa,ROTARY_DRILLING,11.78,24.09,70.2,17.02,16670.2,288.9,3206.4,99.2,1.389,129.57,1.414,47.8,4.16,
2023-10-10 22:30:00,OIL-SYN-017,2630.2,2538.1,Lakwa,ROTARY_DRILLING,18.8,29.04,68.9,16.75,16681.4,295.1,3178.5,97.6,1.446,128.52,1.473,40.4,4.22,
2023-10-10 23:00:00,OIL-SYN-017,2650.3,2557.6,Lakwa,ROTARY_DRILLING,17.21,20.96,73.3,18.3,16669.5,296.5,3356.5,98.7,1.4,128.36,1.428,53.7,5.07,
2023-10-10 23:30:00,OIL-SYN-017,2670.4,2577.0,Lakwa,ROTARY_DRILLING,10.09,27.92,74.4,19.49,16790.6,274.2,3347.7,98.8,1.423,128.45,1.449,44.9,3.32,
2023-10-11 00:00:00,OIL-SYN-017,2690.6,2596.4,Lakwa,ROTARY_DRILLING,12.19,24.7,70.2,18.91,16228.0,283.5,3259.9,100.0,1.437,130.64,1.468,44.0,4.74,
2023-10-11 00:30:00,OIL-SYN-017,2710.7,2615.8,Lakwa,ROTARY_DRILLING,11.83,27.1,70.0,18.61,16458.6,275.7,3431.3,100,1.423,127.12,1.447,35.5,4.63,
2023-10-11 01:00:00,OIL-SYN-017,2730.8,2635.2,Lakwa,ROTARY_DRILLING,18.69,25.89,58.1,21.4,17064.3,284.7,3339.1,99.2,1.439,129.35,1.46,52.7,3.94,
2023-10-11 01:30:00,OIL-SYN-017,2750.9,2654.7,Lakwa,NPT,0,29.16,83.9,19.99,17271.7,269.9,3228.7,99.1,1.448,129.29,1.469,37.8,2.8,NPT
2023-10-11 02:00:00,OIL-SYN-017,2771.1,2674.1,Lakwa,NPT,0,25.37,69.1,19.27,17089.6,288.0,3202.1,100,1.42,128.38,1.438,51.7,3.2,NPT
2023-10-11 02:30:00,OIL-SYN-017,2791.2,2693.5,Lakwa,NPT,0,29.06,65.3,19.7,17156.2,286.8,3251.5,98.6,1.425,127.15,1.437,56.7,4.79,NPT
2023-10-11 03:00:00,OIL-SYN-017,2811.3,2712.9,Lakwa,NPT,0,30.83,75.9,19.33,17609.3,278.6,3333.6,99.4,1.441,126.79,1.481,38.6,3.78,NPT
2023-10-11 03:30:00,OIL-SYN-017,2831.4,2732.3,Lakwa,NPT,0,28.51,65.5,17.29,16995.0,284.9,3367.3,99.3,1.426,127.98,1.464,41.3,4.64,NPT
2023-10-11 04:00:00,OIL-SYN-017,2851.6,2751.8,Lakwa,NPT,0,25.47,52.1,19.32,17611.7,295.3,3337.0,99.8,1.443,127.89,1.455,46.9,2.61,NPT
2023-10-11 04:30:00,OIL-SYN-017,2871.7,2771.2,Lakwa,NPT,0,24.71,74.9,19.53,17366.1,284.2,3213.0,98.6,1.449,127.99,1.466,44.5,5.24,NPT
2023-10-11 05:00:00,OIL-SYN-017,2891.8,2790.6,Lakwa,ROTARY_DRILLING,15.31,26.46,75.5,18.35,17271.3,294.8,3322.9,99.0,1.459,125.17,1.474,42.8,4.42,
2023-10-11 05:30:00,OIL-SYN-017,2911.9,2810.0,Lakwa,ROTARY_DRILLING,9.62,29.76,62.6,19.88,16982.2,280.6,3241.1,97.9,1.436,128.05,1.478,50.2,5.17,
2023-10-11 06:00:00,OIL-SYN-017,2932.1,2829.5,Lakwa,ROTARY_DRILLING,13.22,24.65,66.5,21.77,17368.6,299.6,3302.6,98.3,1.459,128.67,1.482,54.7,5.05,
2023-10-11 06:30:00,OIL-SYN-017,2952.2,2848.9,Lakwa,ROTARY_DRILLING,14.06,28.36,73.4,19.54,16678.2,308.3,3331.6,98.9,1.444,126.47,1.475,44.5,4.78,
2023-10-11 07:00:00,OIL-SYN-017,2972.3,2868.3,Lakwa,ROTARY_DRILLING,16.02,21.75,69.6,20.51,17358.8,303.7,3427.1,99.7,1.441,128.29,1.466,42.4,4.65,
2023-10-11 07:30:00,OIL-SYN-017,2992.5,2887.7,Lakwa,ROTARY_DRILLING,10.65,26.9,67.0,19.12,18102.8,306.7,3392.6,99.7,1.438,129.91,1.472,43.3,3.85,
2023-10-11 08:00:00,OIL-SYN-017,3012.6,2907.1,Lakwa,ROTARY_DRILLING,10.65,26.63,68.8,20.57,17207.4,298.9,3228.1,100,1.446,128.85,1.467,43.8,4.6,
2023-10-11 08:30:00,OIL-SYN-017,3032.7,2926.6,Lakwa,ROTARY_DRILLING,15.35,27.36,76.4,21.39,17140.2,291.6,3418.1,98.8,1.442,126.9,1.465,49.2,5.11,
2023-10-11 09:00:00,OIL-SYN-017,3052.8,2946.0,Lakwa,ROTARY_DRILLING,17.25,24.17,69.5,20.37,16945.9,289.6,3335.3,98.8,1.464,126.43,1.496,44.4,2.44,
2023-10-11 09:30:00,OIL-SYN-017,3073.0,2965.4,Lakwa,ROTARY_DRILLING,12.65,24.44,62.0,18.91,17471.1,300.1,3370.6,97.7,1.448,127.72,1.479,35.9,4.56,
2023-10-11 10:00:00,OIL-SYN-017,3093.1,2984.8,Lakwa,ROTARY_DRILLING,12.36,25.68,72.4,21.17,17941.7,300.7,3243.0,98.1,1.454,130.86,1.485,51.5,4.53,
2023-10-11 10:30:00,OIL-SYN-017,3113.2,3004.2,Lakwa,ROTARY_DRILLING,13.26,27.7,62.0,22.88,17117.9,297.4,3378.0,97.5,1.439,127.6,1.47,40.9,2.63,
2023-10-11 11:00:00,OIL-SYN-017,3133.3,3023.7,Lakwa,ROTARY_DRILLING,15.11,29.57,66.3,20.34,17330.1,293.8,3309.4,97.7,1.45,127.58,1.483,55.1,4.39,
2023-10-11 11:30:00,OIL-SYN-017,3153.5,3043.1,Lakwa,ROTARY_DRILLING,17.0,24.23,64.9,20.7,17380.5,300.1,3369.2,97.8,1.479,126.24,1.504,46.7,4.0,
2023-10-11 12:00:00,OIL-SYN-017,3173.6,3062.5,Lakwa,ROTARY_DRILLING,8.52,28.59,67.0,20.7,17216.3,284.8,3440.8,97.1,1.479,127.52,1.517,54.4,4.29,
2023-10-11 12:30:00,OIL-SYN-017,3193.7,3081.9,Lakwa,ROTARY_DRILLING,9.99,23.19,50,22.6,17565.7,301.1,3400.0,88.9,1.461,124.94,1.487,55.6,3.94,MUD_LOSS
2023-10-11 13:00:00,OIL-SYN-017,3213.8,3101.4,Nahorkatiya Sand,ROTARY_DRILLING,14.81,26.92,69.3,22.16,18406.1,302.0,3447.8,87.3,1.481,122.9,1.493,41.1,0.79,MUD_LOSS
2023-10-11 13:30:00,OIL-SYN-017,3234.0,3120.8,Nahorkatiya Sand,ROTARY_DRILLING,14.09,26.66,61.8,22.15,17815.3,296.1,3437.2,88.5,1.492,126.22,1.529,51.8,1.78,MUD_LOSS
2023-10-11 14:00:00,OIL-SYN-017,3254.1,3140.2,Nahorkatiya Sand,ROTARY_DRILLING,14.1,29.6,58.5,21.87,17702.1,290.9,3478.6,76.1,1.489,123.63,1.512,49.5,4.46,MUD_LOSS
2023-10-11 14:30:00,OIL-SYN-017,3274.2,3159.6,Nahorkatiya Sand,ROTARY_DRILLING,11.28,28.93,73.2,18.8,17575.1,306.9,3526.9,80.0,1.48,119.99,1.494,43.5,0.83,MUD_LOSS
2023-10-11 15:00:00,OIL-SYN-017,3294.3,3179.0,Nahorkatiya Sand,ROTARY_DRILLING,11.2,24.6,68.3,22.15,18112.2,304.4,3367.2,82.5,1.493,118.68,1.535,41.6,1.73,MUD_LOSS
2023-10-11 15:30:00,OIL-SYN-017,3314.5,3198.5,Nahorkatiya Sand,ROTARY_DRILLING,13.64,30.38,71.3,23.07,18144.6,312.5,3347.7,78.5,1.49,123.98,1.526,47.4,1.85,MUD_LOSS
2023-10-11 16:00:00,OIL-SYN-017,3334.6,3217.9,Nahorkatiya Sand,ROTARY_DRILLING,7.88,26.07,53.5,20.05,17727.5,300.9,3404.2,99.4,1.491,126.13,1.514,49.1,2.27,
2023-10-11 16:30:00,OIL-SYN-017,3354.7,3237.3,Nahorkatiya Sand,ROTARY_DRILLING,16.93,28.89,53.5,20.45,17440.1,310.9,3469.9,100,1.483,126.52,1.52,39.5,1.29,
2023-10-11 17:00:00,OIL-SYN-017,3374.8,3256.7,Nahorkatiya Sand,ROTARY_DRILLING,8.11,25.7,53.9,23.32,18356.1,304.5,3438.6,98.8,1.483,127.77,1.519,41.6,2.3,
2023-10-11 17:30:00,OIL-SYN-017,3395.0,3276.1,Nahorkatiya Sand,ROTARY_DRILLING,8.76,25.94,62.8,22.43,18283.3,306.5,3407.3,99.0,1.493,128.33,1.521,50.2,1.55,
2023-10-11 18:00:00,OIL-SYN-017,3415.1,3295.6,Nahorkatiya Sand,ROTARY_DRILLING,9.07,24.71,75.5,20.08,17915.1,310.9,3489.3,100,1.525,128.36,1.567,37.3,1.96,
2023-10-11 18:30:00,OIL-SYN-017,3435.2,3315.0,Nahorkatiya Sand,ROTARY_DRILLING,12.24,28.03,58.4,24.57,17678.8,314.4,3514.3,99.1,1.506,127.11,1.53,51.7,2.86,
2023-10-11 19:00:00,OIL-SYN-017,3455.3,3334.4,Nahorkatiya Sand,ROTARY_DRILLING,10.04,28.02,74.2,23.2,17521.2,321.5,3494.0,98.8,1.52,127.1,1.539,44.7,2.06,
2023-10-11 19:30:00,OIL-SYN-017,3475.5,3353.8,Nahorkatiya Sand,ROTARY_DRILLING,15.38,26.29,71.1,22.68,18105.6,308.1,3510.7,98.6,1.508,128.57,1.544,41.5,2.28,
2023-10-11 20:00:00,OIL-SYN-017,3495.6,3373.3,Nahorkatiya Sand,ROTARY_DRILLING,8.95,27.47,64.2,20.41,18166.4,314.2,3402.4,99.7,1.529,128.05,1.556,47.4,2.63,
2023-10-11 20:30:00,OIL-SYN-017,3515.7,3392.7,Nahorkatiya Sand,ROTARY_DRILLING,11.6,26.9,56.9,19.61,18692.7,313.2,3492.5,99.5,1.504,127.72,1.536,46.6,2.48,
2023-10-11 21:00:00,OIL-SYN-017,3535.8,3412.1,Nahorkatiya Sand,ROTARY_DRILLING,14.23,27.26,62.9,23.05,17406.1,309.2,3590.0,97.9,1.508,127.76,1.523,39.6,1.11,
2023-10-11 21:30:00,OIL-SYN-017,3556.0,3431.5,Nahorkatiya Sand,ROTARY_DRILLING,9.5,27.67,59.4,24.59,18050.7,322.4,3696.0,98.8,1.518,127.07,1.556,42.7,3.4,
2023-10-11 22:00:00,OIL-SYN-017,3576.1,3450.9,Nahorkatiya Sand,ROTARY_DRILLING,13.26,26.06,57.7,22.98,18104.1,320.2,3392.4,98.0,1.519,127.35,1.542,37.3,3.11,
2023-10-11 22:30:00,OIL-SYN-017,3596.2,3470.4,Nahorkatiya Sand,ROTARY_DRILLING,17.75,27.22,59.4,23.58,17632.3,310.6,3611.4,99.3,1.55,128.04,1.586,41.1,2.14,
2023-10-11 23:00:00,OIL-SYN-017,3616.4,3489.8,Nahorkatiya Sand,ROTARY_DRILLING,9.0,29.5,65.6,22.31,17932.1,321.4,3606.4,99.4,1.541,127.9,1.552,42.3,2.28,
2023-10-11 23:30:00,OIL-SYN-017,3636.5,3509.2,Nahorkatiya Sand,ROTARY_DRILLING,9.73,32.1,62.9,23.86,17887.2,325.5,3622.4,98.6,1.53,128.49,1.547,52.7,1.37,
2023-10-12 00:00:00,OIL-SYN-017,3656.6,3528.6,Nahorkatiya Sand,ROTARY_DRILLING,9.31,22.11,61.6,22.9,18186.5,306.5,3505.6,98.0,1.509,127.85,1.541,43.1,1.09,
2023-10-12 00:30:00,OIL-SYN-017,3676.7,3548.0,Nahorkatiya Sand,ROTARY_DRILLING,12.82,28.28,60.7,23.28,18375.3,322.2,3422.3,98.7,1.536,130.56,1.578,48.2,0.7,
2023-10-12 01:00:00,OIL-SYN-017,3696.9,3567.5,Nahorkatiya Sand,ROTARY_DRILLING,10.12,29.16,71.0,23.52,18201.7,312.2,3446.4,98.3,1.522,129.46,1.559,44.2,2.13,
2023-10-12 01:30:00,OIL-SYN-017,3717.0,3586.9,Barail,ROTARY_DRILLING,11.77,28.75,74.4,23.14,19355.5,309.5,3527.3,98.0,1.538,127.42,1.576,37.3,0.32,
2023-10-12 02:00:00,OIL-SYN-017,3737.1,3606.3,Barail,ROTARY_DRILLING,13.5,32.68,61.5,24.01,17913.5,317.1,3659.0,99.9,1.552,127.89,1.579,42.6,0.45,
2023-10-12 02:30:00,OIL-SYN-017,3757.2,3625.7,Barail,ROTARY_DRILLING,15.52,26.61,64.5,24.61,18763.3,327.6,3561.9,99.0,1.55,127.62,1.577,47.0,1.1,
2023-10-12 03:00:00,OIL-SYN-017,3777.4,3645.2,Barail,ROTARY_DRILLING,7.74,28.17,50,23.74,18455.6,323.5,3519.3,98.5,1.515,127.24,1.536,50.8,2.54,
2023-10-12 03:30:00,OIL-SYN-017,3797.5,3664.6,Barail,ROTARY_DRILLING,14.75,31.04,57.7,22.21,18599.2,328.4,3486.3,99.7,1.539,129.22,1.571,42.2,2.89,
2023-10-12 04:00:00,OIL-SYN-017,3817.6,3684.0,Barail,ROTARY_DRILLING,12.72,27.62,50,21.56,19033.2,320.4,3523.6,100,1.54,126.6,1.563,58.0,1.27,
2023-10-12 04:30:00,OIL-SYN-017,3837.7,3703.4,Barail,ROTARY_DRILLING,12.23,28.86,56.4,23.37,19168.3,322.3,3599.4,98.5,1.54,127.81,1.558,39.9,1.8,
2023-10-12 05:00:00,OIL-SYN-017,3857.9,3722.8,Barail,ROTARY_DRILLING,9.19,33.86,50,23.02,18590.8,313.8,3588.8,98.1,1.556,129.02,1.59,49.5,2.58,
2023-10-12 05:30:00,OIL-SYN-017,3878.0,3742.3,Barail,ROTARY_DRILLING,12.46,31.25,69.0,22.62,18671.4,334.1,3650.5,100,1.542,128.63,1.576,46.1,2.49,
2023-10-12 06:00:00,OIL-SYN-017,3898.1,3761.7,Barail,ROTARY_DRILLING,11.27,27.92,66.5,23.68,18595.3,315.7,3712.0,98.4,1.539,128.9,1.56,46.7,1.9,
2023-10-12 06:30:00,OIL-SYN-017,3918.2,3781.1,Barail,ROTARY_DRILLING,9.83,26.43,56.6,21.95,18570.0,341.3,3646.8,99.1,1.597,127.37,1.623,35.5,2.43,
2023-10-12 07:00:00,OIL-SYN-017,3938.4,3800.5,Barail,ROTARY_DRILLING,15.34,26.27,53.5,25.4,19135.1,341.4,3566.0,98.9,1.541,128.85,1.566,36.9,2.51,
2023-10-12 07:30:00,OIL-SYN-017,3958.5,3819.9,Barail,ROTARY_DRILLING,12.75,31.04,60.1,23.17,18224.0,334.6,3506.8,98.6,1.566,127.1,1.577,46.0,1.3,
2023-10-12 08:00:00,OIL-SYN-017,3978.6,3839.4,Barail,ROTARY_DRILLING,8.47,30.99,67.3,25.2,18804.6,326.4,3599.0,97.8,1.553,126.64,1.568,56.5,1.05,
2023-10-12 08:30:00,OIL-SYN-017,3998.7,3858.8,Barail,ROTARY_DRILLING,9.29,28.9,56.4,26.24,18593.0,338.7,3801.4,99.7,1.555,127.17,1.598,35.8,0.75,
2023-10-12 09:00:00,OIL-SYN-017,4018.9,3878.2,Barail,ROTARY_DRILLING,12.48,31.02,55.0,25.42,18469.7,339.3,3746.0,97.7,1.591,128.57,1.628,51.8,2.11,
2023-10-12 09:30:00,OIL-SYN-017,4039.0,3897.6,Barail,ROTARY_DRILLING,9.59,28.46,51.9,25.24,18840.0,321.3,3595.3,99.7,1.573,129.02,1.593,43.7,0.71,
2023-10-12 10:00:00,OIL-SYN-017,4059.1,3917.1,Barail,ROTARY_DRILLING,9.77,32.53,52.2,25.93,18771.9,323.6,3706.1,100,1.529,128.75,1.556,43.9,1.47,
2023-10-12 10:30:00,OIL-SYN-017,4079.2,3936.5,Barail,ROTARY_DRILLING,8.06,29.52,54.2,24.61,19239.1,325.3,3802.6,99.2,1.563,128.74,1.606,46.8,2.18,
2023-10-12 11:00:00,OIL-SYN-017,4099.4,3955.9,Barail,ROTARY_DRILLING,12.67,29.87,50.3,25.47,19234.5,342.2,3587.3,98.8,1.58,128.0,1.62,43.3,0.94,
2023-10-12 11:30:00,OIL-SYN-017,4119.5,3975.3,Barail,ROTARY_DRILLING,13.07,30.26,54.7,24.45,19138.5,341.2,3663.3,98.2,1.573,127.27,1.609,40.4,2.15,
2023-10-12 12:00:00,OIL-SYN-017,4139.6,3994.7,Barail,ROTARY_DRILLING,11.64,28.34,58.6,23.6,18708.8,333.0,3677.7,99.6,1.596,128.22,1.607,37.1,1.71,
2023-10-12 12:30:00,OIL-SYN-017,4159.7,4014.2,Barail,ROTARY_DRILLING,8.77,31.31,50,26.01,19068.5,333.2,3713.6,100,1.572,128.53,1.6,41.6,1.71,
2023-10-12 13:00:00,OIL-SYN-017,4179.9,4033.6,Barail,ROTARY_DRILLING,9.0,33.24,50,25.35,18231.4,332.4,3674.6,99.2,1.572,127.82,1.605,49.9,1.57,
2023-10-12 13:30:00,OIL-SYN-017,4200,4053.0,Barail,ROTARY_DRILLING,10.39,29.62,61.2,25.46,19141.3,351.1,3734.9,99.5,1.582,129.91,1.607,46.2,1.8,
2023-10-26 06:00:00,OIL-SYN-018,1000.0,965.0,Barail,ROTARY_DRILLING,22.61,20.4,96.9,12.13,14431.8,219.6,2928.1,99.3,1.233,128.5,1.259,44.8,1.16,
2023-10-26 06:30:00,OIL-SYN-018,1018.8,983.2,Barail,ROTARY_DRILLING,17.86,19.72,92.0,11.29,14206.2,233.4,2704.5,99.5,1.247,127.08,1.278,39.7,0.11,
2023-10-26 07:00:00,OIL-SYN-018,1037.7,1001.4,Barail,ROTARY_DRILLING,22.96,20.99,90.1,12.59,14704.3,226.0,2706.0,100,1.229,128.28,1.264,44.2,0.51,
2023-10-26 07:30:00,OIL-SYN-018,1056.5,1019.5,Barail,ROTARY_DRILLING,18.75,23.09,93.9,10.66,14765.0,242.1,2822.2,100,1.246,129.42,1.259,49.0,0.75,
2023-10-26 08:00:00,OIL-SYN-018,1075.3,1037.7,Barail,ROTARY_DRILLING,16.24,21.94,85.9,14.21,14285.2,224.8,2828.7,98.6,1.248,128.86,1.275,52.6,0.43,
2023-10-26 08:30:00,OIL-SYN-018,1094.2,1055.9,Barail,ROTARY_DRILLING,21.71,21.07,87.8,11.62,14519.1,235.2,2946.5,98.3,1.222,129.75,1.262,44.5,0.33,
2023-10-26 09:00:00,OIL-SYN-018,1113.0,1074.1,Barail,ROTARY_DRILLING,12.71,21.81,105.4,10.92,13644.8,231.3,2816.8,99.0,1.267,128.32,1.278,55.4,2.72,
2023-10-26 09:30:00,OIL-SYN-018,1131.9,1092.2,Barail,ROTARY_DRILLING,16.09,20.32,82.0,14.13,14124.8,223.0,2848.7,99.8,1.24,128.98,1.273,43.8,4.02,
2023-10-26 10:00:00,OIL-SYN-018,1150.7,1110.4,Barail,ROTARY_DRILLING,15.69,22.44,104.0,14.11,14774.7,226.4,2751.4,100,1.226,126.37,1.266,34.5,1.79,
2023-10-26 10:30:00,OIL-SYN-018,1169.5,1128.6,Barail,ROTARY_DRILLING,18.01,21.94,78.7,11.43,14148.4,224.6,2895.9,99.7,1.252,127.68,1.276,36.2,3.35,
2023-10-26 11:00:00,OIL-SYN-018,1188.4,1146.8,Barail,ROTARY_DRILLING,18.97,19.1,104.0,13.41,13928.8,238.7,2913.5,99.6,1.258,129.28,1.3,53.2,0.64,
2023-10-26 11:30:00,OIL-SYN-018,1207.2,1164.9,Barail,ROTARY_DRILLING,17.29,18.73,96.7,14.08,14001.8,244.1,2852.6,98.5,1.253,127.78,1.278,40.8,2.0,
2023-10-26 12:00:00,OIL-SYN-018,1226.0,1183.1,Barail,ROTARY_DRILLING,19.89,23.22,90.9,15.13,14775.9,243.0,2933.0,98.2,1.222,128.62,1.237,43.5,1.45,
2023-10-26 12:30:00,OIL-SYN-018,1244.9,1201.3,Barail,ROTARY_DRILLING,15.16,20.21,90.4,13.0,14121.6,239.7,2872.7,99.3,1.27,128.68,1.309,43.0,1.04,
2023-10-26 13:00:00,OIL-SYN-018,1263.7,1219.5,Barail,ROTARY_DRILLING,16.53,21.54,84.2,14.22,14523.6,252.4,2917.3,98.3,1.281,129.16,1.297,48.9,0.99,
2023-10-26 13:30:00,OIL-SYN-018,1282.5,1237.7,Barail,ROTARY_DRILLING,14.7,18.56,87.4,11.08,13994.0,221.0,3011.9,99.0,1.256,128.67,1.291,42.4,1.47,
2023-10-26 14:00:00,OIL-SYN-018,1301.4,1255.8,Barail,ROTARY_DRILLING,17.32,23.27,95.0,14.71,14520.1,218.8,2828.5,99.7,1.274,127.87,1.293,46.9,1.32,
2023-10-26 14:30:00,OIL-SYN-018,1320.2,1274.0,Barail,ROTARY_DRILLING,22.15,21.44,95.8,13.88,14644.7,234.9,2944.5,99.0,1.28,128.02,1.31,48.4,1.69,
2023-10-26 15:00:00,OIL-SYN-018,1339.1,1292.2,Barail,ROTARY_DRILLING,16.1,21.34,88.1,13.75,14498.2,237.1,2911.6,99.4,1.257,129.31,1.289,36.6,1.07,
2023-10-26 15:30:00,OIL-SYN-018,1357.9,1310.4,Barail,ROTARY_DRILLING,18.59,22.18,92.1,14.1,14945.6,241.6,2958.2,99.2,1.263,126.52,1.295,42.8,1.84,
2023-10-26 16:00:00,OIL-SYN-018,1376.7,1328.5,Barail,ROTARY_DRILLING,22.76,25.01,95.8,13.85,15515.8,233.4,3098.8,98.8,1.286,127.3,1.311,50.9,1.49,
2023-10-26 16:30:00,OIL-SYN-018,1395.6,1346.7,Barail,ROTARY_DRILLING,15.59,26.97,88.4,12.8,14486.0,240.9,3054.2,99.8,1.296,127.12,1.335,53.2,1.47,
2023-10-26 17:00:00,OIL-SYN-018,1414.4,1364.9,Tipam,ROTARY_DRILLING,16.71,21.15,87.3,13.37,14979.5,240.4,3046.1,99.4,1.268,128.25,1.31,50.8,1.14,
2023-10-26 17:30:00,OIL-SYN-018,1433.2,1383.1,Tipam,ROTARY_DRILLING,15.52,22.01,90.5,12.59,14331.6,234.5,2870.1,97.5,1.3,127.97,1.325,53.1,1.49,
2023-10-26 18:00:00,OIL-SYN-018,1452.1,1401.3,Tipam,ROTARY_DRILLING,19.81,22.78,103.7,15.35,14388.7,243.0,3002.3,99.3,1.305,128.29,1.348,30.6,2.21,
2023-10-26 18:30:00,OIL-SYN-018,1470.9,1419.4,Tipam,ROTARY_DRILLING,14.29,17.44,80.4,15.75,14589.6,239.0,3101.3,99.4,1.281,128.49,1.318,39.8,0.48,
2023-10-26 19:00:00,OIL-SYN-018,1489.7,1437.6,Tipam,ROTARY_DRILLING,17.81,21.68,89.8,14.88,15239.2,243.7,2961.7,97.6,1.277,127.76,1.3,50.3,2.99,
2023-10-26 19:30:00,OIL-SYN-018,1508.6,1455.8,Tipam,ROTARY_DRILLING,16.2,19.77,82.8,10.1,14722.8,249.8,2907.3,98.2,1.31,128.86,1.342,41.5,2.0,
2023-10-26 20:00:00,OIL-SYN-018,1527.4,1474.0,Tipam,ROTARY_DRILLING,14.3,21.98,75.0,14.46,14980.7,237.4,2983.6,98.0,1.282,127.56,1.294,41.4,2.04,
2023-10-26 20:30:00,OIL-SYN-018,1546.3,1492.1,Tipam,ROTARY_DRILLING,17.0,20.4,59.2,13.81,15005.3,248.9,3119.7,99.2,1.308,128.66,1.336,50.8,1.7,
2023-10-26 21:00:00,OIL-SYN-018,1565.1,1510.3,Tipam,ROTARY_DRILLING,18.49,22.16,85.7,14.31,15208.0,228.4,3040.9,98.9,1.295,127.17,1.316,46.8,2.52,
2023-10-26 21:30:00,OIL-SYN-018,1583.9,1528.5,Tipam,ROTARY_DRILLING,15.72,20.52,74.3,13.75,14802.0,239.8,3135.5,99.7,1.32,127.31,1.332,42.9,0,
2023-10-26 22:00:00,OIL-SYN-018,1602.8,1546.7,Tipam,ROTARY_DRILLING,13.17,23.53,85.5,16.18,14941.5,252.5,3014.9,99.1,1.314,129.06,1.351,46.4,1.4,
2023-10-26 22:30:00,OIL-SYN-018,1621.6,1564.8,Tipam,ROTARY_DRILLING,13.0,21.19,80.1,14.11,14711.5,244.3,3111.1,100,1.314,127.8,1.346,47.0,1.73,
2023-10-26 23:00:00,OIL-SYN-018,1640.4,1583.0,Tipam,ROTARY_DRILLING,17.97,25.77,95.1,15.54,15613.8,253.0,3025.1,99.8,1.312,128.63,1.339,48.7,1.87,
2023-10-26 23:30:00,OIL-SYN-018,1659.3,1601.2,Tipam,ROTARY_DRILLING,15.44,26.67,86.8,16.33,15601.8,241.3,3018.0,99.7,1.323,128.04,1.347,47.4,1.9,
2023-10-27 00:00:00,OIL-SYN-018,1678.1,1619.4,Tipam,ROTARY_DRILLING,20.24,21.67,83.6,12.52,15070.6,244.8,3077.3,99.0,1.301,127.9,1.334,42.4,2.4,
2023-10-27 00:30:00,OIL-SYN-018,1696.9,1637.6,Tipam,ROTARY_DRILLING,18.14,23.34,73.1,13.21,15146.9,245.2,3034.5,100,1.302,127.67,1.338,48.4,1.72,
2023-10-27 01:00:00,OIL-SYN-018,1715.8,1655.7,Tipam,ROTARY_DRILLING,14.57,27.47,92.0,16.96,15754.5,264.9,2966.0,97.9,1.291,127.86,1.317,46.4,1.58,
2023-10-27 01:30:00,OIL-SYN-018,1734.6,1673.9,Tipam,ROTARY_DRILLING,15.53,22.42,69.3,14.89,15266.2,262.2,3053.6,99.2,1.309,128.87,1.32,49.9,1.41,
2023-10-27 02:00:00,OIL-SYN-018,1753.5,1692.1,Tipam,ROTARY_DRILLING,15.86,26.43,81.5,15.6,16016.6,254.1,3063.4,99.9,1.312,126.36,1.347,45.8,3.34,
2023-10-27 02:30:00,OIL-SYN-018,1772.3,1710.3,Tipam,ROTARY_DRILLING,11.69,21.76,79.1,13.9,15121.2,244.2,3110.7,98.5,1.32,128.92,1.331,52.1,2.6,
2023-10-27 03:00:00,OIL-SYN-018,1791.1,1728.4,Tipam,ROTARY_DRILLING,13.99,23.03,83.2,16.74,15377.8,259.9,2991.8,99.2,1.313,129.16,1.328,58.2,2.48,
2023-10-27 03:30:00,OIL-SYN-018,1810.0,1746.6,Tipam,ROTARY_DRILLING,14.15,24.66,87.5,17.35,16400.4,249.6,2982.1,100.0,1.312,127.62,1.336,43.3,4.04,
2023-10-27 04:00:00,OIL-SYN-018,1828.8,1764.8,Tipam,ROTARY_DRILLING,15.97,25.29,92.3,14.28,15805.4,247.7,3006.4,97.8,1.339,128.34,1.365,43.8,1.93,
2023-10-27 04:30:00,OIL-SYN-018,1847.6,1783.0,Tipam,ROTARY_DRILLING,16.52,25.22,85.2,17.27,16012.0,253.5,2976.1,99.1,1.329,126.47,1.364,49.8,2.04,
2023-10-27 05:00:00,OIL-SYN-018,1866.5,1801.2,Tipam,ROTARY_DRILLING,10.94,19.52,86.8,16.46,15307.3,254.5,2910.7,99.2,1.348,127.85,1.362,45.4,2.77,
2023-10-27 05:30:00,OIL-SYN-018,1885.3,1819.3,Tipam,ROTARY_DRILLING,18.41,26.89,76.0,16.54,15435.3,245.8,3149.3,99.6,1.323,127.74,1.342,47.8,2.49,
2023-10-27 06:00:00,OIL-SYN-018,1904.2,1837.5,Tipam,ROTARY_DRILLING,19.51,23.18,68.9,15.75,15957.0,274.4,3175.0,99.2,1.358,127.72,1.393,44.7,2.28,
2023-10-27 06:30:00,OIL-SYN-018,1923.0,1855.7,Tipam,ROTARY_DRILLING,15.68,19.21,79.2,15.55,15525.2,253.0,3104.0,97.4,1.34,130.51,1.351,44.6,1.29,
2023-10-27 07:00:00,OIL-SYN-018,1941.8,1873.9,Tipam,ROTARY_DRILLING,9.93,22.87,72.1,15.22,15022.7,239.1,3113.1,99.4,1.34,129.07,1.369,45.5,1.67,
2023-10-27 07:30:00,OIL-SYN-018,1960.7,1892.0,Tipam,ROTARY_DRILLING,13.0,20.57,81.2,17.42,15789.0,266.7,3030.3,98.3,1.33,127.02,1.341,47.3,1.25,
2023-10-27 08:00:00,OIL-SYN-018,1979.5,1910.2,Tipam,ROTARY_DRILLING,17.32,23.57,73.7,17.7,14839.2,255.9,3038.2,100,1.344,128.65,1.366,45.1,3.54,
2023-10-27 08:30:00,OIL-SYN-018,1998.3,1928.4,Tipam,ROTARY_DRILLING,16.71,20.12,68.3,17.86,14911.1,269.6,3202.9,98.4,1.353,127.32,1.397,45.8,1.33,
2023-10-27 09:00:00,OIL-SYN-018,2017.2,1946.6,Tipam,ROTARY_DRILLING,16.83,22.44,73.4,17.44,15863.1,271.9,3099.2,99.3,1.353,125.33,1.383,44.6,1.09,
2023-10-27 09:30:00,OIL-SYN-018,2036.0,1964.7,Tipam,ROTARY_DRILLING,15.66,24.13,75.8,16.14,15037.4,258.6,3207.4,98.5,1.337,128.12,1.373,48.1,1.96,
2023-10-27 10:00:00,OIL-SYN-018,2054.8,1982.9,Girujan,ROTARY_DRILLING,12.69,23.87,72.4,16.77,15638.3,250.6,3157.9,98.8,1.353,126.53,1.394,74.1,1.69,
2023-10-27 10:30:00,OIL-SYN-018,2073.7,2001.1,Girujan,ROTARY_DRILLING,12.0,25.13,79.2,17.1,16241.7,263.5,3219.6,98.2,1.368,127.16,1.379,69.6,1.9,
2023-10-27 11:00:00,OIL-SYN-018,2092.5,2019.3,Girujan,ROTARY_DRILLING,11.67,24.08,80.8,15.97,15589.2,273.9,3054.0,100,1.356,129.05,1.386,81.9,2.74,
2023-10-27 11:30:00,OIL-SYN-018,2111.4,2037.5,Girujan,ROTARY_DRILLING,13.9,25.57,82.4,17.57,15796.2,267.4,3139.2,99.0,1.344,127.21,1.371,74.2,0.88,
2023-10-27 12:00:00,OIL-SYN-018,2130.2,2055.6,Girujan,ROTARY_DRILLING,14.41,21.43,89.5,15.88,15836.5,257.4,3035.7,98.4,1.374,128.71,1.393,84.0,2.3,
2023-10-27 12:30:00,OIL-SYN-018,2149.0,2073.8,Girujan,ROTARY_DRILLING,15.12,25.92,75.8,17.25,15567.2,265.0,3202.6,98.9,1.359,126.5,1.382,66.6,2.21,
2023-10-27 13:00:00,OIL-SYN-018,2167.9,2092.0,Girujan,ROTARY_DRILLING,13.83,25.06,85.7,16.55,15706.4,254.0,3224.5,99.1,1.339,128.5,1.37,74.8,2.79,
2023-10-27 13:30:00,OIL-SYN-018,2186.7,2110.2,Girujan,ROTARY_DRILLING,19.35,25.61,88.0,15.91,15954.2,262.4,3201.3,98.9,1.353,127.51,1.391,77.6,2.05,
2023-10-27 14:00:00,OIL-SYN-018,2205.5,2128.3,Girujan,ROTARY_DRILLING,15.02,29.2,72.1,16.25,16118.5,259.3,3140.8,100,1.329,128.4,1.35,72.2,3.06,
2023-10-27 14:30:00,OIL-SYN-018,2224.4,2146.5,Girujan,ROTARY_DRILLING,14.8,27.98,58.2,15.94,15952.8,274.5,3156.9,98.9,1.359,128.06,1.384,69.0,1.19,
2023-10-27 15:00:00,OIL-SYN-018,2243.2,2164.7,Girujan,ROTARY_DRILLING,12.84,26.96,77.8,17.23,16061.0,246.8,3211.2,98.9,1.36,128.01,1.38,74.6,1.78,
2023-10-27 15:30:00,OIL-SYN-018,2262.0,2182.9,Girujan,ROTARY_DRILLING,12.87,27.8,65.6,15.91,16430.2,264.6,3257.1,99.4,1.377,127.58,1.41,72.0,1.89,
2023-10-27 16:00:00,OIL-SYN-018,2280.9,2201.0,Girujan,ROTARY_DRILLING,11.32,28.13,74.4,18.1,16836.9,264.5,3140.9,98.7,1.376,128.44,1.416,71.6,2.29,
2023-10-27 16:30:00,OIL-SYN-018,2299.7,2219.2,Girujan,ROTARY_DRILLING,14.74,24.29,70.9,16.9,16370.5,274.9,3222.3,99.9,1.39,127.63,1.433,68.7,2.23,
2023-10-27 17:00:00,OIL-SYN-018,2318.6,2237.4,Girujan,ROTARY_DRILLING,18.52,25.09,65.2,17.73,16369.7,267.6,3149.2,96.9,1.382,127.27,1.422,73.2,0.83,
2023-10-27 17:30:00,OIL-SYN-018,2337.4,2255.6,Girujan,ROTARY_DRILLING,17.58,27.6,70.1,16.08,15775.6,269.0,3257.0,100,1.367,128.88,1.395,67.2,1.4,
2023-10-27 18:00:00,OIL-SYN-018,2356.2,2273.8,Girujan,ROTARY_DRILLING,10.59,25.9,69.4,18.44,16610.9,285.3,3076.5,100,1.41,129.92,1.424,71.5,2.71,
2023-10-27 18:30:00,OIL-SYN-018,2375.1,2291.9,Girujan,ROTARY_DRILLING,14.18,21.71,83.9,19.72,16305.5,277.0,3074.6,99.5,1.394,129.39,1.421,74.2,2.17,
2023-10-27 19:00:00,OIL-SYN-018,2393.9,2310.1,Girujan,ROTARY_DRILLING,10.02,26.04,76.3,16.64,16224.9,261.7,3183.1,99.0,1.374,126.17,1.393,68.4,2.23,
2023-10-27 19:30:00,OIL-SYN-018,2412.7,2328.3,Girujan,ROTARY_DRILLING,15.9,23.55,69.5,20.21,16404.4,281.3,3075.3,98.9,1.367,128.25,1.401,82.2,1.04,
2023-10-27 20:00:00,OIL-SYN-018,2431.6,2346.5,Girujan,ROTARY_DRILLING,13.21,21.88,75.9,19.11,15930.9,271.0,3180.4,98.1,1.389,129.59,1.4,64.3,0.95,
2023-10-27 20:30:00,OIL-SYN-018,2450.4,2364.6,Girujan,ROTARY_DRILLING,13.44,21.16,71.9,18.75,15901.3,276.1,3282.7,99.8,1.377,127.27,1.412,80.7,2.27,
2023-10-27 21:00:00,OIL-SYN-018,2469.2,2382.8,Girujan,ROTARY_DRILLING,11.2,24.04,84.2,17.29,16712.7,273.1,3289.8,98.6,1.402,128.17,1.446,68.0,0.8,
2023-10-27 21:30:00,OIL-SYN-018,2488.1,2401.0,Girujan,ROTARY_DRILLING,13.15,24.61,79.1,21.0,15918.4,277.3,3158.0,99.7,1.383,126.55,1.411,65.3,2.37,
2023-10-27 22:00:00,OIL-SYN-018,2506.9,2419.2,Girujan,NPT,0,23.82,74.4,19.21,16796.8,275.7,3243.1,99.6,1.385,128.19,1.42,78.6,3.09,NPT
2023-10-27 22:30:00,OIL-SYN-018,2525.8,2437.4,Girujan,NPT,0,24.68,67.7,17.36,16417.7,276.0,3125.4,100,1.408,127.21,1.448,70.2,1.59,NPT
2023-10-27 23:00:00,OIL-SYN-018,2544.6,2455.5,Girujan,NPT,0,23.02,70.1,20.02,16985.1,270.8,3104.4,99.2,1.376,128.66,1.387,69.5,2.41,NPT
2023-10-27 23:30:00,OIL-SYN-018,2563.4,2473.7,Lakwa,NPT,0,26.66,63.1,18.76,16495.7,263.4,3196.4,98.6,1.412,126.98,1.446,45.8,4.61,NPT
2023-10-28 00:00:00,OIL-SYN-018,2582.3,2491.9,Lakwa,NPT,0,25.62,84.2,17.87,16492.0,283.2,3250.5,99.1,1.422,129.37,1.451,51.8,4.89,NPT
2023-10-28 00:30:00,OIL-SYN-018,2601.1,2510.1,Lakwa,NPT,0,27.51,76.7,17.97,16286.9,288.0,3331.3,99.2,1.395,129.23,1.409,52.2,4.49,NPT
2023-10-28 01:00:00,OIL-SYN-018,2619.9,2528.2,Lakwa,NPT,0,27.08,65.3,20.09,16550.2,290.9,3296.0,100,1.405,127.93,1.434,48.8,4.07,NPT
2023-10-28 01:30:00,OIL-SYN-018,2638.8,2546.4,Lakwa,NPT,0,26.06,75.8,18.45,16219.2,282.9,3300.5,98.5,1.416,127.87,1.432,47.0,3.73,NPT
2023-10-28 02:00:00,OIL-SYN-018,2657.6,2564.6,Lakwa,ROTARY_DRILLING,11.17,21.8,73.0,20.0,17242.7,290.9,3326.4,98.6,1.432,127.83,1.476,56.9,4.78,
2023-10-28 02:30:00,OIL-SYN-018,2676.4,2582.8,Lakwa,ROTARY_DRILLING,12.52,22.66,66.8,20.04,17015.4,279.1,3206.7,98.7,1.423,129.2,1.445,46.1,5.16,
2023-10-28 03:00:00,OIL-SYN-018,2695.3,2600.9,Lakwa,ROTARY_DRILLING,14.46,25.94,77.2,19.65,16386.4,283.5,3353.0,98.6,1.442,127.5,1.477,43.9,3.76,
2023-10-28 03:30:00,OIL-SYN-018,2714.1,2619.1,Lakwa,ROTARY_DRILLING,16.51,24.26,76.2,23.82,16570.9,300.9,3268.7,98.9,1.452,129.16,1.463,41.8,2.47,
2023-10-28 04:00:00,OIL-SYN-018,2733.0,2637.3,Lakwa,ROTARY_DRILLING,12.03,23.52,75.7,17.89,16594.2,271.6,3106.2,99.3,1.414,127.36,1.446,40.8,4.66,
2023-10-28 04:30:00,OIL-SYN-018,2751.8,2655.5,Lakwa,ROTARY_DRILLING,10.17,27.78,68.5,21.24,16371.3,285.2,3250.1,100,1.436,127.07,1.454,51.9,3.27,
2023-10-28 05:00:00,OIL-SYN-018,2770.6,2673.7,Lakwa,ROTARY_DRILLING,12.19,27.75,77.0,19.33,17243.0,270.1,3258.8,98.1,1.406,128.66,1.434,37.7,2.43,
2023-10-28 05:30:00,OIL-SYN-018,2789.5,2691.8,Lakwa,ROTARY_DRILLING,9.5,20.57,74.3,20.95,16898.5,288.3,3356.0,99.4,1.433,129.05,1.45,45.7,5.14,
2023-10-28 06:00:00,OIL-SYN-018,2808.3,2710.0,Lakwa,ROTARY_DRILLING,13.98,27.39,60.7,19.54,16614.3,299.0,3167.0,100,1.425,130.49,1.445,44.5,4.14,
2023-10-28 06:30:00,OIL-SYN-018,2827.1,2728.2,Lakwa,ROTARY_DRILLING,15.75,25.0,67.3,22.53,17077.3,288.2,3245.5,99.1,1.428,128.31,1.464,48.4,3.03,
2023-10-28 07:00:00,OIL-SYN-018,2846.0,2746.4,Lakwa,ROTARY_DRILLING,14.27,20.98,71.9,18.84,17406.6,290.5,3282.6,99.0,1.425,126.86,1.465,50.3,5.17,
2023-10-28 07:30:00,OIL-SYN-018,2864.8,2764.5,Lakwa,ROTARY_DRILLING,8.24,23.75,63.6,16.63,17050.0,285.3,3406.9,76.5,1.439,119.82,1.477,48.9,3.19,MUD_LOSS
2023-10-28 08:00:00,OIL-SYN-018,2883.6,2782.7,Lakwa,ROTARY_DRILLING,11.68,25.52,75.8,20.27,17109.1,278.4,3355.6,89.0,1.423,122.41,1.465,49.3,5.07,MUD_LOSS
2023-10-28 08:30:00,OIL-SYN-018,2902.5,2800.9,Lakwa,ROTARY_DRILLING,13.38,19.55,62.6,20.87,16855.7,276.5,3355.1,87.0,1.45,124.99,1.493,44.1,4.13,MUD_LOSS
2023-10-28 09:00:00,OIL-SYN-018,2921.3,2819.1,Lakwa,ROTARY_DRILLING,12.58,23.54,61.3,20.48,18404.0,277.2,3409.3,86.6,1.441,121.49,1.461,51.5,4.89,MUD_LOSS
2023-10-28 09:30:00,OIL-SYN-018,2940.2,2837.3,Lakwa,ROTARY_DRILLING,9.79,23.49,65.1,22.58,17257.7,288.5,3232.5,85.3,1.453,119.05,1.465,46.3,4.51,MUD_LOSS
2023-10-28 10:00:00,OIL-SYN-018,2959.0,2855.4,Lakwa,ROTARY_DRILLING,13.81,27.23,82.2,22.7,17547.0,283.5,3274.2,90.4,1.436,123.95,1.469,36.0,5.52,MUD_LOSS
2023-10-28 10:30:00,OIL-SYN-018,2977.8,2873.6,Lakwa,ROTARY_DRILLING,10.45,26.23,68.8,20.75,17304.3,273.8,3381.5,73.1,1.464,122.16,1.495,47.6,3.86,MUD_LOSS
2023-10-28 11:00:00,OIL-SYN-018,2996.7,2891.8,Lakwa,ROTARY_DRILLING,12.47,24.27,50,21.36,17128.0,279.9,3419.3,98.3,1.447,128.4,1.482,52.8,4.58,
2023-10-28 11:30:00,OIL-SYN-018,3015.5,2910.0,Lakwa,ROTARY_DRILLING,14.64,25.38,61.2,19.75,16867.6,290.4,3345.9,100,1.433,126.66,1.452,42.8,3.65,
2023-10-28 12:00:00,OIL-SYN-018,3034.3,2928.1,Lakwa,ROTARY_DRILLING,13.91,26.68,71.6,18.9,17377.1,290.4,3430.0,97.0,1.442,126.92,1.474,54.3,4.77,
2023-10-28 12:30:00,OIL-SYN-018,3053.2,2946.3,Lakwa,ROTARY_DRILLING,14.16,25.02,70.8,22.71,16708.6,299.7,3374.6,99.7,1.473,127.88,1.489,44.3,4.43,
2023-10-28 13:00:00,OIL-SYN-018,3072.0,2964.5,Lakwa,ROTARY_DRILLING,17.03,23.12,53.2,21.14,17564.6,300.5,3371.6,98.9,1.452,128.52,1.471,45.1,4.64,
2023-10-28 13:30:00,OIL-SYN-018,3090.8,2982.7,Lakwa,ROTARY_DRILLING,11.81,29.83,61.1,20.39,17595.8,311.6,3455.0,99.9,1.469,128.16,1.512,35.3,3.43,
2023-10-28 14:00:00,OIL-SYN-018,3109.7,3000.8,Lakwa,ROTARY_DRILLING,9.06,30.26,65.2,18.48,17233.1,305.4,3421.6,99.0,1.48,127.9,1.522,47.2,5.5,
2023-10-28 14:30:00,OIL-SYN-018,3128.5,3019.0,Lakwa,ROTARY_DRILLING,18.76,25.5,69.8,20.1,17483.4,301.4,3261.0,98.2,1.455,126.37,1.476,53.3,5.31,
2023-10-28 15:00:00,OIL-SYN-018,3147.4,3037.2,Lakwa,ROTARY_DRILLING,9.65,27.04,72.3,20.66,17617.7,312.4,3361.4,99.5,1.496,128.65,1.539,44.2,5.09,
2023-10-28 15:30:00,OIL-SYN-018,3166.2,3055.4,Lakwa,ROTARY_DRILLING,14.0,28.94,63.6,19.79,17222.0,295.7,3455.6,97.8,1.478,126.38,1.496,50.1,4.95,
2023-10-28 16:00:00,OIL-SYN-018,3185.0,3073.6,Lakwa,ROTARY_DRILLING,13.52,28.7,52.2,18.29,17839.1,298.9,3415.7,98.7,1.501,127.56,1.514,43.7,5.16,
2023-10-28 16:30:00,OIL-SYN-018,3203.9,3091.7,Nahorkatiya Sand,ROTARY_DRILLING,11.23,30.32,58.1,19.37,17431.0,324.4,3326.6,99.5,1.469,128.99,1.489,51.3,2.13,
2023-10-28 17:00:00,OIL-SYN-018,3222.7,3109.9,Nahorkatiya Sand,ROTARY_DRILLING,9.4,27.51,55.0,20.59,17928.6,305.3,3502.7,99.0,1.48,127.87,1.525,33.3,0.63,
2023-10-28 17:30:00,OIL-SYN-018,3241.5,3128.1,Nahorkatiya Sand,ROTARY_DRILLING,11.72,28.2,55.5,21.36,17849.6,291.6,3473.1,99.9,1.426,126.6,1.442,39.4,1.49,
2023-10-28 18:00:00,OIL-SYN-018,3260.4,3146.3,Nahorkatiya Sand,ROTARY_DRILLING,13.26,25.42,58.9,23.95,18303.0,300.6,3412.3,99.5,1.466,127.84,1.494,44.1,2.63,
2023-10-28 18:30:00,OIL-SYN-018,3279.2,3164.4,Nahorkatiya Sand,ROTARY_DRILLING,14.03,32.58,59.7,21.62,17871.4,292.7,3311.6,99.8,1.496,129.42,1.508,47.3,2.99,
2023-10-28 19:00:00,OIL-SYN-018,3298.1,3182.6,Nahorkatiya Sand,ROTARY_DRILLING,10.14,31.72,69.2,19.71,18222.2,303.2,3460.2,100,1.475,128.08,1.486,48.2,0.34,
2023-10-28 19:30:00,OIL-SYN-018,3316.9,3200.8,Nahorkatiya Sand,ROTARY_DRILLING,5.85,29.5,65.6,21.61,18364.6,316.1,3432.7,99.0,1.501,128.53,1.541,45.0,1.68,
2023-10-28 20:00:00,OIL-SYN-018,3335.7,3219.0,Nahorkatiya Sand,ROTARY_DRILLING,11.97,24.49,54.2,20.95,17067.0,313.6,3373.7,98.4,1.483,126.45,1.527,47.3,1.66,
2023-10-28 20:30:00,OIL-SYN-018,3354.6,3237.2,Nahorkatiya Sand,ROTARY_DRILLING,14.52,27.96,59.5,21.89,17883.2,298.1,3441.4,98.8,1.512,128.0,1.534,49.5,2.61,
2023-10-28 21:00:00,OIL-SYN-018,3373.4,3255.3,Nahorkatiya Sand,ROTARY_DRILLING,3.25,25.8,78.1,54.4,18106.7,336.9,3436.2,100,1.496,128.22,1.518,46.7,1.34,STUCK_PIPE
2023-10-28 21:30:00,OIL-SYN-018,3392.2,3273.5,Nahorkatiya Sand,ROTARY_DRILLING,1.45,24.97,60.1,48.75,18329.0,355.0,3466.0,99.5,1.482,126.9,1.516,45.7,1.58,STUCK_PIPE
2023-10-28 22:00:00,OIL-SYN-018,3411.1,3291.7,Nahorkatiya Sand,ROTARY_DRILLING,3.24,26.33,60.0,43.64,17598.4,341.3,3309.5,98.4,1.501,129.42,1.528,43.4,1.52,STUCK_PIPE
2023-10-28 22:30:00,OIL-SYN-018,3429.9,3309.9,Nahorkatiya Sand,ROTARY_DRILLING,3.64,25.47,63.4,38.25,17746.4,342.4,3543.4,98.2,1.517,127.86,1.56,46.8,2.33,STUCK_PIPE
2023-10-28 23:00:00,OIL-SYN-018,3448.7,3328.0,Nahorkatiya Sand,ROTARY_DRILLING,3.33,28.38,64.5,41.65,17840.7,339.3,3461.4,99.5,1.508,127.74,1.542,50.9,2.16,STUCK_PIPE
2023-10-28 23:30:00,OIL-SYN-018,3467.6,3346.2,Nahorkatiya Sand,ROTARY_DRILLING,3.27,30.11,54.3,40.18,18103.7,322.9,3411.9,98.0,1.514,128.87,1.539,49.1,1.36,STUCK_PIPE
2023-10-29 00:00:00,OIL-SYN-018,3486.4,3364.4,Nahorkatiya Sand,ROTARY_DRILLING,3.45,27.99,58.4,52.12,17817.1,330.3,3438.8,97.7,1.492,128.2,1.504,44.3,2.95,STUCK_PIPE
2023-10-29 00:30:00,OIL-SYN-018,3505.3,3382.6,Nahorkatiya Sand,ROTARY_DRILLING,3.59,27.88,57.2,42.97,17509.6,338.5,3568.2,99.2,1.515,129.24,1.533,42.5,2.79,STUCK_PIPE
2023-10-29 01:00:00,OIL-SYN-018,3524.1,3400.7,Nahorkatiya Sand,ROTARY_DRILLING,12.69,27.09,76.2,22.97,18039.9,305.3,3437.8,97.8,1.513,127.61,1.553,39.3,2.45,
2023-10-29 01:30:00,OIL-SYN-018,3542.9,3418.9,Nahorkatiya Sand,ROTARY_DRILLING,5.54,30.79,50,20.81,17758.4,311.4,3657.3,99.5,1.524,128.47,1.555,48.0,2.28,
2023-10-29 02:00:00,OIL-SYN-018,3561.8,3437.1,Nahorkatiya Sand,ROTARY_DRILLING,12.84,23.97,56.9,22.04,17873.2,325.0,3432.6,97.8,1.505,127.8,1.533,34.9,1.74,
2023-10-29 02:30:00,OIL-SYN-018,3580.6,3455.3,Nahorkatiya Sand,ROTARY_DRILLING,9.57,25.82,65.7,22.65,18296.0,316.5,3462.7,98.9,1.514,128.12,1.553,54.0,1.91,
2023-10-29 03:00:00,OIL-SYN-018,3599.4,3473.5,Nahorkatiya Sand,ROTARY_DRILLING,8.33,28.4,50,24.71,17309.8,308.9,3421.8,100,1.512,129.86,1.532,41.2,1.28,
2023-10-29 03:30:00,OIL-SYN-018,3618.3,3491.6,Nahorkatiya Sand,ROTARY_DRILLING,12.42,29.74,60.3,23.63,18453.7,333.3,3525.2,98.6,1.522,128.2,1.542,56.0,1.97,
2023-10-29 04:00:00,OIL-SYN-018,3637.1,3509.8,Nahorkatiya Sand,ROTARY_DRILLING,10.44,29.15,64.0,20.64,18192.9,322.2,3503.5,100.0,1.533,128.48,1.571,41.9,1.98,
2023-10-29 04:30:00,OIL-SYN-018,3655.9,3528.0,Nahorkatiya Sand,ROTARY_DRILLING,13.94,27.87,66.4,24.37,18637.2,317.7,3474.5,100,1.508,129.8,1.521,41.5,1.14,
2023-10-29 05:00:00,OIL-SYN-018,3674.8,3546.2,Nahorkatiya Sand,ROTARY_DRILLING,13.0,25.9,72.7,21.97,18150.3,308.3,3472.8,99.1,1.519,127.98,1.542,43.8,1.9,
2023-10-29 05:30:00,OIL-SYN-018,3693.6,3564.3,Nahorkatiya Sand,ROTARY_DRILLING,10.59,28.04,56.2,24.25,18236.4,319.1,3565.9,97.7,1.534,127.65,1.574,48.2,2.27,
2023-10-29 06:00:00,OIL-SYN-018,3712.5,3582.5,Barail,ROTARY_DRILLING,13.12,28.88,67.9,23.9,18261.4,307.5,3546.4,104.6,1.515,134.35,1.53,48.4,10.05,KICK
2023-10-29 06:30:00,OIL-SYN-018,3731.3,3600.7,Barail,ROTARY_DRILLING,12.93,27.32,57.8,22.91,18462.4,305.4,3501.6,105.7,1.529,138.5,1.568,45.2,9.25,KICK
2023-10-29 07:00:00,OIL-SYN-018,3750.1,3618.9,Barail,ROTARY_DRILLING,13.17,27.36,71.6,23.86,18381.8,334.0,3653.6,106.9,1.526,136.15,1.545,40.1,9.79,KICK
2023-10-29 07:30:00,OIL-SYN-018,3769.0,3637.0,Barail,ROTARY_DRILLING,11.03,29.69,62.9,22.52,18727.9,318.0,3594.6,109.6,1.529,137.29,1.571,54.2,8.51,KICK
2023-10-29 08:00:00,OIL-SYN-018,3787.8,3655.2,Barail,ROTARY_DRILLING,10.36,29.49,62.9,20.97,18919.4,323.2,3589.7,104.9,1.537,135.51,1.581,53.8,10.28,KICK
2023-10-29 08:30:00,OIL-SYN-018,3806.6,3673.4,Barail,ROTARY_DRILLING,13.49,28.72,57.8,23.1,18874.2,313.7,3555.7,106.0,1.538,136.35,1.576,44.8,8.09,KICK
2023-10-29 09:00:00,OIL-SYN-018,3825.5,3691.6,Barail,ROTARY_DRILLING,13.32,26.91,59.7,24.32,18934.0,337.0,3613.3,110.8,1.547,139.11,1.57,45.7,11.55,KICK
2023-10-29 09:30:00,OIL-SYN-018,3844.3,3709.8,Barail,ROTARY_DRILLING,10.1,30.7,50.4,24.1,18847.8,328.0,3599.5,98.6,1.531,130.24,1.555,42.9,2.74,
2023-10-29 10:00:00,OIL-SYN-018,3863.1,3727.9,Barail,ROTARY_DRILLING,8.02,24.01,50,24.99,18456.6,333.1,3449.6,99.4,1.534,127.28,1.578,45.0,1.8,
2023-10-29 10:30:00,OIL-SYN-018,3882.0,3746.1,Barail,ROTARY_DRILLING,11.63,28.18,50,24.0,18539.2,327.6,3548.4,97.6,1.568,126.6,1.58,41.2,0.05,
2023-10-29 11:00:00,OIL-SYN-018,3900.8,3764.3,Barail,ROTARY_DRILLING,12.59,26.94,63.6,23.66,18980.9,320.7,3686.2,98.7,1.531,127.48,1.558,46.5,1.89,
2023-10-29 11:30:00,OIL-SYN-018,3919.7,3782.5,Barail,ROTARY_DRILLING,8.79,30.28,63.8,24.14,18045.8,328.9,3606.4,99.2,1.529,129.34,1.54,48.6,1.74,
2023-10-29 12:00:00,OIL-SYN-018,3938.5,3800.6,Barail,ROTARY_DRILLING,11.21,25.85,55.1,25.67,18542.4,338.7,3687.7,98.1,1.537,127.9,1.579,53.7,2.37,
2023-10-29 12:30:00,OIL-SYN-018,3957.3,3818.8,Barail,ROTARY_DRILLING,11.03,20.76,58.7,23.67,19017.6,336.3,3544.9,98.4,1.559,129.67,1.579,48.2,1.78,
2023-10-29 13:00:00,OIL-SYN-018,3976.2,3837.0,Barail,ROTARY_DRILLING,12.88,29.9,61.1,24.54,19503.0,320.1,3771.4,99.3,1.539,127.83,1.573,45.2,1.45,
2023-10-29 13:30:00,OIL-SYN-018,3995,3855.2,Barail,ROTARY_DRILLING,10.68,29.39,63.0,25.14,19465.1,335.0,3674.6,98.7,1.562,126.63,1.592,43.7,2.04,
2026-09-18 06:00:00,OIL-SYN-ACTIVE-01,1000.0,965.0,Barail,ROTARY_DRILLING,15.01,18.11,93.1,13.88,14345.6,232.2,2876.1,99.4,1.254,129.54,1.284,44.8,2.49,
2026-09-18 06:30:00,OIL-SYN-ACTIVE-01,1008.5,973.2,Barail,ROTARY_DRILLING,15.16,21.65,95.1,13.16,14224.0,215.0,2892.8,98.2,1.215,127.46,1.228,42.3,1.46,
2026-09-18 07:00:00,OIL-SYN-ACTIVE-01,1017.0,981.4,Barail,ROTARY_DRILLING,20.51,19.38,90.0,13.12,14332.5,229.1,2843.3,99.1,1.229,128.47,1.259,45.5,1.71,
2026-09-18 07:30:00,OIL-SYN-ACTIVE-01,1025.5,989.6,Barail,ROTARY_DRILLING,12.8,23.45,105.2,14.54,14287.9,219.7,2874.9,99.8,1.233,126.7,1.268,33.4,0.96,
2026-09-18 08:00:00,OIL-SYN-ACTIVE-01,1034.0,997.8,Barail,ROTARY_DRILLING,15.79,24.14,90.8,12.8,14586.0,222.3,2985.5,98.8,1.241,128.89,1.282,44.6,2.46,
2026-09-18 08:30:00,OIL-SYN-ACTIVE-01,1042.5,1006.0,Barail,ROTARY_DRILLING,18.94,20.88,96.8,15.38,13821.1,230.6,2803.1,98.8,1.235,127.51,1.262,38.7,2.22,
2026-09-18 09:00:00,OIL-SYN-ACTIVE-01,1051.0,1014.2,Barail,ROTARY_DRILLING,18.45,23.0,95.8,12.04,13944.8,228.2,2824.3,98.9,1.272,128.31,1.315,47.5,1.69,
2026-09-18 09:30:00,OIL-SYN-ACTIVE-01,1059.5,1022.4,Barail,ROTARY_DRILLING,11.31,20.36,89.2,13.48,14141.3,219.2,2874.5,98.8,1.263,128.33,1.307,51.9,1.62,
2026-09-18 10:00:00,OIL-SYN-ACTIVE-01,1067.9,1030.6,Barail,ROTARY_DRILLING,16.15,23.29,81.9,13.9,13616.9,243.2,2910.1,98.1,1.231,126.85,1.27,34.5,0.24,
2026-09-18 10:30:00,OIL-SYN-ACTIVE-01,1076.4,1038.8,Barail,ROTARY_DRILLING,12.65,21.54,82.2,17.11,14152.6,217.8,2900.3,99.4,1.211,128.9,1.253,40.2,1.64,
2026-09-18 11:00:00,OIL-SYN-ACTIVE-01,1084.9,1047.0,Barail,ROTARY_DRILLING,15.73,22.42,101.8,14.55,14229.1,221.2,2956.9,98.7,1.257,128.7,1.272,47.5,2.52,
2026-09-18 11:30:00,OIL-SYN-ACTIVE-01,1093.4,1055.2,Barail,ROTARY_DRILLING,14.08,23.67,92.6,12.42,14133.3,218.2,2892.6,98.5,1.247,129.94,1.284,45.6,1.07,
2026-09-18 12:00:00,OIL-SYN-ACTIVE-01,1101.9,1063.4,Barail,ROTARY_DRILLING,13.07,20.89,88.7,12.23,14159.6,222.1,2851.7,98.7,1.225,127.56,1.253,35.5,1.77,
2026-09-18 12:30:00,OIL-SYN-ACTIVE-01,1110.4,1071.5,Barail,ROTARY_DRILLING,13.13,23.25,93.9,9.88,14311.1,217.0,2914.2,98.3,1.233,128.76,1.261,42.8,1.75,
2026-09-18 13:00:00,OIL-SYN-ACTIVE-01,1118.9,1079.7,Barail,ROTARY_DRILLING,15.84,19.88,83.1,14.78,14758.6,225.6,2882.0,99.4,1.255,127.43,1.272,45.7,1.57,
2026-09-18 13:30:00,OIL-SYN-ACTIVE-01,1127.4,1087.9,Barail,ROTARY_DRILLING,14.63,22.84,91.7,15.34,14734.2,217.2,2917.1,100,1.247,129.27,1.277,43.3,0.95,
2026-09-18 14:00:00,OIL-SYN-ACTIVE-01,1135.9,1096.1,Barail,ROTARY_DRILLING,13.36,23.27,79.9,14.22,14321.9,221.0,2900.2,98.5,1.245,128.09,1.267,48.8,2.01,
2026-09-18 14:30:00,OIL-SYN-ACTIVE-01,1144.4,1104.3,Barail,ROTARY_DRILLING,19.74,23.56,79.9,13.87,13929.8,219.9,2857.9,99.2,1.251,126.2,1.274,48.5,1.63,
2026-09-18 15:00:00,OIL-SYN-ACTIVE-01,1152.9,1112.5,Barail,ROTARY_DRILLING,15.09,17.26,102.4,13.08,15160.5,234.8,2928.8,98.5,1.248,127.32,1.289,40.3,0.89,
2026-09-18 15:30:00,OIL-SYN-ACTIVE-01,1161.4,1120.7,Barail,ROTARY_DRILLING,9.9,21.62,81.9,15.13,14661.3,242.4,2828.8,99.2,1.243,128.75,1.284,54.6,1.95,
2026-09-18 16:00:00,OIL-SYN-ACTIVE-01,1169.9,1128.9,Barail,ROTARY_DRILLING,17.99,21.75,90.9,11.94,14124.8,239.4,2861.6,99.4,1.269,127.84,1.295,51.6,1.61,
2026-09-18 16:30:00,OIL-SYN-ACTIVE-01,1178.4,1137.1,Barail,ROTARY_DRILLING,15.11,20.16,85.9,13.54,13853.4,229.7,2936.9,98.2,1.233,126.48,1.273,42.5,2.36,
2026-09-18 17:00:00,OIL-SYN-ACTIVE-01,1186.8,1145.3,Barail,ROTARY_DRILLING,16.92,20.6,85.4,11.76,14499.4,240.0,2994.0,100,1.266,127.64,1.277,35.9,2.69,
2026-09-18 17:30:00,OIL-SYN-ACTIVE-01,1195.3,1153.5,Barail,ROTARY_DRILLING,17.8,26.16,76.5,12.68,14096.9,241.7,2868.8,97.5,1.266,128.54,1.298,51.3,4.05,
2026-09-18 18:00:00,OIL-SYN-ACTIVE-01,1203.8,1161.7,Barail,ROTARY_DRILLING,16.72,18.25,85.7,13.23,14898.2,214.3,2906.0,97.2,1.239,126.74,1.258,46.1,1.86,
2026-09-18 18:30:00,OIL-SYN-ACTIVE-01,1212.3,1169.9,Barail,ROTARY_DRILLING,20.74,23.73,92.8,13.54,14498.8,229.4,3016.4,98.9,1.259,127.96,1.293,45.8,2.16,
2026-09-18 19:00:00,OIL-SYN-ACTIVE-01,1220.8,1178.1,Barail,ROTARY_DRILLING,16.39,20.39,85.5,13.1,13901.7,230.3,3114.4,99.2,1.242,127.57,1.26,44.1,2.41,
2026-09-18 19:30:00,OIL-SYN-ACTIVE-01,1229.3,1186.3,Barail,ROTARY_DRILLING,16.08,19.23,78.7,11.68,14910.6,236.2,2813.2,99.3,1.261,127.36,1.292,47.9,0.95,
2026-09-18 20:00:00,OIL-SYN-ACTIVE-01,1237.8,1194.5,Barail,ROTARY_DRILLING,11.86,23.13,86.2,15.54,14640.1,235.1,2985.7,97.7,1.244,129.14,1.257,45.3,2.71,
2026-09-18 20:30:00,OIL-SYN-ACTIVE-01,1246.3,1202.7,Barail,ROTARY_DRILLING,16.54,24.44,91.3,12.68,15049.1,238.7,3093.3,98.9,1.256,129.01,1.272,44.7,2.32,
2026-09-18 21:00:00,OIL-SYN-ACTIVE-01,1254.8,1210.9,Barail,ROTARY_DRILLING,17.27,26.21,87.0,13.43,14371.3,223.1,3026.1,98.6,1.216,126.84,1.231,57.4,0.47,
2026-09-18 21:30:00,OIL-SYN-ACTIVE-01,1263.3,1219.1,Barail,ROTARY_DRILLING,14.99,19.88,96.5,11.77,13836.2,230.0,2942.0,99.9,1.268,128.14,1.282,41.5,2.52,
2026-09-18 22:00:00,OIL-SYN-ACTIVE-01,1271.8,1227.3,Barail,ROTARY_DRILLING,16.27,18.93,95.7,15.3,14057.0,245.6,2965.0,97.8,1.237,129.18,1.267,48.1,1.89,
2026-09-18 22:30:00,OIL-SYN-ACTIVE-01,1280.3,1235.5,Barail,ROTARY_DRILLING,19.92,17.66,88.7,15.73,14320.5,228.4,2768.6,97.9,1.254,127.65,1.284,45.0,2.26,
2026-09-18 23:00:00,OIL-SYN-ACTIVE-01,1288.8,1243.7,Barail,ROTARY_DRILLING,15.42,20.2,90.9,12.62,13887.8,243.2,2888.6,98.8,1.24,126.83,1.268,47.8,0.96,
2026-09-18 23:30:00,OIL-SYN-ACTIVE-01,1297.3,1251.9,Barail,ROTARY_DRILLING,16.23,16.52,98.0,13.95,13702.7,229.8,2945.8,98.7,1.243,126.73,1.284,36.5,1.07,
2026-09-19 00:00:00,OIL-SYN-ACTIVE-01,1305.8,1260.1,Barail,ROTARY_DRILLING,19.96,20.55,82.7,14.03,14433.5,242.7,2994.5,97.6,1.252,127.11,1.265,42.6,1.17,
2026-09-19 00:30:00,OIL-SYN-ACTIVE-01,1314.2,1268.2,Barail,ROTARY_DRILLING,11.7,21.16,79.5,13.14,15009.3,247.5,2970.8,98.4,1.224,128.58,1.263,42.6,1.63,
2026-09-19 01:00:00,OIL-SYN-ACTIVE-01,1322.7,1276.4,Barail,ROTARY_DRILLING,14.84,21.96,87.7,12.3,15163.5,232.9,2966.7,98.9,1.252,128.87,1.28,53.7,1.46,
2026-09-19 01:30:00,OIL-SYN-ACTIVE-01,1331.2,1284.6,Barail,ROTARY_DRILLING,13.97,21.33,91.7,17.23,14478.4,238.4,2997.2,98.7,1.272,127.04,1.291,39.4,1.89,
2026-09-19 02:00:00,OIL-SYN-ACTIVE-01,1339.7,1292.8,Barail,ROTARY_DRILLING,13.82,18.89,84.0,13.27,15402.7,237.3,3006.2,99.1,1.267,127.57,1.305,38.5,0.69,
2026-09-19 02:30:00,OIL-SYN-ACTIVE-01,1348.2,1301.0,Barail,ROTARY_DRILLING,16.3,19.3,80.9,13.15,14763.7,233.8,2951.4,98.8,1.27,128.73,1.308,45.6,2.46,
2026-09-19 03:00:00,OIL-SYN-ACTIVE-01,1356.7,1309.2,Barail,ROTARY_DRILLING,15.87,22.71,79.2,16.58,14456.8,231.8,2857.5,99.5,1.276,129.59,1.297,41.5,2.6,
2026-09-19 03:30:00,OIL-SYN-ACTIVE-01,1365.2,1317.4,Barail,ROTARY_DRILLING,17.63,19.55,82.4,14.3,14452.6,235.2,2913.9,99.3,1.305,127.59,1.338,43.2,2.14,
2026-09-19 04:00:00,OIL-SYN-ACTIVE-01,1373.7,1325.6,Barail,ROTARY_DRILLING,14.48,16.77,96.4,14.92,14956.8,234.3,2937.6,98.0,1.244,128.59,1.257,31.9,1.17,
2026-09-19 04:30:00,OIL-SYN-ACTIVE-01,1382.2,1333.8,Barail,ROTARY_DRILLING,16.45,23.67,85.2,14.71,15003.5,224.9,2898.7,99.1,1.291,129.07,1.313,42.1,3.2,
2026-09-19 05:00:00,OIL-SYN-ACTIVE-01,1390.7,1342.0,Barail,ROTARY_DRILLING,16.41,17.92,87.9,13.98,14715.6,245.5,2972.3,100,1.279,127.08,1.307,49.6,1.16,
2026-09-19 05:30:00,OIL-SYN-ACTIVE-01,1399.2,1350.2,Barail,ROTARY_DRILLING,19.7,21.84,92.2,15.76,14853.8,237.8,2866.4,98.7,1.266,128.85,1.307,34.8,2.65,
2026-09-19 06:00:00,OIL-SYN-ACTIVE-01,1407.7,1358.4,Tipam,ROTARY_DRILLING,16.86,20.99,99.6,15.41,15266.8,242.6,2829.6,100,1.291,127.3,1.309,40.5,1.59,
2026-09-19 06:30:00,OIL-SYN-ACTIVE-01,1416.2,1366.6,Tipam,ROTARY_DRILLING,15.07,22.68,87.0,15.27,14810.2,255.7,2923.8,99.2,1.292,127.52,1.325,51.9,2.29,
2026-09-19 07:00:00,OIL-SYN-ACTIVE-01,1424.7,1374.8,Tipam,ROTARY_DRILLING,16.94,23.1,87.6,13.22,15005.7,219.5,2970.1,100,1.276,127.67,1.313,49.0,1.5,
2026-09-19 07:30:00,OIL-SYN-ACTIVE-01,1433.2,1383.0,Tipam,ROTARY_DRILLING,18.07,24.11,82.7,14.44,15158.8,260.4,3044.0,99.2,1.283,127.29,1.307,36.9,0.12,
2026-09-19 08:00:00,OIL-SYN-ACTIVE-01,1441.6,1391.2,Tipam,ROTARY_DRILLING,13.2,19.37,76.4,13.45,14097.0,240.8,2967.1,100,1.26,126.29,1.298,36.8,0.99,
2026-09-19 08:30:00,OIL-SYN-ACTIVE-01,1450.1,1399.4,Tipam,ROTARY_DRILLING,10.41,22.7,94.4,14.71,14396.5,231.5,2956.0,99.1,1.276,127.69,1.302,50.1,2.2,
2026-09-19 09:00:00,OIL-SYN-ACTIVE-01,1458.6,1407.6,Tipam,ROTARY_DRILLING,14.63,18.72,72.8,15.26,14863.3,237.1,2960.4,99.2,1.296,126.99,1.309,45.2,2.94,
2026-09-19 09:30:00,OIL-SYN-ACTIVE-01,1467.1,1415.8,Tipam,ROTARY_DRILLING,14.1,22.89,93.9,14.05,14668.2,246.0,2880.8,99.2,1.302,126.71,1.32,49.3,1.14,
2026-09-19 10:00:00,OIL-SYN-ACTIVE-01,1475.6,1424.0,Tipam,ROTARY_DRILLING,13.63,19.83,98.0,13.46,14673.7,244.0,3006.4,98.1,1.274,128.76,1.305,39.1,0.43,
2026-09-19 10:30:00,OIL-SYN-ACTIVE-01,1484.1,1432.2,Tipam,ROTARY_DRILLING,19.36,20.36,74.8,13.99,14408.2,248.6,2982.7,99.7,1.266,126.74,1.31,46.5,2.05,
2026-09-19 11:00:00,OIL-SYN-ACTIVE-01,1492.6,1440.4,Tipam,ROTARY_DRILLING,16.01,22.22,80.4,14.43,15020.1,246.4,2948.8,98.4,1.275,126.97,1.287,53.1,0.38,
2026-09-19 11:30:00,OIL-SYN-ACTIVE-01,1501.1,1448.6,Tipam,ROTARY_DRILLING,15.36,29.54,90.0,15.18,15038.8,246.2,2924.9,99.8,1.263,128.8,1.3,52.2,1.42,
2026-09-19 12:00:00,OIL-SYN-ACTIVE-01,1509.6,1456.8,Tipam,ROTARY_DRILLING,12.19,25.61,69.2,15.0,13958.6,239.1,2852.1,99.4,1.266,127.84,1.292,46.4,1.07,
2026-09-19 12:30:00,OIL-SYN-ACTIVE-01,1518.1,1464.9,Tipam,ROTARY_DRILLING,16.09,23.86,96.6,12.37,15257.8,239.1,3029.0,99.8,1.316,127.58,1.337,52.1,2.23,
2026-09-19 13:00:00,OIL-SYN-ACTIVE-01,1526.6,1473.1,Tipam,ROTARY_DRILLING,10.8,24.83,84.6,13.22,14857.8,249.4,3100.4,97.9,1.283,130.16,1.327,41.0,2.95,
2026-09-19 13:30:00,OIL-SYN-ACTIVE-01,1535.1,1481.3,Tipam,ROTARY_DRILLING,18.69,23.51,76.3,13.62,15482.9,253.2,3043.3,98.6,1.281,126.87,1.293,52.6,1.44,
2026-09-19 14:00:00,OIL-SYN-ACTIVE-01,1543.6,1489.5,Tipam,ROTARY_DRILLING,16.58,21.75,88.7,13.7,14974.8,236.9,2936.2,99.2,1.292,126.43,1.324,40.3,0.36,
2026-09-19 14:30:00,OIL-SYN-ACTIVE-01,1552.1,1497.7,Tipam,ROTARY_DRILLING,18.58,18.15,98.7,15.14,15268.2,257.7,2967.5,99.4,1.282,129.52,1.313,46.1,1.19,
2026-09-19 15:00:00,OIL-SYN-ACTIVE-01,1560.5,1505.9,Tipam,ROTARY_DRILLING,14.65,25.98,92.5,14.97,15653.2,233.5,2959.2,98.6,1.31,127.51,1.328,51.6,2.0,
2026-09-19 15:30:00,OIL-SYN-ACTIVE-01,1569.0,1514.1,Tipam,ROTARY_DRILLING,18.64,23.99,82.4,16.82,15276.1,241.0,3007.2,98.9,1.309,130.19,1.346,46.3,2.28,
2026-09-19 16:00:00,OIL-SYN-ACTIVE-01,1577.5,1522.3,Tipam,ROTARY_DRILLING,13.46,24.44,74.2,13.75,14909.9,250.9,3001.2,98.9,1.304,128.69,1.32,48.4,1.09,
2026-09-19 16:30:00,OIL-SYN-ACTIVE-01,1586.0,1530.5,Tipam,ROTARY_DRILLING,14.18,24.14,97.8,15.06,14485.6,257.4,3006.8,98.8,1.308,128.67,1.319,54.5,1.96,
2026-09-19 17:00:00,OIL-SYN-ACTIVE-01,1594.5,1538.7,Tipam,ROTARY_DRILLING,13.22,25.46,91.6,17.03,14428.6,260.9,2915.5,99.9,1.287,127.66,1.303,39.2,0,
2026-09-19 17:30:00,OIL-SYN-ACTIVE-01,1603.0,1546.9,Tipam,ROTARY_DRILLING,16.76,22.91,96.2,16.08,14667.5,245.3,2921.2,99.5,1.275,127.73,1.318,38.0,2.29,
2026-09-19 18:00:00,OIL-SYN-ACTIVE-01,1611.5,1555.1,Tipam,ROTARY_DRILLING,18.53,23.97,87.4,12.91,14647.0,238.9,2940.7,99.4,1.293,128.61,1.327,39.9,0.77,
2026-09-19 18:30:00,OIL-SYN-ACTIVE-01,1620.0,1563.3,Tipam,ROTARY_DRILLING,16.37,24.31,89.2,13.47,14559.7,245.8,3011.1,99.3,1.292,127.76,1.311,38.6,0.96,
2026-09-19 19:00:00,OIL-SYN-ACTIVE-01,1628.5,1571.5,Tipam,ROTARY_DRILLING,11.25,25.51,86.1,16.99,14560.4,255.9,3018.8,98.3,1.281,129.97,1.303,41.6,1.11,
2026-09-19 19:30:00,OIL-SYN-ACTIVE-01,1637.0,1579.7,Tipam,ROTARY_DRILLING,11.03,19.63,76.1,15.61,14680.1,243.0,3000.5,100,1.3,127.21,1.336,45.2,3.53,
2026-09-19 20:00:00,OIL-SYN-ACTIVE-01,1645.5,1587.9,Tipam,ROTARY_DRILLING,16.18,21.57,71.9,14.42,15278.2,242.8,3011.0,97.3,1.335,126.69,1.348,48.9,1.35,
2026-09-19 20:30:00,OIL-SYN-ACTIVE-01,1654.0,1596.1,Tipam,ROTARY_DRILLING,11.17,22.0,74.5,14.57,15143.0,238.5,3017.3,99.4,1.299,129.19,1.34,45.7,1.38,
2026-09-19 21:00:00,OIL-SYN-ACTIVE-01,1662.5,1604.3,Tipam,ROTARY_DRILLING,16.07,22.86,100.5,16.82,14891.8,253.0,3146.1,98.9,1.296,128.15,1.309,56.0,1.26,
2026-09-19 21:30:00,OIL-SYN-ACTIVE-01,1671.0,1612.5,Tipam,ROTARY_DRILLING,16.45,21.0,68.5,17.54,15787.6,245.7,3072.3,99.5,1.276,127.97,1.315,55.0,1.37,
2026-09-19 22:00:00,OIL-SYN-ACTIVE-01,1679.5,1620.7,Tipam,ROTARY_DRILLING,17.99,23.5,97.8,16.73,14846.0,262.7,3037.1,99.6,1.308,127.17,1.338,50.2,3.46,
2026-09-19 22:30:00,OIL-SYN-ACTIVE-01,1687.9,1628.9,Tipam,ROTARY_DRILLING,14.03,23.8,87.4,14.18,15170.8,252.6,3098.5,99.2,1.291,128.85,1.331,48.9,1.04,
2026-09-19 23:00:00,OIL-SYN-ACTIVE-01,1696.4,1637.1,Tipam,ROTARY_DRILLING,12.66,29.43,100.3,14.19,15670.5,257.5,3011.4,97.9,1.336,129.73,1.369,46.1,1.76,
2026-09-19 23:30:00,OIL-SYN-ACTIVE-01,1704.9,1645.3,Tipam,ROTARY_DRILLING,14.78,20.93,100.0,16.11,15666.1,264.6,2849.7,98.0,1.297,128.45,1.34,52.0,3.22,
2026-09-20 00:00:00,OIL-SYN-ACTIVE-01,1713.4,1653.5,Tipam,ROTARY_DRILLING,17.59,23.18,80.0,15.43,14437.4,257.6,2965.9,97.9,1.311,126.74,1.329,42.4,1.92,
2026-09-20 00:30:00,OIL-SYN-ACTIVE-01,1721.9,1661.7,Tipam,ROTARY_DRILLING,9.91,22.67,93.7,15.55,15627.9,245.8,3030.9,99.4,1.29,127.08,1.31,50.2,1.14,
2026-09-20 01:00:00,OIL-SYN-ACTIVE-01,1730.4,1669.8,Tipam,ROTARY_DRILLING,14.89,24.69,80.7,14.09,14877.3,240.4,2989.5,100,1.303,128.06,1.313,41.3,1.57,
2026-09-20 01:30:00,OIL-SYN-ACTIVE-01,1738.9,1678.0,Tipam,ROTARY_DRILLING,21.04,26.91,78.2,15.58,14536.9,252.6,3069.0,98.5,1.325,127.29,1.358,43.8,1.74,
2026-09-20 02:00:00,OIL-SYN-ACTIVE-01,1747.4,1686.2,Tipam,ROTARY_DRILLING,11.23,21.15,86.1,14.66,15070.8,251.8,3016.7,98.3,1.321,126.34,1.353,48.3,2.87,
2026-09-20 02:30:00,OIL-SYN-ACTIVE-01,1755.9,1694.4,Tipam,ROTARY_DRILLING,18.14,22.08,76.5,14.07,14783.5,249.3,3067.8,99.3,1.328,128.13,1.354,35.2,3.1,
2026-09-20 03:00:00,OIL-SYN-ACTIVE-01,1764.4,1702.6,Tipam,ROTARY_DRILLING,12.29,22.92,92.8,15.25,14931.3,254.0,3110.3,98.4,1.336,127.66,1.378,40.9,2.02,
2026-09-20 03:30:00,OIL-SYN-ACTIVE-01,1772.9,1710.8,Tipam,ROTARY_DRILLING,12.99,21.41,83.3,16.16,15099.8,238.1,2916.8,100,1.339,127.53,1.363,37.7,1.47,
2026-09-20 04:00:00,OIL-SYN-ACTIVE-01,1781.4,1719.0,Tipam,ROTARY_DRILLING,19.82,27.72,86.4,14.71,15570.5,249.0,3086.4,97.3,1.329,128.9,1.342,37.7,0.68,
2026-09-20 04:30:00,OIL-SYN-ACTIVE-01,1789.9,1727.2,Tipam,ROTARY_DRILLING,15.81,22.6,86.0,14.16,13968.3,245.3,3014.6,98.4,1.302,126.95,1.316,47.6,1.43,
2026-09-20 05:00:00,OIL-SYN-ACTIVE-01,1798.4,1735.4,Tipam,ROTARY_DRILLING,10.89,26.54,74.2,15.84,14967.4,246.0,3084.6,99.1,1.336,127.88,1.353,48.0,2.11,
2026-09-20 05:30:00,OIL-SYN-ACTIVE-01,1806.8,1743.6,Tipam,ROTARY_DRILLING,15.04,22.62,78.9,14.17,16183.8,252.1,3024.2,99.3,1.325,128.22,1.358,46.7,0.83,
2026-09-20 06:00:00,OIL-SYN-ACTIVE-01,1815.3,1751.8,Tipam,ROTARY_DRILLING,11.48,22.34,65.6,15.78,14781.4,249.4,3113.2,99.8,1.33,127.74,1.346,32.8,0.32,
2026-09-20 06:30:00,OIL-SYN-ACTIVE-01,1823.8,1760.0,Tipam,ROTARY_DRILLING,17.82,26.06,79.8,16.08,14989.2,254.9,3034.2,98.6,1.315,126.53,1.345,51.2,2.79,
2026-09-20 07:00:00,OIL-SYN-ACTIVE-01,1832.3,1768.2,Tipam,ROTARY_DRILLING,17.54,20.35,79.6,13.54,15320.4,247.9,3119.3,98.9,1.323,128.32,1.349,47.8,2.02,
2026-09-20 07:30:00,OIL-SYN-ACTIVE-01,1840.8,1776.4,Tipam,ROTARY_DRILLING,11.24,26.88,86.6,14.97,15799.9,250.2,3073.6,98.1,1.336,126.78,1.375,50.6,1.12,
2026-09-20 08:00:00,OIL-SYN-ACTIVE-01,1849.3,1784.6,Tipam,ROTARY_DRILLING,15.99,27.99,79.1,17.81,15702.2,267.2,3018.2,98.3,1.331,127.97,1.35,36.6,1.84,
2026-09-20 08:30:00,OIL-SYN-ACTIVE-01,1857.8,1792.8,Tipam,ROTARY_DRILLING,15.57,28.11,94.0,17.71,15586.8,263.3,3200.5,99.2,1.333,128.12,1.347,42.8,1.04,
2026-09-20 09:00:00,OIL-SYN-ACTIVE-01,1866.3,1801.0,Tipam,ROTARY_DRILLING,16.3,22.19,76.4,16.46,15501.7,259.0,3153.2,98.8,1.339,126.6,1.383,34.6,0.86,
2026-09-20 09:30:00,OIL-SYN-ACTIVE-01,1874.8,1809.2,Tipam,ROTARY_DRILLING,15.97,23.6,79.2,16.01,15794.9,261.8,3022.3,99.0,1.333,127.62,1.344,45.8,2.62,
2026-09-20 10:00:00,OIL-SYN-ACTIVE-01,1883.3,1817.4,Tipam,ROTARY_DRILLING,14.92,21.6,75.5,16.0,15375.4,257.3,3125.8,99.5,1.356,128.18,1.372,45.9,1.79,
2026-09-20 10:30:00,OIL-SYN-ACTIVE-01,1891.8,1825.6,Tipam,ROTARY_DRILLING,20.34,19.52,74.2,15.58,14955.9,253.4,3026.8,98.3,1.332,127.75,1.361,36.3,0.9,
2026-09-20 11:00:00,OIL-SYN-ACTIVE-01,1900.3,1833.8,Tipam,ROTARY_DRILLING,14.47,22.38,87.0,16.6,15164.1,255.9,3006.6,99.0,1.326,127.23,1.357,50.1,1.84,
2026-09-20 11:30:00,OIL-SYN-ACTIVE-01,1908.8,1842.0,Tipam,ROTARY_DRILLING,11.65,22.62,72.4,17.65,15363.3,265.1,3053.5,100,1.331,127.1,1.354,53.3,2.02,
2026-09-20 12:00:00,OIL-SYN-ACTIVE-01,1917.3,1850.2,Tipam,ROTARY_DRILLING,15.09,24.5,80.4,18.1,15430.8,240.3,3066.9,98.4,1.36,127.21,1.396,43.0,1.96,
2026-09-20 12:30:00,OIL-SYN-ACTIVE-01,1925.8,1858.4,Tipam,ROTARY_DRILLING,15.18,21.82,68.2,16.53,14943.1,251.9,3086.5,98.5,1.335,127.14,1.378,44.3,1.58,
2026-09-20 13:00:00,OIL-SYN-ACTIVE-01,1934.2,1866.5,Tipam,ROTARY_DRILLING,11.73,23.12,84.5,15.95,15612.1,257.4,3130.7,99.0,1.337,127.8,1.361,43.0,1.86,
2026-09-20 13:30:00,OIL-SYN-ACTIVE-01,1942.7,1874.7,Tipam,ROTARY_DRILLING,15.64,24.55,78.5,14.13,16282.9,268.4,3164.4,99.7,1.326,127.6,1.35,45.6,2.03,
2026-09-20 14:00:00,OIL-SYN-ACTIVE-01,1951.2,1882.9,Tipam,ROTARY_DRILLING,12.6,25.36,76.9,17.26,15705.0,255.7,3073.6,100,1.342,128.85,1.359,48.6,1.5,
2026-09-20 14:30:00,OIL-SYN-ACTIVE-01,1959.7,1891.1,Tipam,ROTARY_DRILLING,15.68,22.09,83.6,16.21,15124.4,265.3,3017.8,98.1,1.364,128.12,1.383,38.4,1.89,
2026-09-20 15:00:00,OIL-SYN-ACTIVE-01,1968.2,1899.3,Tipam,ROTARY_DRILLING,14.23,24.83,88.1,16.85,15652.7,255.0,3131.5,97.8,1.352,127.2,1.369,44.5,1.0,
2026-09-20 15:30:00,OIL-SYN-ACTIVE-01,1976.7,1907.5,Tipam,ROTARY_DRILLING,16.09,22.12,63.2,17.88,15430.8,246.1,3012.9,99.1,1.328,129.02,1.339,43.7,1.55,
2026-09-20 16:00:00,OIL-SYN-ACTIVE-01,1985.2,1915.7,Tipam,ROTARY_DRILLING,17.76,24.71,85.0,17.64,15681.8,262.6,3146.6,98.7,1.355,128.27,1.375,39.9,1.13,
2026-09-20 16:30:00,OIL-SYN-ACTIVE-01,1993.7,1923.9,Tipam,ROTARY_DRILLING,10.5,22.94,72.1,15.9,15858.2,266.3,3059.7,99.2,1.35,128.29,1.393,43.6,1.57,
2026-09-20 17:00:00,OIL-SYN-ACTIVE-01,2002.2,1932.1,Tipam,ROTARY_DRILLING,15.16,27.43,78.7,17.97,15989.5,263.5,3105.8,100,1.366,128.94,1.387,43.5,3.21,
2026-09-20 17:30:00,OIL-SYN-ACTIVE-01,2010.7,1940.3,Tipam,ROTARY_DRILLING,16.04,23.65,87.3,16.15,15615.6,258.2,3101.0,99.0,1.325,129.16,1.352,45.5,1.37,
2026-09-20 18:00:00,OIL-SYN-ACTIVE-01,2019.2,1948.5,Tipam,ROTARY_DRILLING,16.46,22.22,71.1,17.47,15894.5,267.8,3069.8,99.2,1.316,127.0,1.354,38.5,3.31,
2026-09-20 18:30:00,OIL-SYN-ACTIVE-01,2027.7,1956.7,Tipam,ROTARY_DRILLING,18.32,20.7,73.1,16.58,16061.4,277.7,3192.3,98.3,1.332,128.37,1.375,39.7,2.4,
2026-09-20 19:00:00,OIL-SYN-ACTIVE-01,2036.2,1964.9,Tipam,ROTARY_DRILLING,17.65,24.81,87.1,16.0,15304.1,257.1,3110.5,98.7,1.336,128.78,1.356,44.1,0.95,
2026-09-20 19:30:00,OIL-SYN-ACTIVE-01,2044.7,1973.1,Tipam,ROTARY_DRILLING,15.04,22.02,74.4,16.33,15435.0,282.8,3191.8,98.3,1.347,128.35,1.365,51.7,1.26,
2026-09-20 20:00:00,OIL-SYN-ACTIVE-01,2053.2,1981.3,Girujan,ROTARY_DRILLING,10.51,26.41,70.6,17.31,14911.3,271.5,3054.5,98.6,1.354,128.35,1.389,76.9,1.83,
2026-09-20 20:30:00,OIL-SYN-ACTIVE-01,2061.6,1989.5,Girujan,ROTARY_DRILLING,14.47,24.31,84.7,17.91,16309.8,256.8,3144.5,98.5,1.38,129.06,1.403,75.7,3.66,
2026-09-20 21:00:00,OIL-SYN-ACTIVE-01,2070.1,1997.7,Girujan,ROTARY_DRILLING,19.2,25.26,85.7,15.67,15442.9,256.9,3159.1,99.5,1.381,126.86,1.396,72.2,0.57,
2026-09-20 21:30:00,OIL-SYN-ACTIVE-01,2078.6,2005.9,Girujan,ROTARY_DRILLING,12.9,20.01,75.0,18.23,15591.3,267.5,3171.9,99.4,1.378,128.27,1.391,68.1,2.58,
2026-09-20 22:00:00,OIL-SYN-ACTIVE-01,2087.1,2014.1,Girujan,ROTARY_DRILLING,14.28,26.86,77.2,16.93,15411.2,254.8,3033.7,99.0,1.341,126.93,1.354,70.0,1.81,
2026-09-20 22:30:00,OIL-SYN-ACTIVE-01,2095.6,2022.3,Girujan,ROTARY_DRILLING,12.63,23.67,73.5,17.69,15983.5,268.6,3192.8,98.4,1.361,127.97,1.391,78.7,1.23,
2026-09-20 23:00:00,OIL-SYN-ACTIVE-01,2104.1,2030.5,Girujan,ROTARY_DRILLING,11.7,26.5,76.7,17.85,15616.3,262.4,3121.1,99.6,1.336,127.89,1.363,65.2,2.38,
2026-09-20 23:30:00,OIL-SYN-ACTIVE-01,2112.6,2038.7,Girujan,ROTARY_DRILLING,12.5,25.29,77.7,19.07,15963.8,261.1,3174.0,98.7,1.35,127.89,1.382,56.3,1.28,
2026-09-21 00:00:00,OIL-SYN-ACTIVE-01,2121.1,2046.9,Girujan,ROTARY_DRILLING,11.58,28.72,78.5,14.88,15756.9,252.9,2993.4,98.9,1.341,127.06,1.378,73.2,0.88,
2026-09-21 00:30:00,OIL-SYN-ACTIVE-01,2129.6,2055.1,Girujan,ROTARY_DRILLING,14.34,23.89,92.9,18.87,17060.8,280.4,3088.5,99.3,1.381,127.58,1.404,78.7,2.19,
2026-09-21 01:00:00,OIL-SYN-ACTIVE-01,2138.1,2063.2,Girujan,ROTARY_DRILLING,10.96,24.66,75.6,19.8,17036.7,258.2,3191.7,98.1,1.354,128.13,1.389,78.3,1.3,
2026-09-21 01:30:00,OIL-SYN-ACTIVE-01,2146.6,2071.4,Girujan,ROTARY_DRILLING,17.42,22.8,61.1,17.85,15401.0,271.3,3103.7,97.9,1.368,127.58,1.397,67.4,0,
2026-09-21 02:00:00,OIL-SYN-ACTIVE-01,2155.1,2079.6,Girujan,ROTARY_DRILLING,11.97,25.19,74.3,17.63,15305.2,256.2,3097.3,98.3,1.349,128.66,1.363,74.3,1.02,
2026-09-21 02:30:00,OIL-SYN-ACTIVE-01,2163.6,2087.8,Girujan,ROTARY_DRILLING,13.9,24.77,74.6,17.32,15899.5,261.7,3245.1,98.4,1.369,127.71,1.392,66.1,1.37,
2026-09-21 03:00:00,OIL-SYN-ACTIVE-01,2172.1,2096.0,Girujan,ROTARY_DRILLING,18.32,26.14,85.8,16.91,16377.2,263.1,3036.8,99.5,1.346,128.47,1.366,68.4,2.22,
2026-09-21 03:30:00,OIL-SYN-ACTIVE-01,2180.5,2104.2,Girujan,ROTARY_DRILLING,14.5,26.19,75.9,16.83,16909.3,262.4,3224.2,99.8,1.352,128.16,1.385,77.7,1.87,
2026-09-21 04:00:00,OIL-SYN-ACTIVE-01,2189.0,2112.4,Girujan,ROTARY_DRILLING,16.89,24.3,71.8,17.7,15957.5,264.3,3246.5,99.5,1.345,128.7,1.369,73.2,1.67,
2026-09-21 04:30:00,OIL-SYN-ACTIVE-01,2197.5,2120.6,Girujan,ROTARY_DRILLING,13.47,29.4,95.4,17.87,16342.0,266.6,3159.5,98.6,1.375,128.42,1.388,74.6,1.52,
2026-09-21 05:00:00,OIL-SYN-ACTIVE-01,2206.0,2128.8,Girujan,ROTARY_DRILLING,18.12,21.07,63.8,17.37,15467.7,269.6,3230.1,99.3,1.374,126.08,1.401,62.9,0.88,
2026-09-21 05:30:00,OIL-SYN-ACTIVE-01,2214.5,2137.0,Girujan,ROTARY_DRILLING,14.94,22.86,71.8,19.01,15756.0,254.2,3241.4,98.9,1.382,128.97,1.416,65.4,0.92,
2026-09-21 06:00:00,OIL-SYN-ACTIVE-01,2223.0,2145.2,Girujan,ROTARY_DRILLING,12.79,26.48,76.1,18.82,16094.4,259.1,3137.2,100,1.348,127.84,1.386,75.6,2.01,
2026-09-21 06:30:00,OIL-SYN-ACTIVE-01,2231.5,2153.4,Girujan,ROTARY_DRILLING,8.71,24.53,76.8,17.65,16114.9,285.0,3208.5,98.5,1.379,129.25,1.407,66.9,1.16,
2026-09-21 07:00:00,OIL-SYN-ACTIVE-01,2240.0,2161.6,Girujan,ROTARY_DRILLING,15.72,24.62,80.9,17.72,16230.2,270.9,3254.4,99.6,1.38,127.93,1.405,69.4,2.16,
2026-09-21 07:30:00,OIL-SYN-ACTIVE-01,2248.5,2169.8,Girujan,ROTARY_DRILLING,13.56,24.75,76.4,16.48,16195.5,264.0,3163.4,98.1,1.368,126.67,1.413,70.0,1.77,
2026-09-21 08:00:00,OIL-SYN-ACTIVE-01,2257.0,2178.0,Girujan,ROTARY_DRILLING,13.83,27.22,74.0,19.54,16145.8,276.0,3287.4,100,1.389,127.8,1.426,73.3,2.28,
2026-09-21 08:30:00,OIL-SYN-ACTIVE-01,2265.5,2186.2,Girujan,ROTARY_DRILLING,10.39,26.71,69.1,15.97,16652.7,268.9,3199.7,99.6,1.348,127.69,1.387,72.5,2.16,
2026-09-21 09:00:00,OIL-SYN-ACTIVE-01,2274.0,2194.4,Girujan,ROTARY_DRILLING,14.25,20.45,76.9,17.17,15954.0,277.7,3174.8,98.4,1.386,126.96,1.401,71.5,1.95,
2026-09-21 09:30:00,OIL-SYN-ACTIVE-01,2282.5,2202.6,Girujan,ROTARY_DRILLING,12.16,22.5,77.3,16.98,16102.6,275.9,3159.7,98.6,1.385,124.95,1.423,68.6,1.02,
2026-09-21 10:00:00,OIL-SYN-ACTIVE-01,2291.0,2210.8,Girujan,ROTARY_DRILLING,12.99,22.93,68.1,17.39,15635.9,262.1,3231.7,97.6,1.362,127.76,1.402,76.7,1.27,
2026-09-21 10:30:00,OIL-SYN-ACTIVE-01,2299.5,2219.0,Girujan,ROTARY_DRILLING,9.38,29.28,75.8,17.85,16516.4,261.2,3272.1,98.6,1.38,127.97,1.393,62.5,2.61,
2026-09-21 11:00:00,OIL-SYN-ACTIVE-01,2307.9,2227.2,Girujan,ROTARY_DRILLING,17.52,22.72,76.5,18.12,16364.7,278.3,3235.8,99.7,1.37,127.28,1.389,77.1,2.18,
2026-09-21 11:30:00,OIL-SYN-ACTIVE-01,2316.4,2235.4,Girujan,ROTARY_DRILLING,14.52,26.14,74.8,15.95,16205.6,281.8,3150.0,98.1,1.358,127.0,1.39,73.8,2.32,
2026-09-21 12:00:00,OIL-SYN-ACTIVE-01,2324.9,2243.6,Girujan,ROTARY_DRILLING,14.2,29.43,72.2,15.23,15848.6,275.8,3287.3,98.5,1.371,127.93,1.405,69.8,1.33,
2026-09-21 12:30:00,OIL-SYN-ACTIVE-01,2333.4,2251.8,Girujan,ROTARY_DRILLING,13.18,25.15,82.6,19.08,15799.7,277.4,3249.9,99.2,1.353,127.38,1.388,73.8,2.6,
2026-09-21 13:00:00,OIL-SYN-ACTIVE-01,2341.9,2260.0,Girujan,ROTARY_DRILLING,17.82,24.49,74.2,16.99,16633.9,266.5,3114.2,98.5,1.408,127.87,1.42,67.9,2.0,
2026-09-21 13:30:00,OIL-SYN-ACTIVE-01,2350.4,2268.1,Girujan,ROTARY_DRILLING,10.24,25.53,79.1,18.73,16415.5,278.6,3230.2,99.5,1.386,126.39,1.424,72.3,1.35,
2026-09-21 14:00:00,OIL-SYN-ACTIVE-01,2358.9,2276.3,Girujan,ROTARY_DRILLING,17.25,23.47,76.2,18.53,16394.2,273.4,3018.2,99.3,1.389,127.98,1.431,67.4,2.32,
2026-09-21 14:30:00,OIL-SYN-ACTIVE-01,2367.4,2284.5,Girujan,ROTARY_DRILLING,13.68,24.67,82.0,16.65,16488.7,255.4,3173.8,100,1.381,128.09,1.42,68.6,1.58,
2026-09-21 15:00:00,OIL-SYN-ACTIVE-01,2375.9,2292.7,Girujan,ROTARY_DRILLING,14.37,24.92,71.5,18.22,17200.5,270.3,3241.3,98.4,1.408,127.1,1.453,74.6,2.78,
2026-09-21 15:30:00,OIL-SYN-ACTIVE-01,2384.4,2300.9,Girujan,ROTARY_DRILLING,14.37,23.45,80.6,18.06,17317.3,280.7,3278.0,99.7,1.366,127.06,1.405,73.4,1.46,
2026-09-21 16:00:00,OIL-SYN-ACTIVE-01,2392.9,2309.1,Girujan,ROTARY_DRILLING,15.4,27.38,57.1,17.48,16171.7,273.6,3180.4,98.2,1.387,125.56,1.413,69.5,2.45,
2026-09-21 16:30:00,OIL-SYN-ACTIVE-01,2401.4,2317.3,Girujan,ROTARY_DRILLING,11.0,26.57,78.8,17.04,16561.2,270.5,3236.1,99.2,1.373,127.91,1.411,69.5,2.15,
2026-09-21 17:00:00,OIL-SYN-ACTIVE-01,2409.9,2325.5,Girujan,ROTARY_DRILLING,13.82,25.94,72.5,17.81,16393.0,276.7,3318.9,98.8,1.413,127.5,1.443,77.4,2.31,
2026-09-21 17:30:00,OIL-SYN-ACTIVE-01,2418.4,2333.7,Girujan,ROTARY_DRILLING,18.96,23.44,72.3,19.32,15753.7,266.7,3114.4,98.6,1.394,128.11,1.434,68.8,1.82,
2026-09-21 18:00:00,OIL-SYN-ACTIVE-01,2426.8,2341.9,Girujan,ROTARY_DRILLING,9.25,27.55,72.7,18.33,16005.4,270.9,3147.4,97.5,1.375,126.22,1.407,63.1,1.53,
2026-09-21 18:30:00,OIL-SYN-ACTIVE-01,2435.3,2350.1,Girujan,ROTARY_DRILLING,14.72,23.64,78.5,19.88,16583.6,262.2,3190.8,97.8,1.388,127.31,1.418,79.3,2.45,
2026-09-21 19:00:00,OIL-SYN-ACTIVE-01,2443.8,2358.3,Girujan,ROTARY_DRILLING,15.7,22.98,83.0,18.96,16577.7,274.8,3413.0,98.9,1.396,129.24,1.435,76.4,3.65,
2026-09-21 19:30:00,OIL-SYN-ACTIVE-01,2452.3,2366.5,Girujan,ROTARY_DRILLING,14.06,25.47,65.9,16.61,16542.4,279.4,3269.7,99.2,1.402,129.43,1.446,70.2,2.19,
2026-09-21 20:00:00,OIL-SYN-ACTIVE-01,2460.8,2374.7,Girujan,ROTARY_DRILLING,11.96,24.32,87.1,18.47,16339.6,291.2,3153.9,99.3,1.409,127.93,1.441,76.8,1.23,
2026-09-21 20:30:00,OIL-SYN-ACTIVE-01,2469.3,2382.9,Girujan,ROTARY_DRILLING,15.24,26.53,67.3,18.07,16173.9,290.4,3285.1,99.5,1.397,126.71,1.428,63.9,2.72,
2026-09-21 21:00:00,OIL-SYN-ACTIVE-01,2477.8,2391.1,Girujan,ROTARY_DRILLING,15.35,31.15,74.9,18.47,15586.6,287.8,3205.9,99.0,1.39,128.59,1.407,73.2,1.04,
2026-09-21 21:30:00,OIL-SYN-ACTIVE-01,2486.3,2399.3,Girujan,ROTARY_DRILLING,15.3,21.88,78.1,16.0,16708.2,282.7,3280.8,99.1,1.391,130.46,1.418,79.0,1.12,
2026-09-21 22:00:00,OIL-SYN-ACTIVE-01,2494.8,2407.5,Girujan,ROTARY_DRILLING,11.26,26.77,74.7,19.07,16733.0,278.9,3215.2,98.4,1.415,127.76,1.439,73.9,0.59,
2026-09-21 22:30:00,OIL-SYN-ACTIVE-01,2503.3,2415.7,Girujan,ROTARY_DRILLING,18.63,19.48,55.0,18.37,16859.9,287.7,3334.7,98.8,1.396,127.69,1.418,77.4,1.48,
2026-09-21 23:00:00,OIL-SYN-ACTIVE-01,2511.8,2423.9,Girujan,ROTARY_DRILLING,9.86,25.46,58.4,20.92,16641.0,284.0,3130.7,98.6,1.402,129.72,1.433,70.3,0.6,
2026-09-21 23:30:00,OIL-SYN-ACTIVE-01,2520.3,2432.1,Girujan,ROTARY_DRILLING,15.16,22.76,80.8,18.02,16647.0,285.5,3199.9,99.1,1.384,127.83,1.411,71.1,2.52,
2026-09-22 00:00:00,OIL-SYN-ACTIVE-01,2528.8,2440.3,Girujan,ROTARY_DRILLING,13.24,26.37,67.6,19.25,16144.8,277.3,3258.8,97.8,1.382,128.36,1.414,67.3,1.52,
2026-09-22 00:30:00,OIL-SYN-ACTIVE-01,2537.3,2448.5,Girujan,ROTARY_DRILLING,16.25,25.47,83.2,16.75,16012.1,278.9,3388.4,98.7,1.376,129.56,1.399,67.8,3.23,
2026-09-22 01:00:00,OIL-SYN-ACTIVE-01,2545.8,2456.7,Girujan,ROTARY_DRILLING,14.86,23.41,75.6,16.08,16702.8,276.3,3321.6,99.3,1.414,126.03,1.43,66.0,2.54,
2026-09-22 01:30:00,OIL-SYN-ACTIVE-01,2554.2,2464.8,Lakwa,ROTARY_DRILLING,9.56,28.06,71.1,17.12,17481.3,280.7,3203.4,98.7,1.414,128.74,1.43,48.0,4.45,
2026-09-22 02:00:00,OIL-SYN-ACTIVE-01,2562.7,2473.0,Lakwa,ROTARY_DRILLING,15.74,28.31,75.5,19.82,16743.8,297.2,3217.7,99.8,1.418,129.86,1.428,57.1,3.9,
2026-09-22 02:30:00,OIL-SYN-ACTIVE-01,2571.2,2481.2,Lakwa,ROTARY_DRILLING,12.0,26.96,73.4,19.74,16691.5,282.3,3258.9,98.2,1.431,128.35,1.468,38.6,4.02,
2026-09-22 03:00:00,OIL-SYN-ACTIVE-01,2579.7,2489.4,Lakwa,ROTARY_DRILLING,15.54,25.66,79.1,17.99,16216.8,283.0,3216.6,99.3,1.402,127.23,1.419,49.2,4.54,
2026-09-22 03:30:00,OIL-SYN-ACTIVE-01,2588.2,2497.6,Lakwa,ROTARY_DRILLING,14.28,22.61,78.0,19.84,16506.5,291.8,3258.7,100,1.409,129.36,1.436,45.7,4.29,
2026-09-22 04:00:00,OIL-SYN-ACTIVE-01,2596.7,2505.8,Lakwa,ROTARY_DRILLING,17.08,25.95,74.7,19.32,16786.0,296.0,3304.6,99.0,1.413,129.44,1.453,52.6,5.45,
2026-09-22 04:30:00,OIL-SYN-ACTIVE-01,2605.2,2514.0,Lakwa,ROTARY_DRILLING,11.46,25.6,56.9,19.52,16262.1,275.9,3257.5,99.1,1.375,127.54,1.401,43.7,2.66,
2026-09-22 05:00:00,OIL-SYN-ACTIVE-01,2613.7,2522.2,Lakwa,ROTARY_DRILLING,15.21,23.18,73.7,18.92,16138.8,280.2,3302.5,97.8,1.397,127.76,1.442,48.4,3.0,
2026-09-22 05:30:00,OIL-SYN-ACTIVE-01,2622.2,2530.4,Lakwa,ROTARY_DRILLING,17.34,26.31,74.4,18.88,16478.7,279.0,3222.6,97.8,1.386,127.28,1.425,41.5,5.17,
2026-09-22 06:00:00,OIL-SYN-ACTIVE-01,2630.7,2538.6,Lakwa,ROTARY_DRILLING,15.49,24.03,67.9,20.03,17413.5,270.6,3243.5,99.8,1.418,127.25,1.448,42.1,2.9,
2026-09-22 06:30:00,OIL-SYN-ACTIVE-01,2639.2,2546.8,Lakwa,ROTARY_DRILLING,16.84,23.76,65.4,20.81,16173.9,273.6,3243.3,99.2,1.414,126.92,1.451,40.8,5.05,
2026-09-22 07:00:00,OIL-SYN-ACTIVE-01,2647.7,2555.0,Lakwa,ROTARY_DRILLING,14.49,24.82,78.4,18.48,17000.9,277.4,3192.1,98.0,1.437,129.65,1.46,34.2,4.46,
2026-09-22 07:30:00,OIL-SYN-ACTIVE-01,2656.2,2563.2,Lakwa,ROTARY_DRILLING,6.54,22.84,75.7,20.02,16808.3,276.9,3115.7,98.3,1.384,127.65,1.394,41.7,3.31,
2026-09-22 08:00:00,OIL-SYN-ACTIVE-01,2664.7,2571.4,Lakwa,ROTARY_DRILLING,15.1,24.54,74.4,17.22,17369.9,278.2,3337.2,100,1.401,128.11,1.416,49.5,5.27,
2026-09-22 08:30:00,OIL-SYN-ACTIVE-01,2673.2,2579.6,Lakwa,ROTARY_DRILLING,15.67,24.92,77.7,18.59,16658.9,287.1,3222.0,97.9,1.405,127.79,1.417,44.9,4.49,
2026-09-22 09:00:00,OIL-SYN-ACTIVE-01,2681.6,2587.8,Lakwa,ROTARY_DRILLING,12.72,27.15,72.7,19.27,16565.8,292.2,3435.2,99.1,1.428,127.45,1.456,47.5,3.66,
2026-09-22 09:30:00,OIL-SYN-ACTIVE-01,2690.1,2596.0,Lakwa,ROTARY_DRILLING,18.06,29.41,86.8,19.52,16288.1,278.2,3292.2,99.2,1.4,128.12,1.42,43.9,3.33,
2026-09-22 10:00:00,OIL-SYN-ACTIVE-01,2698.6,2604.2,Lakwa,ROTARY_DRILLING,12.31,27.08,82.1,19.2,17089.6,289.5,3120.1,98.3,1.424,127.93,1.467,40.0,5.9,
2026-09-22 10:30:00,OIL-SYN-ACTIVE-01,2707.1,2612.4,Lakwa,ROTARY_DRILLING,10.36,25.46,76.5,21.46,16849.2,282.6,3373.9,98.2,1.418,126.6,1.433,48.8,3.98,
2026-09-22 11:00:00,OIL-SYN-ACTIVE-01,2715.6,2620.6,Lakwa,ROTARY_DRILLING,11.23,25.41,67.6,21.8,16831.5,286.3,3309.2,100,1.418,129.0,1.452,46.2,3.07,
2026-09-22 11:30:00,OIL-SYN-ACTIVE-01,2724.1,2628.8,Lakwa,ROTARY_DRILLING,12.84,23.05,79.7,19.38,17508.5,285.4,3356.5,98.6,1.412,125.78,1.423,46.6,5.13,
2026-09-22 12:00:00,OIL-SYN-ACTIVE-01,2732.6,2637.0,Lakwa,ROTARY_DRILLING,15.81,26.96,65.4,19.7,17250.1,289.8,3339.8,99.6,1.429,129.36,1.465,45.7,4.07,
2026-09-22 12:30:00,OIL-SYN-ACTIVE-01,2741.1,2645.2,Lakwa,ROTARY_DRILLING,15.84,28.0,69.9,20.51,16746.3,290.5,3303.2,97.6,1.44,128.49,1.46,53.1,4.76,
2026-09-22 13:00:00,OIL-SYN-ACTIVE-01,2749.6,2653.4,Lakwa,ROTARY_DRILLING,13.21,26.07,74.4,18.28,16874.3,282.4,3293.1,100,1.412,126.49,1.439,53.0,2.83,
2026-09-22 13:30:00,OIL-SYN-ACTIVE-01,2758.1,2661.5,Lakwa,ROTARY_DRILLING,13.7,21.3,67.8,21.13,16820.8,275.1,3334.8,97.0,1.421,129.21,1.446,44.7,5.14,
2026-09-22 14:00:00,OIL-SYN-ACTIVE-01,2766.6,2669.7,Lakwa,ROTARY_DRILLING,16.56,24.22,61.8,17.66,16453.8,292.1,3195.4,98.5,1.421,128.72,1.466,46.4,3.09,
2026-09-22 14:30:00,OIL-SYN-ACTIVE-01,2775.1,2677.9,Lakwa,ROTARY_DRILLING,13.61,26.45,67.5,19.43,16643.4,281.9,3383.2,98.6,1.432,128.54,1.474,50.3,3.84,
2026-09-22 15:00:00,OIL-SYN-ACTIVE-01,2783.6,2686.1,Lakwa,ROTARY_DRILLING,10.98,23.5,83.3,18.62,17176.1,283.2,3256.0,98.4,1.424,126.31,1.454,48.7,3.79,
2026-09-22 15:30:00,OIL-SYN-ACTIVE-01,2792.1,2694.3,Lakwa,ROTARY_DRILLING,12.31,23.7,67.5,21.55,17333.6,284.6,3388.1,98.9,1.424,128.29,1.45,41.9,5.98,
2026-09-22 16:00:00,OIL-SYN-ACTIVE-01,2800.5,2702.5,Lakwa,ROTARY_DRILLING,11.77,25.07,71.4,20.78,16645.4,293.8,3395.5,99.8,1.431,129.04,1.468,45.5,4.44,
2026-09-22 16:30:00,OIL-SYN-ACTIVE-01,2809.0,2710.7,Lakwa,ROTARY_DRILLING,13.69,22.51,71.3,20.5,16690.3,295.4,3327.5,99.6,1.43,127.79,1.442,48.5,3.34,
2026-09-22 17:00:00,OIL-SYN-ACTIVE-01,2817.5,2718.9,Lakwa,ROTARY_DRILLING,14.92,25.04,71.7,19.03,16888.8,292.3,3418.9,100.0,1.424,128.59,1.466,46.5,5.19,
2026-09-22 17:30:00,OIL-SYN-ACTIVE-01,2826.0,2727.1,Lakwa,ROTARY_DRILLING,14.19,23.41,73.3,20.82,16517.5,294.5,3353.0,98.8,1.441,127.52,1.461,47.4,3.87,
2026-09-22 18:00:00,OIL-SYN-ACTIVE-01,2834.5,2735.3,Lakwa,ROTARY_DRILLING,11.81,25.35,75.7,20.96,16498.5,293.6,3385.2,99.8,1.455,128.23,1.487,45.7,3.4,
2026-09-22 18:30:00,OIL-SYN-ACTIVE-01,2843.0,2743.5,Lakwa,ROTARY_DRILLING,12.98,23.27,69.1,19.85,16845.1,285.1,3374.8,98.5,1.468,126.65,1.5,42.0,2.21,
2026-09-22 19:00:00,OIL-SYN-ACTIVE-01,2851.5,2751.7,Lakwa,ROTARY_DRILLING,10.22,27.71,63.4,19.61,17133.4,300.9,3417.0,100,1.42,125.63,1.446,45.3,4.77,
2026-09-22 19:30:00,OIL-SYN-ACTIVE-01,2860,2759.9,Lakwa,ROTARY_DRILLING,16.47,26.14,64.3,19.19,18311.3,294.6,3354.2,98.0,1.44,127.21,1.465,46.4,4.37,
